25769803776,30064771072,AST
25769803776,30064771073,AST
25769803776,30064771074,AST
25769803776,30064771075,AST
25769803776,30064771076,AST
25769803776,30064771077,AST
25769803776,30064771078,AST
25769803776,30064771079,AST
25769803776,30064771080,AST
25769803776,30064771081,AST
25769803776,30064771082,AST
25769803776,30064771084,AST
25769803776,30064771086,AST
25769803776,30064771088,AST
25769803776,30064771090,AST
25769803776,30064771092,AST
25769803776,30064771094,AST
25769803776,30064771096,AST
25769803776,47244640256,AST
25769803776,30064771115,AST
25769803776,30064771116,AST
25769803776,30064771117,AST
25769803776,30064771118,AST
25769803776,30064771143,AST
25769803776,30064771156,AST
25769803776,30064771239,AST
25769803776,30064771251,AST
25769803776,30064771261,AST
25769803776,30064771272,AST
25769803776,30064771283,AST
25769803776,30064771293,AST
25769803776,30064771297,AST
25769803776,30064771301,AST
25769803776,30064771305,AST
25769803776,30064771378,AST
25769803776,30064771420,AST
25769803776,30064771467,AST
25769803776,30064771597,AST
25769803776,30064771657,AST
25769803776,30064771733,AST
25769803776,30064771793,AST
25769803776,30064771822,AST
25769803776,30064771909,AST
25769803776,30064771960,AST
25769803776,30064771980,AST
25769803776,30064772000,AST
25769803776,30064772021,AST
25769803776,47244640371,AST
25769803776,94489280530,AST
25769803776,94489280531,AST
25769803776,94489280532,AST
25769803776,94489280533,AST
25769803776,94489280534,AST
25769803776,94489280535,AST
25769803776,94489280536,AST
25769803776,94489280537,AST
25769803776,94489280538,AST
25769803776,94489280539,AST
25769803776,94489280540,AST
25769803776,94489280541,AST
25769803776,94489280542,AST
25769803776,94489280543,AST
25769803776,94489280544,AST
25769803776,94489280545,AST
25769803776,94489280546,AST
25769803776,94489280547,AST
25769803776,94489280548,AST
25769803776,94489280549,AST
25769803776,94489280550,AST
25769803776,94489280551,AST
25769803776,94489280552,AST
25769803776,94489280553,AST
25769803776,94489280554,AST
25769803776,94489280555,AST
25769803776,94489280556,AST
25769803776,94489280557,AST
25769803776,94489280558,AST
25769803776,94489280559,AST
25769803776,94489280560,AST
25769803776,94489280561,AST
25769803776,94489280562,AST
25769803776,94489280563,AST
25769803776,94489280564,AST
25769803776,94489280565,AST
25769803776,94489280566,AST
25769803776,94489280567,AST
25769803776,94489280568,AST
25769803776,94489280569,AST
25769803776,94489280570,AST
25769803776,94489280571,AST
25769803776,94489280572,AST
25769803776,94489280573,AST
25769803776,94489280574,AST
25769803776,94489280575,AST
25769803776,94489280576,AST
25769803776,94489280577,AST
25769803776,94489280578,AST
25769803776,94489280583,AST
25769803776,94489280591,AST
25769803776,94489280677,AST
25769803776,94489280691,AST
25769803776,94489280733,AST
25769803776,94489280746,AST
25769803777,30064771098,AST
25769803777,30064771100,AST
25769803778,30064771102,AST
25769803778,30064771108,AST
25769803778,30064771114,AST
25769803779,90194313239,AST
25769803779,47244640261,AST
25769803779,141733920770,AST
25769803779,94489280579,AST
25769803779,94489280580,AST
25769803779,94489280581,AST
25769803779,94489280582,AST
25769803779,94489280584,AST
25769803779,94489280585,AST
25769803779,94489280586,AST
25769803779,94489280587,AST
25769803779,94489280588,AST
25769803779,94489280589,AST
25769803779,94489280590,AST
25769803780,30064771120,AST
25769803780,30064771122,AST
25769803781,30064771124,AST
25769803781,30064771126,AST
25769803782,30064771139,AST
25769803782,141733920768,AST
25769803783,30064771140,AST
25769803784,30064771132,AST
25769803784,30064771134,AST
25769803784,30064771136,AST
25769803784,30064771138,AST
25769803784,47244640257,AST
25769803785,141733920769,AST
25769803786,25769803784,AST
25769803787,25769803785,AST
25769803788,47244640259,AST
25769803789,90194313242,AST
25769803789,25769803792,AST
25769803789,94489280592,AST
25769803789,94489280593,AST
25769803789,94489280594,AST
25769803789,94489280595,AST
25769803789,94489280596,AST
25769803789,94489280597,AST
25769803789,94489280598,AST
25769803789,94489280599,AST
25769803790,30064771154,AST
25769803790,30064771145,AST
25769803791,30064771155,AST
25769803792,30064771147,AST
25769803792,30064771149,AST
25769803792,30064771151,AST
25769803792,30064771153,AST
25769803792,47244640262,AST
25769803793,90194313245,AST
25769803793,47244640264,AST
25769803793,30064771188,AST
25769803793,47244640266,AST
25769803793,47244640267,AST
25769803793,94489280600,AST
25769803793,94489280601,AST
25769803793,94489280602,AST
25769803793,94489280603,AST
25769803793,94489280604,AST
25769803793,94489280605,AST
25769803793,94489280606,AST
25769803793,94489280607,AST
25769803793,94489280608,AST
25769803793,94489280609,AST
25769803793,94489280610,AST
25769803793,94489280611,AST
25769803793,94489280612,AST
25769803793,94489280613,AST
25769803793,94489280614,AST
25769803793,94489280615,AST
25769803793,94489280616,AST
25769803793,94489280617,AST
25769803793,94489280828,AST
25769803793,94489280829,AST
25769803794,30064771158,AST
25769803794,30064771160,AST
25769803795,30064771163,AST
25769803795,30064771165,AST
25769803795,30064771167,AST
25769803795,30064771169,AST
25769803795,30064771172,AST
25769803795,68719476837,AST
25769803796,30064771174,AST
25769803796,30064771176,AST
25769803796,30064771178,AST
25769803796,30064771180,AST
25769803796,30064771183,AST
25769803796,68719476843,AST
25769803797,30064771185,AST
25769803797,30064771186,AST
25769803798,30064771200,AST
25769803798,30064771194,AST
25769803799,30064771197,AST
25769803799,47244640265,AST
25769803800,30064771190,AST
25769803800,25769803799,AST
25769803800,68719476862,AST
25769803800,94489280512,AST
25769803801,30064771205,AST
25769803801,30064771207,AST
25769803802,30064771210,AST
25769803802,30064771212,AST
25769803802,30064771214,AST
25769803802,30064771216,AST
25769803802,30064771219,AST
25769803802,30064771221,AST
25769803802,30064771223,AST
25769803802,30064771225,AST
25769803802,30064771227,AST
25769803802,68719476882,AST
25769803803,30064771208,AST
25769803803,30064771228,AST
25769803803,30064771230,AST
25769803803,30064771231,AST
25769803804,30064771233,AST
25769803804,30064771235,AST
25769803805,30064771238,AST
25769803806,90194313281,AST
25769803806,47244640272,AST
25769803806,94489280618,AST
25769803806,94489280619,AST
25769803806,94489280620,AST
25769803806,94489280621,AST
25769803807,30064771241,AST
25769803807,30064771243,AST
25769803808,30064771246,AST
25769803808,47244640268,AST
25769803809,30064771250,AST
25769803809,47244640270,AST
25769803810,30064771244,AST
25769803810,47244640269,AST
25769803810,47244640271,AST
25769803810,141733920771,AST
25769803811,90194313284,AST
25769803811,47244640274,AST
25769803811,94489280622,AST
25769803811,94489280623,AST
25769803811,94489280624,AST
25769803811,94489280625,AST
25769803811,94489280626,AST
25769803812,30064771253,AST
25769803812,30064771255,AST
25769803813,141733920772,AST
25769803814,30064771256,AST
25769803814,47244640273,AST
25769803814,30064771260,AST
25769803815,90194313287,AST
25769803815,47244640277,AST
25769803815,94489280627,AST
25769803815,94489280628,AST
25769803815,94489280629,AST
25769803815,94489280630,AST
25769803815,94489280631,AST
25769803815,94489280830,AST
25769803816,30064771263,AST
25769803816,30064771265,AST
25769803817,30064771268,AST
25769803817,30064771270,AST
25769803818,30064771271,AST
25769803819,25769803817,AST
25769803819,141733920773,AST
25769803820,25769803818,AST
25769803821,30064771266,AST
25769803821,47244640275,AST
25769803822,90194313290,AST
25769803822,141733920774,AST
25769803822,94489280632,AST
25769803822,94489280633,AST
25769803822,94489280634,AST
25769803823,30064771276,AST
25769803823,30064771278,AST
25769803824,30064771279,AST
25769803824,30064771281,AST
25769803825,141733920775,AST
25769803825,94489280635,AST
25769803825,94489280636,AST
25769803825,94489280637,AST
25769803826,30064771285,AST
25769803826,30064771287,AST
25769803827,30064771290,AST
25769803827,30064771292,AST
25769803828,141733920776,AST
25769803828,94489280638,AST
25769803828,94489280639,AST
25769803829,141733920777,AST
25769803829,94489280640,AST
25769803829,94489280641,AST
25769803830,141733920778,AST
25769803830,94489280642,AST
25769803830,94489280643,AST
25769803831,90194313296,AST
25769803831,30064771306,AST
25769803831,30064771308,AST
25769803831,30064771310,AST
25769803831,30064771312,AST
25769803831,30064771314,AST
25769803831,30064771318,AST
25769803831,30064771320,AST
25769803831,47244640279,AST
25769803831,30064771348,AST
25769803831,30064771354,AST
25769803831,30064771373,AST
25769803831,30064771374,AST
25769803831,30064771377,AST
25769803831,94489280644,AST
25769803831,94489280645,AST
25769803831,94489280646,AST
25769803831,94489280647,AST
25769803831,94489280648,AST
25769803831,94489280649,AST
25769803831,94489280650,AST
25769803831,94489280651,AST
25769803831,94489280652,AST
25769803831,94489280653,AST
25769803831,94489280654,AST
25769803831,94489280655,AST
25769803831,94489280656,AST
25769803831,94489280657,AST
25769803831,94489280658,AST
25769803831,94489280659,AST
25769803831,94489280660,AST
25769803831,94489280661,AST
25769803831,94489280662,AST
25769803831,94489280663,AST
25769803831,94489280664,AST
25769803831,94489280665,AST
25769803831,94489280832,AST
25769803831,94489280833,AST
25769803831,94489280834,AST
25769803831,94489280835,AST
25769803831,94489280836,AST
25769803832,141733920779,AST
25769803832,94489280831,AST
25769803833,30064771332,AST
25769803833,30064771326,AST
25769803834,30064771329,AST
25769803834,47244640278,AST
25769803835,30064771322,AST
25769803835,25769803834,AST
25769803835,68719477004,AST
25769803835,94489280513,AST
25769803836,30064771334,AST
25769803836,141733920780,AST
25769803837,30064771345,AST
25769803837,30064771339,AST
25769803838,30064771342,AST
25769803838,47244640280,AST
25769803839,30064771336,AST
25769803839,25769803838,AST
25769803839,68719477017,AST
25769803839,94489280514,AST
25769803840,30064771351,AST
25769803840,30064771353,AST
25769803841,30064771356,AST
25769803841,30064771358,AST
25769803841,30064771360,AST
25769803841,30064771362,AST
25769803841,30064771365,AST
25769803841,30064771367,AST
25769803841,30064771369,AST
25769803841,30064771371,AST
25769803841,68719477043,AST
25769803842,90194313323,AST
25769803842,30064771379,AST
25769803842,25769803851,AST
25769803842,30064771419,AST
25769803842,141733920782,AST
25769803842,94489280666,AST
25769803842,94489280667,AST
25769803842,94489280668,AST
25769803842,94489280669,AST
25769803842,94489280670,AST
25769803842,94489280671,AST
25769803842,94489280672,AST
25769803842,94489280673,AST
25769803842,94489280674,AST
25769803842,94489280675,AST
25769803842,94489280676,AST
25769803842,94489280678,AST
25769803842,94489280679,AST
25769803842,94489280680,AST
25769803842,94489280681,AST
25769803842,94489280837,AST
25769803842,94489280838,AST
25769803843,47244640282,AST
25769803844,30064771393,AST
25769803844,47244640283,AST
25769803844,30064771387,AST
25769803845,30064771390,AST
25769803845,47244640281,AST
25769803846,30064771385,AST
25769803846,25769803845,AST
25769803846,68719477070,AST
25769803846,94489280515,AST
25769803847,30064771405,AST
25769803847,141733920781,AST
25769803848,30064771401,AST
25769803848,47244640284,AST
25769803849,30064771412,AST
25769803849,30064771414,AST
25769803850,30064771418,AST
25769803850,30064771381,AST
25769803850,30064771383,AST
25769803850,30064771398,AST
25769803850,47244640285,AST
25769803850,30064771409,AST
25769803851,30064771415,AST
25769803851,47244640286,AST
25769803852,90194313340,AST
25769803852,30064771421,AST
25769803852,25769803860,AST
25769803852,30064771466,AST
25769803852,141733920784,AST
25769803852,94489280682,AST
25769803852,94489280683,AST
25769803852,94489280684,AST
25769803852,94489280685,AST
25769803852,94489280686,AST
25769803852,94489280687,AST
25769803852,94489280688,AST
25769803852,94489280689,AST
25769803852,94489280690,AST
25769803852,94489280692,AST
25769803852,94489280693,AST
25769803852,94489280694,AST
25769803852,94489280695,AST
25769803852,94489280696,AST
25769803852,94489280697,AST
25769803852,94489280698,AST
25769803852,94489280699,AST
25769803853,30064771423,AST
25769803853,30064771425,AST
25769803854,30064771446,AST
25769803854,141733920783,AST
25769803855,30064771439,AST
25769803855,47244640287,AST
25769803856,30064771452,AST
25769803856,47244640288,AST
25769803857,30064771449,AST
25769803857,47244640289,AST
25769803858,30064771459,AST
25769803858,30064771461,AST
25769803859,30064771465,AST
25769803859,30064771426,AST
25769803859,30064771428,AST
25769803859,30064771430,AST
25769803859,25769803857,AST
25769803859,30064771456,AST
25769803860,30064771462,AST
25769803860,47244640290,AST
25769803861,90194313359,AST
25769803861,30064771468,AST
25769803861,30064771469,AST
25769803861,30064771470,AST
25769803861,30064771472,AST
25769803861,47244640296,AST
25769803861,94489280700,AST
25769803861,94489280701,AST
25769803861,94489280702,AST
25769803861,94489280703,AST
25769803861,94489280704,AST
25769803861,94489280705,AST
25769803861,94489280706,AST
25769803861,94489280707,AST
25769803861,94489280708,AST
25769803861,94489280709,AST
25769803861,94489280710,AST
25769803861,94489280711,AST
25769803861,94489280712,AST
25769803861,94489280713,AST
25769803861,94489280714,AST
25769803861,94489280715,AST
25769803861,94489280716,AST
25769803861,94489280717,AST
25769803861,94489280718,AST
25769803861,94489280719,AST
25769803861,94489280720,AST
25769803861,94489280721,AST
25769803861,94489280839,AST
25769803861,94489280840,AST
25769803861,94489280841,AST
25769803861,94489280842,AST
25769803861,94489280843,AST
25769803861,94489280844,AST
25769803861,94489280845,AST
25769803861,94489280846,AST
25769803861,94489280847,AST
25769803861,94489280848,AST
25769803861,94489280849,AST
25769803861,94489280850,AST
25769803862,30064771485,AST
25769803862,30064771487,AST
25769803863,30064771488,AST
25769803863,30064771490,AST
25769803864,47244640292,AST
25769803865,30064771494,AST
25769803865,47244640293,AST
25769803865,30064771483,AST
25769803866,30064771491,AST
25769803866,47244640291,AST
25769803867,30064771479,AST
25769803867,25769803866,AST
25769803867,68719477169,AST
25769803867,94489280516,AST
25769803868,30064771500,AST
25769803868,141733920785,AST
25769803869,30064771513,AST
25769803869,30064771507,AST
25769803870,30064771510,AST
25769803870,47244640295,AST
25769803871,30064771504,AST
25769803871,25769803870,AST
25769803871,68719477186,AST
25769803871,94489280517,AST
25769803872,30064771518,AST
25769803872,30064771520,AST
25769803872,30064771522,AST
25769803872,30064771524,AST
25769803872,30064771526,AST
25769803872,68719477198,AST
25769803873,30064771475,AST
25769803873,30064771477,AST
25769803873,30064771498,AST
25769803873,47244640294,AST
25769803873,30064771502,AST
25769803873,30064771516,AST
25769803873,30064771528,AST
25769803873,30064771529,AST
25769803873,30064771533,AST
25769803874,30064771538,AST
25769803874,141733920786,AST
25769803875,47244640299,AST
25769803876,30064771550,AST
25769803876,47244640300,AST
25769803876,30064771544,AST
25769803877,30064771547,AST
25769803877,47244640298,AST
25769803878,30064771542,AST
25769803878,25769803877,AST
25769803878,68719477227,AST
25769803878,94489280518,AST
25769803879,30064771557,AST
25769803879,141733920787,AST
25769803880,30064771571,AST
25769803880,30064771565,AST
25769803881,30064771568,AST
25769803881,47244640302,AST
25769803882,30064771561,AST
25769803882,25769803881,AST
25769803882,68719477246,AST
25769803882,94489280519,AST
25769803883,30064771573,AST
25769803883,141733920788,AST
25769803884,30064771579,AST
25769803884,141733920789,AST
25769803885,47244640306,AST
25769803886,30064771589,AST
25769803886,47244640307,AST
25769803886,30064771583,AST
25769803887,30064771586,AST
25769803887,47244640305,AST
25769803888,30064771581,AST
25769803888,25769803887,AST
25769803888,68719477265,AST
25769803888,94489280520,AST
25769803889,30064771536,AST
25769803889,47244640297,AST
25769803889,30064771540,AST
25769803889,30064771555,AST
25769803889,47244640301,AST
25769803889,30064771559,AST
25769803889,47244640303,AST
25769803889,47244640304,AST
25769803889,30064771593,AST
25769803889,30064771594,AST
25769803890,141733920790,AST
25769803891,30064771596,AST
25769803892,47244640309,AST
25769803893,47244640308,AST
25769803894,90194313396,AST
25769803894,30064771605,AST
25769803894,30064771607,AST
25769803894,30064771624,AST
25769803894,47244640314,AST
25769803894,94489280722,AST
25769803894,94489280723,AST
25769803894,94489280724,AST
25769803894,94489280725,AST
25769803894,94489280726,AST
25769803894,94489280727,AST
25769803894,94489280728,AST
25769803894,94489280729,AST
25769803894,94489280730,AST
25769803894,94489280731,AST
25769803894,94489280732,AST
25769803894,94489280734,AST
25769803894,94489280735,AST
25769803894,94489280851,AST
25769803894,94489280852,AST
25769803894,94489280853,AST
25769803895,30064771599,AST
25769803895,30064771601,AST
25769803896,30064771602,AST
25769803896,30064771604,AST
25769803897,30064771619,AST
25769803897,30064771621,AST
25769803898,47244640311,AST
25769803899,30064771617,AST
25769803899,47244640312,AST
25769803899,30064771611,AST
25769803900,30064771614,AST
25769803900,47244640310,AST
25769803901,30064771609,AST
25769803901,25769803900,AST
25769803901,68719477297,AST
25769803901,94489280521,AST
25769803902,30064771642,AST
25769803902,30064771644,AST
25769803903,30064771655,AST
25769803903,30064771632,AST
25769803903,30064771636,AST
25769803903,30064771640,AST
25769803903,30064771647,AST
25769803903,30064771649,AST
25769803904,30064771652,AST
25769803904,47244640313,AST
25769803905,30064771628,AST
25769803905,25769803904,AST
25769803906,30064771656,AST
25769803907,90194313413,AST
25769803907,30064771659,AST
25769803907,30064771661,AST
25769803907,30064771663,AST
25769803907,47244640315,AST
25769803907,30064771678,AST
25769803907,30064771679,AST
25769803907,25769803919,AST
25769803907,94489280736,AST
25769803907,94489280737,AST
25769803907,94489280738,AST
25769803907,94489280739,AST
25769803907,94489280740,AST
25769803907,94489280741,AST
25769803907,94489280742,AST
25769803907,94489280743,AST
25769803907,94489280744,AST
25769803907,94489280745,AST
25769803907,94489280747,AST
25769803907,94489280748,AST
25769803907,94489280749,AST
25769803907,94489280750,AST
25769803907,94489280751,AST
25769803907,94489280854,AST
25769803907,94489280855,AST
25769803907,94489280856,AST
25769803907,94489280857,AST
25769803908,30064771665,AST
25769803908,141733920791,AST
25769803909,30064771677,AST
25769803909,30064771671,AST
25769803910,30064771674,AST
25769803910,47244640316,AST
25769803911,30064771667,AST
25769803911,25769803910,AST
25769803911,68719477344,AST
25769803911,94489280522,AST
25769803912,47244640318,AST
25769803913,30064771701,AST
25769803913,47244640319,AST
25769803913,30064771695,AST
25769803914,30064771698,AST
25769803914,47244640317,AST
25769803915,30064771693,AST
25769803915,25769803914,AST
25769803915,68719477364,AST
25769803915,94489280523,AST
25769803916,30064771711,AST
25769803916,30064771715,AST
25769803916,30064771723,AST
25769803917,30064771724,AST
25769803918,30064771732,AST
25769803918,30064771691,AST
25769803918,30064771707,AST
25769803918,47244640320,AST
25769803918,30064771726,AST
25769803919,30064771729,AST
25769803919,47244640321,AST
25769803920,90194313441,AST
25769803920,30064771735,AST
25769803920,30064771737,AST
25769803920,30064771752,AST
25769803920,47244640325,AST
25769803920,47244640326,AST
25769803920,30064771760,AST
25769803920,30064771761,AST
25769803920,30064771762,AST
25769803920,30064771767,AST
25769803920,47244640327,AST
25769803920,30064771788,AST
25769803920,30064771789,AST
25769803920,30064771792,AST
25769803920,94489280752,AST
25769803920,94489280753,AST
25769803920,94489280754,AST
25769803920,94489280755,AST
25769803920,94489280756,AST
25769803920,94489280757,AST
25769803920,94489280758,AST
25769803920,94489280759,AST
25769803920,94489280760,AST
25769803920,94489280761,AST
25769803920,94489280762,AST
25769803920,94489280763,AST
25769803920,94489280764,AST
25769803920,94489280765,AST
25769803920,94489280766,AST
25769803920,94489280767,AST
25769803920,94489280768,AST
25769803920,94489280769,AST
25769803920,94489280770,AST
25769803920,94489280858,AST
25769803920,94489280859,AST
25769803921,47244640323,AST
25769803922,30064771747,AST
25769803922,47244640324,AST
25769803922,30064771741,AST
25769803923,30064771744,AST
25769803923,47244640322,AST
25769803924,30064771739,AST
25769803924,25769803923,AST
25769803924,68719477405,AST
25769803924,94489280524,AST
25769803925,30064771754,AST
25769803925,141733920792,AST
25769803926,30064771759,AST
25769803926,141733920793,AST
25769803927,30064771764,AST
25769803927,30064771766,AST
25769803928,30064771773,AST
25769803928,30064771775,AST
25769803929,30064771779,AST
25769803929,30064771781,AST
25769803930,30064771771,AST
25769803930,30064771782,AST
25769803931,30064771785,AST
25769803932,30064771786,AST
25769803932,141733920794,AST
25769803933,47244640328,AST
25769803934,90194313462,AST
25769803934,30064771795,AST
25769803934,47244640329,AST
25769803934,30064771798,AST
25769803934,25769803938,AST
25769803934,30064771821,AST
25769803934,94489280771,AST
25769803934,94489280772,AST
25769803934,94489280773,AST
25769803934,94489280774,AST
25769803934,94489280775,AST
25769803934,94489280776,AST
25769803934,94489280777,AST
25769803935,30064771797,AST
25769803935,141733920795,AST
25769803936,30064771808,AST
25769803936,30064771810,AST
25769803937,30064771819,AST
25769803937,30064771806,AST
25769803937,30064771813,AST
25769803938,30064771816,AST
25769803938,47244640330,AST
25769803939,90194313476,AST
25769803939,30064771824,AST
25769803939,47244640332,AST
25769803939,30064771840,AST
25769803939,30064771842,AST
25769803939,47244640333,AST
25769803939,30064771845,AST
25769803939,30064771860,AST
25769803939,47244640337,AST
25769803939,30064771869,AST
25769803939,30064771871,AST
25769803939,30064771891,AST
25769803939,47244640341,AST
25769803939,30064771906,AST
25769803939,30064771907,AST
25769803939,30064771908,AST
25769803939,94489280778,AST
25769803939,94489280779,AST
25769803939,94489280780,AST
25769803939,94489280781,AST
25769803939,94489280782,AST
25769803939,94489280783,AST
25769803939,94489280784,AST
25769803939,94489280785,AST
25769803939,94489280786,AST
25769803939,94489280787,AST
25769803939,94489280788,AST
25769803939,94489280789,AST
25769803939,94489280790,AST
25769803939,94489280791,AST
25769803939,94489280792,AST
25769803939,94489280793,AST
25769803939,94489280794,AST
25769803939,94489280795,AST
25769803939,94489280860,AST
25769803939,94489280861,AST
25769803939,94489280862,AST
25769803939,94489280863,AST
25769803939,94489280864,AST
25769803939,94489280865,AST
25769803939,94489280866,AST
25769803940,30064771837,AST
25769803940,30064771831,AST
25769803941,30064771834,AST
25769803941,47244640331,AST
25769803942,30064771826,AST
25769803942,25769803941,AST
25769803942,68719477485,AST
25769803942,94489280525,AST
25769803943,30064771839,AST
25769803943,141733920796,AST
25769803944,141733920797,AST
25769803945,47244640335,AST
25769803946,30064771855,AST
25769803946,47244640336,AST
25769803946,30064771849,AST
25769803947,30064771852,AST
25769803947,47244640334,AST
25769803948,30064771847,AST
25769803948,25769803947,AST
25769803948,68719477507,AST
25769803948,94489280526,AST
25769803949,30064771862,AST
25769803949,141733920798,AST
25769803950,30064771864,AST
25769803950,30064771866,AST
25769803951,30064771877,AST
25769803951,30064771879,AST
25769803952,47244640339,AST
25769803953,30064771883,AST
25769803953,47244640340,AST
25769803953,30064771875,AST
25769803954,30064771880,AST
25769803954,47244640338,AST
25769803955,30064771873,AST
25769803955,25769803954,AST
25769803955,68719477535,AST
25769803955,94489280527,AST
25769803956,30064771893,AST
25769803956,141733920799,AST
25769803957,30064771895,AST
25769803957,30064771898,AST
25769803957,30064771900,AST
25769803957,30064771902,AST
25769803957,30064771904,AST
25769803957,68719477548,AST
25769803958,90194313498,AST
25769803958,30064771911,AST
25769803958,30064771927,AST
25769803958,47244640345,AST
25769803958,94489280796,AST
25769803958,94489280797,AST
25769803958,94489280798,AST
25769803958,94489280799,AST
25769803958,94489280800,AST
25769803958,94489280801,AST
25769803958,94489280802,AST
25769803958,94489280803,AST
25769803958,94489280804,AST
25769803958,94489280867,AST
25769803958,94489280868,AST
25769803958,94489280869,AST
25769803958,94489280870,AST
25769803959,47244640343,AST
25769803960,30064771921,AST
25769803960,47244640344,AST
25769803960,30064771915,AST
25769803961,30064771918,AST
25769803961,47244640342,AST
25769803962,30064771913,AST
25769803962,25769803961,AST
25769803962,68719477571,AST
25769803962,94489280528,AST
25769803963,30064771929,AST
25769803964,47244640347,AST
25769803965,30064771943,AST
25769803965,47244640348,AST
25769803965,30064771937,AST
25769803966,30064771940,AST
25769803966,47244640346,AST
25769803967,30064771934,AST
25769803967,25769803966,AST
25769803967,68719477592,AST
25769803967,94489280529,AST
25769803968,30064771932,AST
25769803968,30064771949,AST
25769803968,30064771958,AST
25769803969,30064771959,AST
25769803970,47244640349,AST
25769803971,47244640356,AST
25769803971,94489280805,AST
25769803971,94489280806,AST
25769803971,94489280807,AST
25769803971,94489280808,AST
25769803971,94489280809,AST
25769803971,94489280810,AST
25769803971,94489280811,AST
25769803972,30064771970,AST
25769803973,30064771972,AST
25769803974,30064771974,AST
25769803975,30064771976,AST
25769803976,30064771978,AST
25769803976,47244640354,AST
25769803977,30064771979,AST
25769803978,47244640355,AST
25769803979,47244640353,AST
25769803980,47244640352,AST
25769803981,47244640351,AST
25769803982,30064771961,AST
25769803982,30064771962,AST
25769803982,30064771963,AST
25769803982,30064771964,AST
25769803982,30064771965,AST
25769803982,30064771966,AST
25769803982,30064771968,AST
25769803982,47244640350,AST
25769803983,47244640362,AST
25769803983,94489280812,AST
25769803983,94489280813,AST
25769803983,94489280814,AST
25769803983,94489280815,AST
25769803983,94489280816,AST
25769803983,94489280817,AST
25769803984,30064771992,AST
25769803985,30064771994,AST
25769803986,30064771996,AST
25769803987,30064771998,AST
25769803987,47244640360,AST
25769803988,30064771999,AST
25769803989,47244640361,AST
25769803990,47244640359,AST
25769803991,47244640358,AST
25769803992,30064771984,AST
25769803992,30064771985,AST
25769803992,30064771986,AST
25769803992,30064771987,AST
25769803992,30064771988,AST
25769803992,30064771990,AST
25769803992,47244640357,AST
25769803993,30064772001,AST
25769803993,47244640370,AST
25769803993,94489280818,AST
25769803993,94489280819,AST
25769803993,94489280820,AST
25769803993,94489280821,AST
25769803993,94489280822,AST
25769803993,94489280823,AST
25769803993,94489280824,AST
25769803993,94489280825,AST
25769803993,94489280826,AST
25769803993,94489280827,AST
25769803994,30064772010,AST
25769803995,30064772013,AST
25769803996,47244640364,AST
25769803997,30064772017,AST
25769803998,30064772016,AST
25769803998,47244640366,AST
25769803999,30064772019,AST
25769803999,47244640368,AST
25769804000,30064772020,AST
25769804001,47244640369,AST
25769804002,47244640367,AST
25769804003,47244640365,AST
25769804004,30064772002,AST
25769804004,30064772003,AST
25769804004,30064772004,AST
25769804004,30064772005,AST
25769804004,30064772006,AST
25769804004,30064772008,AST
25769804004,47244640363,AST
25769804005,30064772023,AST
25769804006,30064772024,AST
25769804006,90194313560,AST
25769804006,30064772026,AST
25769804006,30064772028,AST
25769804006,30064772029,AST
25769804006,30064772031,AST
25769804006,30064772032,AST
25769804006,30064772035,AST
25769804006,30064772038,AST
25769804006,30064772041,AST
25769804006,30064772042,AST
25769804006,30064772044,AST
25769804006,30064772045,AST
25769804006,30064772048,AST
25769804006,30064772051,AST
25769804006,30064772054,AST
25769804006,30064772055,AST
25769804006,30064772057,AST
25769804006,30064772058,AST
25769804006,30064772061,AST
25769804006,30064772064,AST
25769804006,94489280871,AST
25769804006,94489280872,AST
25769804006,94489280873,AST
25769804006,94489280874,AST
25769804006,94489280875,AST
25769804006,94489280876,AST
25769804006,94489280877,AST
25769804006,94489280878,AST
25769804006,94489280879,AST
25769804007,30064772065,AST
25769804007,30064772066,AST
25769804007,30064772067,AST
25769804007,30064772068,AST
25769804007,30064772069,AST
25769804007,90194313586,AST
25769804007,25769804008,AST
25769804007,30064772121,AST
25769804007,30064772136,AST
25769804007,30064772138,AST
25769804007,30064772140,AST
25769804007,30064772142,AST
25769804007,30064772144,AST
25769804007,30064772147,AST
25769804007,30064772151,AST
25769804007,94489280881,AST
25769804007,94489280882,AST
25769804007,94489280883,AST
25769804007,94489280884,AST
25769804007,94489280885,AST
25769804007,94489280886,AST
25769804007,94489280887,AST
25769804007,94489280888,AST
25769804007,94489280889,AST
25769804007,94489280890,AST
25769804007,94489280891,AST
25769804007,94489280892,AST
25769804007,94489280893,AST
25769804007,94489280894,AST
25769804007,94489280895,AST
25769804007,94489280898,AST
25769804008,30064772071,AST
25769804008,30064772073,AST
25769804008,30064772075,AST
25769804008,30064772077,AST
25769804009,90194313595,AST
25769804009,30064772079,AST
25769804009,25769804014,AST
25769804009,141733920800,AST
25769804009,94489280896,AST
25769804009,94489280897,AST
25769804009,94489280899,AST
25769804009,94489280900,AST
25769804009,94489280901,AST
25769804009,94489280902,AST
25769804009,94489280903,AST
25769804009,94489280904,AST
25769804009,94489280905,AST
25769804009,94489280906,AST
25769804009,94489280907,AST
25769804009,94489280908,AST
25769804009,94489280909,AST
25769804009,94489280910,AST
25769804009,94489280911,AST
25769804009,94489280912,AST
25769804010,30064772100,AST
25769804010,30064772102,AST
25769804010,30064772104,AST
25769804010,30064772106,AST
25769804010,30064772108,AST
25769804010,30064772110,AST
25769804010,68719477748,AST
25769804011,30064772098,AST
25769804011,30064772112,AST
25769804012,30064772114,AST
25769804012,30064772116,AST
25769804013,30064772120,AST
25769804013,30064772082,AST
25769804013,30064772086,AST
25769804013,30064772089,AST
25769804013,30064772092,AST
25769804013,47244640372,AST
25769804014,30064772117,AST
25769804014,47244640373,AST
25769804015,90194313608,AST
25769804015,141733920801,AST
25769804015,94489280914,AST
25769804015,94489280915,AST
25769804015,94489280916,AST
25769804016,30064772125,AST
25769804016,30064772127,AST
25769804017,30064772135,AST
25769804017,30064772129,AST
25769804018,30064772132,AST
25769804018,47244640374,AST
25769804019,30064772123,AST
25769804019,25769804018,AST
25769804019,68719477775,AST
25769804019,94489280880,AST
25769804020,90194313610,AST
25769804020,141733920802,AST
25769804020,94489280913,AST
25769804021,30064772152,AST
25769804021,90194313615,AST
25769804021,30064772154,AST
25769804021,30064772156,AST
25769804021,25769804022,AST
25769804021,30064772170,AST
25769804021,30064772188,AST
25769804021,30064772194,AST
25769804021,30064772196,AST
25769804021,30064772198,AST
25769804021,30064772200,AST
25769804021,30064772201,AST
25769804021,94489280917,AST
25769804021,94489280918,AST
25769804021,94489280919,AST
25769804021,94489280920,AST
25769804021,94489280921,AST
25769804021,94489280922,AST
25769804021,94489280923,AST
25769804021,94489280924,AST
25769804021,94489280925,AST
25769804021,94489280926,AST
25769804021,94489280927,AST
25769804021,94489280928,AST
25769804021,94489280929,AST
25769804022,30064772158,AST
25769804022,30064772160,AST
25769804023,30064772162,AST
25769804023,30064772164,AST
25769804024,30064772166,AST
25769804024,30064772168,AST
25769804025,30064772172,AST
25769804025,47244640375,AST
25769804025,30064772180,AST
25769804025,30064772182,AST
25769804025,30064772187,AST
25769804025,141733920804,AST
25769804025,94489280930,AST
25769804025,94489280931,AST
25769804025,94489280932,AST
25769804025,94489280933,AST
25769804025,94489280934,AST
25769804025,94489280935,AST
25769804025,94489280936,AST
25769804025,94489280937,AST
25769804026,30064772175,AST
25769804026,30064772177,AST
25769804027,141733920803,AST
25769804028,90194313629,AST
25769804028,30064772190,AST
25769804028,30064772192,AST
25769804028,141733920805,AST
25769804028,94489280938,AST
25769804028,94489280939,AST
25769804028,94489280940,AST
25769804028,94489280941,AST
30064771072,68719476736,AST
30064771072,176093659136,AST
30064771073,68719476737,AST
30064771073,176093659137,AST
30064771074,68719476738,AST
30064771074,176093659138,AST
30064771075,68719476739,AST
30064771075,176093659139,AST
30064771076,68719476740,AST
30064771076,176093659140,AST
30064771077,68719476741,AST
30064771077,176093659141,AST
30064771078,68719476742,AST
30064771078,176093659142,AST
30064771079,68719476743,AST
30064771079,176093659143,AST
30064771080,68719476744,AST
30064771080,176093659144,AST
30064771081,68719476745,AST
30064771081,176093659145,AST
30064771082,68719476746,AST
30064771082,176093659146,AST
30064771083,68719476748,AST
30064771083,90194313216,AST
30064771083,90194313217,AST
30064771084,68719476747,AST
30064771084,30064771083,AST
30064771085,68719476750,AST
30064771085,90194313218,AST
30064771085,90194313219,AST
30064771086,68719476749,AST
30064771086,30064771085,AST
30064771087,68719476752,AST
30064771087,90194313220,AST
30064771087,90194313221,AST
30064771088,68719476751,AST
30064771088,30064771087,AST
30064771089,68719476754,AST
30064771089,90194313222,AST
30064771089,90194313223,AST
30064771090,68719476753,AST
30064771090,30064771089,AST
30064771091,68719476756,AST
30064771091,90194313224,AST
30064771091,90194313225,AST
30064771092,68719476755,AST
30064771092,30064771091,AST
30064771093,68719476758,AST
30064771093,90194313226,AST
30064771093,90194313227,AST
30064771094,68719476757,AST
30064771094,30064771093,AST
30064771095,68719476760,AST
30064771095,90194313228,AST
30064771095,90194313229,AST
30064771096,68719476759,AST
30064771096,30064771095,AST
30064771097,68719476761,AST
30064771097,55834574848,AST
30064771098,68719476762,AST
30064771098,30064771097,AST
30064771099,68719476763,AST
30064771099,55834574849,AST
30064771100,30064771099,AST
30064771100,68719476764,AST
30064771100,90194313230,AST
30064771101,68719476766,AST
30064771101,90194313231,AST
30064771101,90194313232,AST
30064771102,68719476765,AST
30064771102,30064771101,AST
30064771103,68719476767,AST
30064771103,55834574850,AST
30064771104,30064771103,AST
30064771104,55834574851,AST
30064771105,68719476768,AST
30064771105,55834574852,AST
30064771106,30064771105,AST
30064771106,68719476769,AST
30064771106,30064771104,AST
30064771106,90194313233,AST
30064771107,68719476770,AST
30064771107,55834574853,AST
30064771108,30064771107,AST
30064771108,30064771106,AST
30064771109,68719476771,AST
30064771109,55834574854,AST
30064771110,30064771109,AST
30064771110,55834574855,AST
30064771111,68719476772,AST
30064771111,55834574856,AST
30064771112,30064771111,AST
30064771112,68719476773,AST
30064771112,30064771110,AST
30064771112,90194313234,AST
30064771113,68719476774,AST
30064771113,55834574857,AST
30064771114,30064771113,AST
30064771114,30064771112,AST
30064771115,68719476775,AST
30064771115,90194313235,AST
30064771116,68719476776,AST
30064771116,90194313236,AST
30064771117,68719476777,AST
30064771117,90194313237,AST
30064771118,68719476778,AST
30064771118,90194313238,AST
30064771119,68719476781,AST
30064771119,55834574858,AST
30064771120,68719476782,AST
30064771120,30064771119,AST
30064771121,68719476783,AST
30064771121,55834574859,AST
30064771122,30064771121,AST
30064771122,68719476784,AST
30064771122,68719476780,AST
30064771123,68719476786,AST
30064771123,55834574860,AST
30064771124,68719476787,AST
30064771124,30064771123,AST
30064771125,68719476788,AST
30064771125,55834574861,AST
30064771126,30064771125,AST
30064771126,68719476789,AST
30064771126,68719476785,AST
30064771127,25769803781,AST
30064771127,90194313240,AST
30064771128,25769803780,AST
30064771128,30064771127,AST
30064771129,68719476791,AST
30064771129,55834574862,AST
30064771130,30064771129,AST
30064771130,68719476792,AST
30064771130,68719476790,AST
30064771131,68719476794,AST
30064771131,68719476793,AST
30064771131,90194313241,AST
30064771132,68719476795,AST
30064771132,30064771131,AST
30064771133,68719476796,AST
30064771133,55834574863,AST
30064771134,68719476797,AST
30064771134,30064771133,AST
30064771135,68719476798,AST
30064771135,55834574864,AST
30064771136,68719476799,AST
30064771136,30064771135,AST
30064771137,68719476800,AST
30064771137,68719476801,AST
30064771138,68719476802,AST
30064771138,30064771137,AST
30064771139,68719476804,AST
30064771139,68719476803,AST
30064771140,68719476805,AST
30064771140,68719476806,AST
30064771143,68719476779,AST
30064771143,120259084288,AST
30064771144,68719476810,AST
30064771144,55834574865,AST
30064771145,30064771144,AST
30064771145,68719476811,AST
30064771145,68719476808,AST
30064771145,68719476809,AST
30064771145,90194313243,AST
30064771146,68719476813,AST
30064771146,68719476812,AST
30064771146,90194313244,AST
30064771147,68719476814,AST
30064771147,30064771146,AST
30064771148,68719476815,AST
30064771148,55834574866,AST
30064771149,68719476816,AST
30064771149,30064771148,AST
30064771150,68719476817,AST
30064771150,55834574867,AST
30064771151,68719476818,AST
30064771151,30064771150,AST
30064771152,68719476819,AST
30064771152,68719476820,AST
30064771153,68719476821,AST
30064771153,30064771152,AST
30064771154,68719476823,AST
30064771154,68719476822,AST
30064771155,68719476824,AST
30064771155,68719476825,AST
30064771156,68719476807,AST
30064771156,120259084289,AST
30064771157,68719476828,AST
30064771157,55834574868,AST
30064771158,68719476829,AST
30064771158,30064771157,AST
30064771159,68719476830,AST
30064771159,55834574869,AST
30064771160,30064771159,AST
30064771160,68719476831,AST
30064771160,68719476827,AST
30064771161,25769803794,AST
30064771163,68719476832,AST
30064771163,30064771162,AST
30064771164,68719476833,AST
30064771164,90194313246,AST
30064771165,30064771164,AST
30064771165,90194313247,AST
30064771166,68719476834,AST
30064771166,90194313248,AST
30064771167,30064771166,AST
30064771167,90194313249,AST
30064771168,68719476835,AST
30064771168,90194313250,AST
30064771169,30064771168,AST
30064771169,90194313251,AST
30064771170,68719476836,AST
30064771170,90194313252,AST
30064771171,90194313253,AST
30064771171,90194313254,AST
30064771172,30064771170,AST
30064771172,30064771171,AST
30064771174,68719476838,AST
30064771174,30064771173,AST
30064771175,68719476839,AST
30064771175,90194313255,AST
30064771176,30064771175,AST
30064771176,90194313256,AST
30064771177,68719476840,AST
30064771177,90194313257,AST
30064771178,30064771177,AST
30064771178,90194313258,AST
30064771179,68719476841,AST
30064771179,90194313259,AST
30064771180,30064771179,AST
30064771180,90194313260,AST
30064771181,68719476842,AST
30064771181,90194313261,AST
30064771182,90194313262,AST
30064771182,90194313263,AST
30064771183,30064771181,AST
30064771183,30064771182,AST
30064771184,25769803795,AST
30064771184,25769803796,AST
30064771185,68719476844,AST
30064771185,30064771184,AST
30064771186,68719476847,AST
30064771186,68719476845,AST
30064771186,68719476846,AST
30064771187,68719476849,AST
30064771187,68719476848,AST
30064771188,68719476850,AST
30064771188,30064771187,AST
30064771190,68719476851,AST
30064771190,30064771189,AST
30064771191,68719476852,AST
30064771191,55834574870,AST
30064771192,30064771191,AST
30064771192,68719476853,AST
30064771192,90194313264,AST
30064771193,68719476854,AST
30064771193,55834574871,AST
30064771194,30064771193,AST
30064771194,68719476855,AST
30064771194,30064771192,AST
30064771195,68719476856,AST
30064771195,55834574872,AST
30064771196,30064771195,AST
30064771196,68719476857,AST
30064771197,68719476858,AST
30064771197,30064771196,AST
30064771198,68719476859,AST
30064771198,55834574873,AST
30064771199,30064771198,AST
30064771199,68719476860,AST
30064771200,68719476861,AST
30064771200,30064771199,AST
30064771201,68719476863,AST
30064771201,25769803800,AST
30064771202,30064771201,AST
30064771203,68719476864,AST
30064771203,55834574874,AST
30064771204,30064771203,AST
30064771204,68719476865,AST
30064771204,90194313265,AST
30064771205,68719476866,AST
30064771205,30064771204,AST
30064771206,68719476867,AST
30064771206,55834574875,AST
30064771207,30064771206,AST
30064771207,68719476868,AST
30064771208,68719476869,AST
30064771208,25769803801,AST
30064771210,68719476870,AST
30064771210,30064771209,AST
30064771211,68719476871,AST
30064771211,90194313266,AST
30064771212,30064771211,AST
30064771212,90194313267,AST
30064771213,68719476872,AST
30064771213,90194313268,AST
30064771214,30064771213,AST
30064771214,90194313269,AST
30064771215,68719476873,AST
30064771215,90194313270,AST
30064771216,30064771215,AST
30064771216,90194313271,AST
30064771217,68719476874,AST
30064771217,90194313272,AST
30064771218,68719476876,AST
30064771218,90194313273,AST
30064771218,68719476875,AST
30064771219,30064771217,AST
30064771219,30064771218,AST
30064771220,68719476877,AST
30064771220,90194313274,AST
30064771221,30064771220,AST
30064771221,68719476878,AST
30064771222,68719476879,AST
30064771222,90194313275,AST
30064771223,30064771222,AST
30064771223,90194313276,AST
30064771224,68719476880,AST
30064771224,90194313277,AST
30064771225,30064771224,AST
30064771225,90194313278,AST
30064771226,68719476881,AST
30064771226,90194313279,AST
30064771227,30064771226,AST
30064771227,90194313280,AST
30064771228,68719476883,AST
30064771228,25769803802,AST
30064771229,68719476885,AST
30064771229,55834574876,AST
30064771230,30064771229,AST
30064771230,68719476886,AST
30064771230,68719476884,AST
30064771231,68719476889,AST
30064771231,68719476887,AST
30064771231,68719476888,AST
30064771232,68719476891,AST
30064771232,55834574877,AST
30064771233,68719476892,AST
30064771233,30064771232,AST
30064771234,68719476893,AST
30064771234,55834574878,AST
30064771235,30064771234,AST
30064771235,68719476894,AST
30064771235,68719476890,AST
30064771236,25769803804,AST
30064771238,68719476896,AST
30064771238,68719476895,AST
30064771238,30064771237,AST
30064771239,68719476826,AST
30064771239,120259084290,AST
30064771240,68719476899,AST
30064771240,68719476898,AST
30064771241,68719476900,AST
30064771241,30064771240,AST
30064771242,68719476901,AST
30064771242,55834574879,AST
30064771243,30064771242,AST
30064771243,68719476902,AST
30064771244,68719476903,AST
30064771244,25769803807,AST
30064771245,68719476904,AST
30064771246,68719476905,AST
30064771246,90194313283,AST
30064771247,68719476908,AST
30064771247,68719476907,AST
30064771248,30064771247,AST
30064771249,68719476906,AST
30064771249,30064771248,AST
30064771250,68719476910,AST
30064771250,68719476909,AST
30064771251,68719476897,AST
30064771251,120259084291,AST
30064771252,68719476914,AST
30064771252,68719476913,AST
30064771253,68719476915,AST
30064771253,30064771252,AST
30064771254,68719476916,AST
30064771254,55834574880,AST
30064771255,30064771254,AST
30064771255,68719476917,AST
30064771256,68719476918,AST
30064771256,25769803812,AST
30064771257,68719476919,AST
30064771257,55834574881,AST
30064771258,30064771257,AST
30064771258,68719476920,AST
30064771259,68719476922,AST
30064771259,68719476921,AST
30064771260,68719476923,AST
30064771260,90194313286,AST
30064771261,68719476912,AST
30064771261,120259084292,AST
30064771262,68719476926,AST
30064771262,68719476925,AST
30064771263,68719476927,AST
30064771263,30064771262,AST
30064771264,68719476928,AST
30064771264,55834574882,AST
30064771265,30064771264,AST
30064771265,68719476929,AST
30064771266,68719476930,AST
30064771266,25769803816,AST
30064771267,68719476932,AST
30064771267,55834574883,AST
30064771268,68719476933,AST
30064771268,30064771267,AST
30064771269,68719476934,AST
30064771269,55834574884,AST
30064771270,30064771269,AST
30064771270,68719476935,AST
30064771270,68719476931,AST
30064771271,68719476937,AST
30064771271,90194313289,AST
30064771272,68719476924,AST
30064771272,120259084293,AST
30064771273,68719476939,AST
30064771274,30064771273,AST
30064771274,90194313291,AST
30064771275,68719476940,AST
30064771275,30064771274,AST
30064771276,68719476941,AST
30064771276,30064771275,AST
30064771277,68719476942,AST
30064771277,55834574885,AST
30064771278,30064771277,AST
30064771278,68719476943,AST
30064771279,68719476944,AST
30064771279,25769803823,AST
30064771280,68719476945,AST
30064771280,55834574886,AST
30064771281,30064771280,AST
30064771281,68719476946,AST
30064771282,25769803824,AST
30064771282,90194313292,AST
30064771283,68719476938,AST
30064771283,120259084294,AST
30064771284,68719476948,AST
30064771284,68719476949,AST
30064771285,68719476950,AST
30064771285,30064771284,AST
30064771286,68719476951,AST
30064771286,55834574887,AST
30064771287,30064771286,AST
30064771287,68719476952,AST
30064771288,68719476953,AST
30064771288,55834574888,AST
30064771289,30064771288,AST
30064771289,68719476954,AST
30064771289,25769803826,AST
30064771290,68719476955,AST
30064771290,30064771289,AST
30064771291,68719476956,AST
30064771291,55834574889,AST
30064771292,30064771291,AST
30064771292,68719476957,AST
30064771293,68719476947,AST
30064771293,120259084295,AST
30064771294,68719476960,AST
30064771294,55834574890,AST
30064771295,30064771294,AST
30064771295,68719476961,AST
30064771295,90194313293,AST
30064771295,68719476959,AST
30064771296,68719476962,AST
30064771296,30064771295,AST
30064771297,68719476958,AST
30064771297,120259084296,AST
30064771298,68719476965,AST
30064771298,55834574891,AST
30064771299,30064771298,AST
30064771299,68719476966,AST
30064771299,90194313294,AST
30064771299,68719476964,AST
30064771300,68719476967,AST
30064771300,30064771299,AST
30064771301,68719476963,AST
30064771301,120259084297,AST
30064771302,68719476970,AST
30064771302,55834574892,AST
30064771303,30064771302,AST
30064771303,68719476971,AST
30064771303,90194313295,AST
30064771303,68719476969,AST
30064771304,68719476972,AST
30064771304,30064771303,AST
30064771305,68719476968,AST
30064771305,120259084298,AST
30064771306,68719476974,AST
30064771306,90194313297,AST
30064771307,68719476975,AST
30064771307,90194313298,AST
30064771308,68719476976,AST
30064771308,30064771307,AST
30064771309,68719476978,AST
30064771309,90194313299,AST
30064771309,68719476977,AST
30064771309,90194313300,AST
30064771310,68719476979,AST
30064771310,30064771309,AST
30064771311,68719476981,AST
30064771311,90194313301,AST
30064771311,68719476980,AST
30064771311,90194313302,AST
30064771312,68719476982,AST
30064771312,30064771311,AST
30064771313,68719476984,AST
30064771313,90194313303,AST
30064771313,68719476983,AST
30064771313,90194313304,AST
30064771314,68719476985,AST
30064771314,30064771313,AST
30064771315,68719476987,AST
30064771315,68719476986,AST
30064771316,30064771315,AST
30064771316,90194313306,AST
30064771317,68719476988,AST
30064771317,90194313305,AST
30064771317,120259084300,AST
30064771317,90194313307,AST
30064771318,68719476989,AST
30064771318,30064771317,AST
30064771319,68719476991,AST
30064771319,68719476990,AST
30064771320,68719476992,AST
30064771320,30064771319,AST
30064771322,68719476993,AST
30064771322,30064771321,AST
30064771323,68719476994,AST
30064771323,90194313308,AST
30064771324,30064771323,AST
30064771324,68719476995,AST
30064771325,68719476996,AST
30064771325,55834574893,AST
30064771326,30064771325,AST
30064771326,68719476997,AST
30064771326,30064771324,AST
30064771327,68719476998,AST
30064771327,55834574894,AST
30064771328,30064771327,AST
30064771328,68719476999,AST
30064771329,68719477000,AST
30064771329,30064771328,AST
30064771330,68719477001,AST
30064771330,55834574895,AST
30064771331,30064771330,AST
30064771331,68719477002,AST
30064771332,68719477003,AST
30064771332,30064771331,AST
30064771333,68719477005,AST
30064771333,25769803835,AST
30064771334,68719477006,AST
30064771334,90194313309,AST
30064771336,68719477007,AST
30064771336,30064771335,AST
30064771337,68719477008,AST
30064771337,90194313310,AST
30064771338,68719477009,AST
30064771338,55834574896,AST
30064771339,30064771338,AST
30064771339,68719477010,AST
30064771339,30064771337,AST
30064771340,68719477011,AST
30064771340,55834574897,AST
30064771341,30064771340,AST
30064771341,68719477012,AST
30064771342,68719477013,AST
30064771342,30064771341,AST
30064771343,68719477014,AST
30064771343,55834574898,AST
30064771344,30064771343,AST
30064771344,68719477015,AST
30064771345,68719477016,AST
30064771345,30064771344,AST
30064771346,68719477018,AST
30064771346,25769803839,AST
30064771346,90194313311,AST
30064771347,30064771346,AST
30064771347,90194313312,AST
30064771348,68719477019,AST
30064771348,30064771347,AST
30064771349,68719477020,AST
30064771349,55834574899,AST
30064771350,30064771349,AST
30064771350,68719477021,AST
30064771350,90194313313,AST
30064771351,68719477022,AST
30064771351,30064771350,AST
30064771352,68719477023,AST
30064771352,55834574900,AST
30064771353,30064771352,AST
30064771353,68719477024,AST
30064771354,68719477025,AST
30064771354,25769803840,AST
30064771356,68719477026,AST
30064771356,30064771355,AST
30064771357,68719477027,AST
30064771357,90194313314,AST
30064771358,30064771357,AST
30064771358,68719477028,AST
30064771359,68719477029,AST
30064771359,90194313315,AST
30064771360,30064771359,AST
30064771360,68719477030,AST
30064771361,68719477031,AST
30064771361,90194313316,AST
30064771362,30064771361,AST
30064771362,68719477032,AST
30064771363,68719477033,AST
30064771363,90194313317,AST
30064771364,68719477036,AST
30064771364,68719477034,AST
30064771364,68719477035,AST
30064771365,30064771363,AST
30064771365,30064771364,AST
30064771366,68719477037,AST
30064771366,90194313318,AST
30064771367,30064771366,AST
30064771367,68719477038,AST
30064771368,68719477039,AST
30064771368,90194313319,AST
30064771369,30064771368,AST
30064771369,68719477040,AST
30064771370,68719477041,AST
30064771370,90194313320,AST
30064771371,30064771370,AST
30064771371,68719477042,AST
30064771372,68719477044,AST
30064771372,55834574901,AST
30064771373,30064771372,AST
30064771373,68719477045,AST
30064771373,25769803841,AST
30064771374,68719477048,AST
30064771374,68719477046,AST
30064771374,68719477047,AST
30064771375,68719477049,AST
30064771376,90194313321,AST
30064771376,30064771375,AST
30064771376,90194313322,AST
30064771377,68719477050,AST
30064771377,30064771376,AST
30064771378,68719476973,AST
30064771378,120259084299,AST
30064771379,68719477052,AST
30064771379,90194313324,AST
30064771380,68719477053,AST
30064771380,90194313325,AST
30064771381,68719477054,AST
30064771381,30064771380,AST
30064771382,68719477056,AST
30064771382,68719477055,AST
30064771383,68719477057,AST
30064771383,30064771382,AST
30064771385,68719477058,AST
30064771385,30064771384,AST
30064771386,68719477060,AST
30064771386,55834574902,AST
30064771387,30064771386,AST
30064771387,68719477061,AST
30064771387,68719477059,AST
30064771388,68719477062,AST
30064771388,55834574903,AST
30064771389,30064771388,AST
30064771389,68719477063,AST
30064771390,68719477064,AST
30064771390,30064771389,AST
30064771391,68719477065,AST
30064771391,55834574904,AST
30064771392,30064771391,AST
30064771392,68719477066,AST
30064771393,68719477067,AST
30064771393,30064771392,AST
30064771394,68719477068,AST
30064771394,55834574905,AST
30064771395,30064771394,AST
30064771395,68719477069,AST
30064771395,90194313326,AST
30064771396,30064771395,AST
30064771397,68719477071,AST
30064771397,25769803846,AST
30064771397,90194313327,AST
30064771398,68719477072,AST
30064771398,30064771397,AST
30064771399,68719477074,AST
30064771399,55834574906,AST
30064771400,30064771399,AST
30064771400,68719477075,AST
30064771400,90194313328,AST
30064771400,90194313329,AST
30064771401,68719477076,AST
30064771401,30064771400,AST
30064771402,68719477077,AST
30064771402,90194313330,AST
30064771403,68719477080,AST
30064771403,68719477078,AST
30064771403,68719477079,AST
30064771404,30064771402,AST
30064771404,30064771403,AST
30064771405,68719477081,AST
30064771405,90194313331,AST
30064771406,68719477082,AST
30064771407,68719477083,AST
30064771408,90194313333,AST
30064771408,30064771406,AST
30064771408,90194313334,AST
30064771408,30064771407,AST
30064771408,90194313335,AST
30064771409,68719477084,AST
30064771409,30064771408,AST
30064771410,68719477085,AST
30064771410,90194313337,AST
30064771411,68719477086,AST
30064771411,90194313336,AST
30064771411,30064771410,AST
30064771412,68719477087,AST
30064771412,30064771411,AST
30064771413,68719477088,AST
30064771413,55834574907,AST
30064771414,30064771413,AST
30064771414,68719477089,AST
30064771415,68719477090,AST
30064771415,25769803849,AST
30064771416,68719477091,AST
30064771416,55834574908,AST
30064771417,30064771416,AST
30064771417,68719477092,AST
30064771418,68719477093,AST
30064771418,30064771417,AST
30064771419,68719477094,AST
30064771419,90194313338,AST
30064771420,68719477051,AST
30064771420,120259084301,AST
30064771421,68719477096,AST
30064771421,90194313341,AST
30064771422,68719477097,AST
30064771422,90194313342,AST
30064771423,68719477098,AST
30064771423,30064771422,AST
30064771424,68719477099,AST
30064771424,55834574909,AST
30064771425,30064771424,AST
30064771425,68719477100,AST
30064771426,68719477101,AST
30064771426,25769803853,AST
30064771427,68719477102,AST
30064771427,90194313343,AST
30064771428,68719477103,AST
30064771428,30064771427,AST
30064771429,68719477105,AST
30064771429,68719477104,AST
30064771430,68719477106,AST
30064771430,30064771429,AST
30064771431,68719477107,AST
30064771431,55834574910,AST
30064771432,30064771431,AST
30064771432,68719477108,AST
30064771432,90194313344,AST
30064771433,30064771432,AST
30064771434,68719477109,AST
30064771434,90194313345,AST
30064771435,30064771434,AST
30064771435,68719477110,AST
30064771436,30064771433,AST
30064771436,30064771435,AST
30064771437,68719477111,AST
30064771437,55834574911,AST
30064771438,30064771437,AST
30064771438,68719477112,AST
30064771438,90194313346,AST
30064771438,90194313347,AST
30064771439,68719477113,AST
30064771439,30064771438,AST
30064771440,68719477114,AST
30064771440,90194313348,AST
30064771441,68719477117,AST
30064771441,68719477115,AST
30064771441,68719477116,AST
30064771442,30064771440,AST
30064771442,30064771441,AST
30064771443,68719477118,AST
30064771443,90194313350,AST
30064771444,30064771443,AST
30064771445,90194313349,AST
30064771445,30064771444,AST
30064771445,90194313351,AST
30064771446,68719477119,AST
30064771446,30064771445,AST
30064771447,68719477121,AST
30064771447,55834574912,AST
30064771448,30064771447,AST
30064771448,68719477122,AST
30064771449,68719477123,AST
30064771449,30064771448,AST
30064771450,68719477124,AST
30064771450,55834574913,AST
30064771451,30064771450,AST
30064771451,68719477125,AST
30064771452,68719477126,AST
30064771452,30064771451,AST
30064771453,68719477127,AST
30064771454,68719477128,AST
30064771455,90194313352,AST
30064771455,30064771453,AST
30064771455,90194313353,AST
30064771455,30064771454,AST
30064771455,90194313354,AST
30064771456,68719477129,AST
30064771456,30064771455,AST
30064771457,68719477130,AST
30064771457,90194313356,AST
30064771458,68719477131,AST
30064771458,90194313355,AST
30064771458,30064771457,AST
30064771459,68719477132,AST
30064771459,30064771458,AST
30064771460,68719477133,AST
30064771460,55834574914,AST
30064771461,30064771460,AST
30064771461,68719477134,AST
30064771462,68719477135,AST
30064771462,25769803858,AST
30064771463,68719477136,AST
30064771463,55834574915,AST
30064771464,30064771463,AST
30064771464,68719477137,AST
30064771465,68719477138,AST
30064771465,30064771464,AST
30064771466,68719477139,AST
30064771466,90194313357,AST
30064771467,68719477095,AST
30064771467,120259084302,AST
30064771468,68719477141,AST
30064771468,90194313360,AST
30064771469,68719477142,AST
30064771469,90194313361,AST
30064771470,68719477143,AST
30064771470,90194313362,AST
30064771471,68719477144,AST
30064771471,90194313363,AST
30064771472,68719477145,AST
30064771472,30064771471,AST
30064771473,68719477146,AST
30064771473,90194313364,AST
30064771474,68719477147,AST
30064771474,90194313365,AST
30064771475,68719477148,AST
30064771475,30064771474,AST
30064771476,68719477149,AST
30064771476,90194313366,AST
30064771477,68719477150,AST
30064771477,30064771476,AST
30064771479,68719477151,AST
30064771479,30064771478,AST
30064771480,68719477152,AST
30064771480,55834574916,AST
30064771481,30064771480,AST
30064771481,68719477153,AST
30064771482,68719477154,AST
30064771482,55834574917,AST
30064771483,30064771482,AST
30064771483,68719477155,AST
30064771483,30064771481,AST
30064771484,68719477156,AST
30064771484,90194313368,AST
30064771485,68719477157,AST
30064771485,30064771484,AST
30064771486,68719477158,AST
30064771486,55834574918,AST
30064771487,30064771486,AST
30064771487,68719477159,AST
30064771487,90194313367,AST
30064771488,68719477160,AST
30064771488,25769803862,AST
30064771489,68719477161,AST
30064771489,55834574919,AST
30064771490,30064771489,AST
30064771490,68719477162,AST
30064771491,68719477163,AST
30064771491,25769803863,AST
30064771492,68719477164,AST
30064771492,55834574920,AST
30064771493,30064771492,AST
30064771493,68719477165,AST
30064771494,68719477166,AST
30064771494,30064771493,AST
30064771495,68719477167,AST
30064771495,55834574921,AST
30064771496,30064771495,AST
30064771496,68719477168,AST
30064771497,30064771496,AST
30064771498,68719477170,AST
30064771498,25769803867,AST
30064771499,68719477171,AST
30064771500,68719477172,AST
30064771500,90194313369,AST
30064771501,68719477174,AST
30064771501,68719477173,AST
30064771502,68719477175,AST
30064771502,30064771501,AST
30064771504,68719477176,AST
30064771504,30064771503,AST
30064771505,68719477177,AST
30064771505,90194313370,AST
30064771506,68719477178,AST
30064771506,55834574922,AST
30064771507,30064771506,AST
30064771507,68719477179,AST
30064771507,30064771505,AST
30064771508,68719477180,AST
30064771508,55834574923,AST
30064771509,30064771508,AST
30064771509,68719477181,AST
30064771510,68719477182,AST
30064771510,30064771509,AST
30064771511,68719477183,AST
30064771511,55834574924,AST
30064771512,30064771511,AST
30064771512,68719477184,AST
30064771513,68719477185,AST
30064771513,30064771512,AST
30064771514,68719477187,AST
30064771514,25769803871,AST
30064771514,90194313371,AST
30064771515,30064771514,AST
30064771515,90194313372,AST
30064771516,68719477188,AST
30064771516,30064771515,AST
30064771518,68719477189,AST
30064771518,30064771517,AST
30064771519,68719477190,AST
30064771519,90194313373,AST
30064771520,30064771519,AST
30064771520,68719477191,AST
30064771521,68719477192,AST
30064771521,90194313374,AST
30064771522,30064771521,AST
30064771522,68719477193,AST
30064771523,68719477194,AST
30064771523,90194313375,AST
30064771524,30064771523,AST
30064771524,68719477195,AST
30064771525,68719477196,AST
30064771525,90194313376,AST
30064771526,30064771525,AST
30064771526,68719477197,AST
30064771527,68719477199,AST
30064771527,55834574925,AST
30064771528,30064771527,AST
30064771528,68719477200,AST
30064771528,25769803872,AST
30064771529,68719477203,AST
30064771529,68719477201,AST
30064771529,68719477202,AST
30064771530,68719477204,AST
30064771531,68719477205,AST
30064771532,90194313377,AST
30064771532,30064771530,AST
30064771532,90194313378,AST
30064771532,30064771531,AST
30064771532,90194313379,AST
30064771533,68719477206,AST
30064771533,30064771532,AST
30064771534,68719477207,AST
30064771534,90194313380,AST
30064771535,68719477209,AST
30064771535,68719477208,AST
30064771536,68719477210,AST
30064771536,30064771535,AST
30064771537,68719477211,AST
30064771538,68719477212,AST
30064771538,90194313381,AST
30064771539,68719477213,AST
30064771539,90194313382,AST
30064771540,68719477214,AST
30064771540,30064771539,AST
30064771542,68719477215,AST
30064771542,30064771541,AST
30064771543,68719477217,AST
30064771543,55834574926,AST
30064771544,30064771543,AST
30064771544,68719477218,AST
30064771544,68719477216,AST
30064771545,68719477219,AST
30064771545,55834574927,AST
30064771546,30064771545,AST
30064771546,68719477220,AST
30064771547,68719477221,AST
30064771547,30064771546,AST
30064771548,68719477222,AST
30064771548,55834574928,AST
30064771549,30064771548,AST
30064771549,68719477223,AST
30064771550,68719477224,AST
30064771550,30064771549,AST
30064771551,68719477225,AST
30064771551,90194313383,AST
30064771552,30064771551,AST
30064771552,68719477226,AST
30064771553,30064771552,AST
30064771554,68719477228,AST
30064771554,25769803878,AST
30064771554,90194313384,AST
30064771555,68719477229,AST
30064771555,30064771554,AST
30064771556,68719477230,AST
30064771557,68719477231,AST
30064771557,90194313385,AST
30064771558,68719477233,AST
30064771558,68719477232,AST
30064771559,68719477234,AST
30064771559,30064771558,AST
30064771561,68719477235,AST
30064771561,30064771560,AST
30064771562,68719477236,AST
30064771562,90194313386,AST
30064771563,30064771562,AST
30064771563,68719477237,AST
30064771564,68719477238,AST
30064771564,55834574929,AST
30064771565,30064771564,AST
30064771565,68719477239,AST
30064771565,30064771563,AST
30064771566,68719477240,AST
30064771566,55834574930,AST
30064771567,30064771566,AST
30064771567,68719477241,AST
30064771568,68719477242,AST
30064771568,30064771567,AST
30064771569,68719477243,AST
30064771569,55834574931,AST
30064771570,30064771569,AST
30064771570,68719477244,AST
30064771571,68719477245,AST
30064771571,30064771570,AST
30064771572,68719477247,AST
30064771572,25769803882,AST
30064771573,68719477248,AST
30064771573,90194313387,AST
30064771574,68719477249,AST
30064771574,90194313389,AST
30064771575,30064771574,AST
30064771576,90194313388,AST
30064771576,30064771575,AST
30064771576,90194313390,AST
30064771577,68719477250,AST
30064771577,30064771576,AST
30064771578,30064771577,AST
30064771579,68719477251,AST
30064771579,90194313391,AST
30064771581,68719477253,AST
30064771581,30064771580,AST
30064771582,68719477255,AST
30064771582,55834574932,AST
30064771583,30064771582,AST
30064771583,68719477256,AST
30064771583,68719477254,AST
30064771584,68719477257,AST
30064771584,55834574933,AST
30064771585,30064771584,AST
30064771585,68719477258,AST
30064771586,68719477259,AST
30064771586,30064771585,AST
30064771587,68719477260,AST
30064771587,55834574934,AST
30064771588,30064771587,AST
30064771588,68719477261,AST
30064771589,68719477262,AST
30064771589,30064771588,AST
30064771590,68719477263,AST
30064771590,90194313392,AST
30064771591,30064771590,AST
30064771591,68719477264,AST
30064771592,30064771591,AST
30064771593,68719477266,AST
30064771593,68719477252,AST
30064771593,25769803888,AST
30064771594,68719477267,AST
30064771594,90194313393,AST
30064771595,68719477268,AST
30064771595,90194313394,AST
30064771596,68719477269,AST
30064771596,90194313395,AST
30064771597,68719477140,AST
30064771597,120259084303,AST
30064771598,68719477271,AST
30064771598,90194313397,AST
30064771599,68719477272,AST
30064771599,30064771598,AST
30064771600,68719477273,AST
30064771600,55834574935,AST
30064771601,30064771600,AST
30064771601,68719477274,AST
30064771602,68719477275,AST
30064771602,25769803895,AST
30064771603,68719477276,AST
30064771603,55834574936,AST
30064771604,30064771603,AST
30064771604,68719477277,AST
30064771605,68719477278,AST
30064771605,25769803896,AST
30064771606,68719477280,AST
30064771606,68719477279,AST
30064771607,68719477281,AST
30064771607,30064771606,AST
30064771609,68719477282,AST
30064771609,30064771608,AST
30064771610,68719477284,AST
30064771610,55834574937,AST
30064771611,30064771610,AST
30064771611,68719477285,AST
30064771611,68719477283,AST
30064771612,68719477286,AST
30064771612,55834574938,AST
30064771613,30064771612,AST
30064771613,68719477287,AST
30064771614,68719477288,AST
30064771614,30064771613,AST
30064771615,68719477289,AST
30064771615,55834574939,AST
30064771616,30064771615,AST
30064771616,68719477290,AST
30064771617,68719477291,AST
30064771617,30064771616,AST
30064771618,68719477293,AST
30064771618,90194313398,AST
30064771619,68719477294,AST
30064771619,30064771618,AST
30064771620,68719477295,AST
30064771620,55834574940,AST
30064771621,30064771620,AST
30064771621,68719477296,AST
30064771622,68719477292,AST
30064771622,25769803897,AST
30064771623,30064771622,AST
30064771624,68719477298,AST
30064771624,25769803901,AST
30064771625,68719477301,AST
30064771625,68719477300,AST
30064771626,30064771625,AST
30064771627,90194313399,AST
30064771627,30064771626,AST
30064771627,90194313400,AST
30064771628,68719477302,AST
30064771628,30064771627,AST
30064771629,68719477303,AST
30064771629,90194313402,AST
30064771630,30064771629,AST
30064771631,90194313401,AST
30064771631,30064771630,AST
30064771632,68719477304,AST
30064771632,30064771631,AST
30064771633,68719477305,AST
30064771633,90194313404,AST
30064771634,30064771633,AST
30064771635,90194313403,AST
30064771635,30064771634,AST
30064771636,68719477306,AST
30064771636,30064771635,AST
30064771637,68719477307,AST
30064771637,90194313406,AST
30064771638,30064771637,AST
30064771639,90194313405,AST
30064771639,30064771638,AST
30064771640,68719477308,AST
30064771640,30064771639,AST
30064771641,68719477309,AST
30064771641,90194313408,AST
30064771642,68719477310,AST
30064771642,90194313409,AST
30064771643,68719477311,AST
30064771643,55834574941,AST
30064771644,30064771643,AST
30064771644,68719477312,AST
30064771644,30064771641,AST
30064771645,25769803902,AST
30064771646,90194313407,AST
30064771646,30064771645,AST
30064771647,68719477313,AST
30064771647,30064771646,AST
30064771648,90194313410,AST
30064771648,90194313411,AST
30064771649,68719477314,AST
30064771649,30064771648,AST
30064771650,68719477315,AST
30064771650,55834574942,AST
30064771651,30064771650,AST
30064771651,68719477316,AST
30064771652,68719477317,AST
30064771652,30064771651,AST
30064771653,68719477318,AST
30064771653,55834574943,AST
30064771654,30064771653,AST
30064771654,68719477319,AST
30064771655,68719477320,AST
30064771655,30064771654,AST
30064771656,68719477321,AST
30064771656,90194313412,AST
30064771657,68719477270,AST
30064771657,120259084304,AST
30064771658,68719477324,AST
30064771658,68719477323,AST
30064771659,68719477325,AST
30064771659,30064771658,AST
30064771660,68719477327,AST
30064771660,68719477326,AST
30064771661,68719477328,AST
30064771661,30064771660,AST
30064771662,68719477330,AST
30064771662,68719477329,AST
30064771663,68719477331,AST
30064771663,30064771662,AST
30064771664,68719477332,AST
30064771665,68719477333,AST
30064771665,90194313414,AST
30064771667,68719477334,AST
30064771667,30064771666,AST
30064771668,68719477336,AST
30064771668,90194313415,AST
30064771669,68719477335,AST
30064771669,30064771668,AST
30064771670,68719477337,AST
30064771670,90194313416,AST
30064771671,30064771669,AST
30064771671,30064771670,AST
30064771672,68719477338,AST
30064771672,55834574944,AST
30064771673,30064771672,AST
30064771673,68719477339,AST
30064771674,68719477340,AST
30064771674,30064771673,AST
30064771675,68719477341,AST
30064771675,55834574945,AST
30064771676,30064771675,AST
30064771676,68719477342,AST
30064771677,68719477343,AST
30064771677,30064771676,AST
30064771678,68719477345,AST
30064771678,25769803911,AST
30064771679,68719477346,AST
30064771679,90194313417,AST
30064771680,68719477347,AST
30064771680,90194313419,AST
30064771681,30064771680,AST
30064771682,68719477348,AST
30064771682,90194313421,AST
30064771683,30064771682,AST
30064771684,90194313418,AST
30064771684,30064771681,AST
30064771684,90194313420,AST
30064771684,30064771683,AST
30064771684,90194313422,AST
30064771685,68719477349,AST
30064771685,90194313424,AST
30064771686,30064771685,AST
30064771687,68719477350,AST
30064771687,90194313426,AST
30064771688,30064771687,AST
30064771689,90194313423,AST
30064771689,30064771686,AST
30064771689,90194313425,AST
30064771689,30064771688,AST
30064771690,30064771684,AST
30064771690,30064771689,AST
30064771691,68719477351,AST
30064771691,30064771690,AST
30064771693,68719477352,AST
30064771693,30064771692,AST
30064771694,68719477354,AST
30064771694,55834574946,AST
30064771695,30064771694,AST
30064771695,68719477355,AST
30064771695,68719477353,AST
30064771696,68719477356,AST
30064771696,55834574947,AST
30064771697,30064771696,AST
30064771697,68719477357,AST
30064771698,68719477358,AST
30064771698,30064771697,AST
30064771699,68719477359,AST
30064771699,55834574948,AST
30064771700,30064771699,AST
30064771700,68719477360,AST
30064771701,68719477361,AST
30064771701,30064771700,AST
30064771702,68719477362,AST
30064771702,90194313427,AST
30064771703,68719477363,AST
30064771703,90194313428,AST
30064771704,30064771702,AST
30064771704,30064771703,AST
30064771705,30064771704,AST
30064771706,68719477365,AST
30064771706,25769803915,AST
30064771706,90194313429,AST
30064771707,68719477366,AST
30064771707,30064771706,AST
30064771708,68719477368,AST
30064771708,90194313430,AST
30064771709,68719477369,AST
30064771709,55834574949,AST
30064771710,30064771709,AST
30064771710,68719477370,AST
30064771710,30064771708,AST
30064771710,90194313431,AST
30064771711,68719477371,AST
30064771711,30064771710,AST
30064771712,68719477372,AST
30064771712,55834574950,AST
30064771713,30064771712,AST
30064771713,68719477373,AST
30064771713,90194313432,AST
30064771714,30064771713,AST
30064771714,90194313433,AST
30064771715,68719477374,AST
30064771715,30064771714,AST
30064771716,68719477375,AST
30064771716,90194313435,AST
30064771717,30064771716,AST
30064771718,90194313434,AST
30064771718,30064771717,AST
30064771718,90194313436,AST
30064771719,68719477376,AST
30064771720,68719477377,AST
30064771721,30064771719,AST
30064771721,90194313437,AST
30064771721,30064771720,AST
30064771722,30064771718,AST
30064771722,30064771721,AST
30064771723,68719477378,AST
30064771723,30064771722,AST
30064771724,68719477379,AST
30064771724,90194313438,AST
30064771725,90194313439,AST
30064771725,90194313440,AST
30064771726,68719477380,AST
30064771726,30064771725,AST
30064771727,68719477381,AST
30064771727,55834574951,AST
30064771728,30064771727,AST
30064771728,68719477382,AST
30064771729,68719477383,AST
30064771729,30064771728,AST
30064771730,68719477384,AST
30064771730,55834574952,AST
30064771731,30064771730,AST
30064771731,68719477385,AST
30064771732,68719477386,AST
30064771732,30064771731,AST
30064771733,68719477322,AST
30064771733,120259084305,AST
30064771734,68719477389,AST
30064771734,68719477388,AST
30064771735,68719477390,AST
30064771735,30064771734,AST
30064771736,68719477391,AST
30064771736,90194313442,AST
30064771737,68719477392,AST
30064771737,30064771736,AST
30064771739,68719477393,AST
30064771739,30064771738,AST
30064771740,68719477395,AST
30064771740,55834574953,AST
30064771741,30064771740,AST
30064771741,68719477396,AST
30064771741,68719477394,AST
30064771742,68719477397,AST
30064771742,55834574954,AST
30064771743,30064771742,AST
30064771743,68719477398,AST
30064771744,68719477399,AST
30064771744,30064771743,AST
30064771745,68719477400,AST
30064771745,55834574955,AST
30064771746,30064771745,AST
30064771746,68719477401,AST
30064771747,68719477402,AST
30064771747,30064771746,AST
30064771748,68719477403,AST
30064771748,90194313443,AST
30064771749,30064771748,AST
30064771749,68719477404,AST
30064771750,30064771749,AST
30064771751,68719477406,AST
30064771751,25769803924,AST
30064771751,90194313444,AST
30064771752,68719477407,AST
30064771752,30064771751,AST
30064771753,68719477408,AST
30064771754,68719477409,AST
30064771754,90194313445,AST
30064771755,68719477410,AST
30064771755,90194313446,AST
30064771756,68719477411,AST
30064771756,90194313448,AST
30064771757,30064771756,AST
30064771758,90194313447,AST
30064771758,30064771757,AST
30064771759,68719477412,AST
30064771759,30064771758,AST
30064771760,68719477413,AST
30064771760,90194313449,AST
30064771761,68719477414,AST
30064771761,90194313450,AST
30064771762,68719477415,AST
30064771762,90194313451,AST
30064771763,68719477416,AST
30064771763,90194313452,AST
30064771764,68719477417,AST
30064771764,30064771763,AST
30064771765,68719477418,AST
30064771765,55834574956,AST
30064771766,30064771765,AST
30064771766,68719477419,AST
30064771767,68719477420,AST
30064771767,25769803927,AST
30064771768,68719477421,AST
30064771768,90194313453,AST
30064771769,68719477422,AST
30064771769,55834574957,AST
30064771770,30064771769,AST
30064771770,68719477423,AST
30064771770,90194313454,AST
30064771770,90194313455,AST
30064771771,68719477424,AST
30064771771,30064771770,AST
30064771772,68719477425,AST
30064771772,55834574958,AST
30064771773,68719477426,AST
30064771773,30064771772,AST
30064771774,68719477427,AST
30064771774,55834574959,AST
30064771775,30064771774,AST
30064771775,68719477428,AST
30064771776,68719477430,AST
30064771776,55834574960,AST
30064771777,30064771776,AST
30064771777,68719477431,AST
30064771777,68719477429,AST
30064771778,25769803928,AST
30064771778,30064771777,AST
30064771779,68719477432,AST
30064771779,30064771778,AST
30064771780,68719477433,AST
30064771780,55834574961,AST
30064771781,30064771780,AST
30064771781,68719477434,AST
30064771781,90194313456,AST
30064771782,68719477435,AST
30064771782,25769803929,AST
30064771783,68719477436,AST
30064771783,90194313457,AST
30064771784,68719477437,AST
30064771784,90194313458,AST
30064771785,68719477438,AST
30064771785,30064771784,AST
30064771786,68719477439,AST
30064771786,90194313459,AST
30064771787,68719477441,AST
30064771787,90194313460,AST
30064771788,30064771787,AST
30064771788,68719477440,AST
30064771789,68719477444,AST
30064771789,68719477442,AST
30064771789,68719477443,AST
30064771790,68719477445,AST
30064771791,90194313461,AST
30064771791,30064771790,AST
30064771792,68719477446,AST
30064771792,30064771791,AST
30064771793,68719477387,AST
30064771793,120259084306,AST
30064771794,68719477449,AST
30064771794,68719477448,AST
30064771795,68719477450,AST
30064771795,30064771794,AST
30064771796,68719477451,AST
30064771797,68719477452,AST
30064771797,90194313463,AST
30064771798,68719477453,AST
30064771798,90194313464,AST
30064771799,68719477454,AST
30064771799,90194313466,AST
30064771800,30064771799,AST
30064771801,68719477455,AST
30064771801,90194313468,AST
30064771802,30064771801,AST
30064771803,68719477456,AST
30064771803,90194313470,AST
30064771804,30064771803,AST
30064771805,90194313465,AST
30064771805,30064771800,AST
30064771805,90194313467,AST
30064771805,30064771802,AST
30064771805,90194313469,AST
30064771805,30064771804,AST
30064771806,68719477457,AST
30064771806,30064771805,AST
30064771807,68719477458,AST
30064771807,90194313472,AST
30064771808,68719477459,AST
30064771808,90194313473,AST
30064771809,68719477460,AST
30064771809,55834574962,AST
30064771810,30064771809,AST
30064771810,68719477461,AST
30064771810,30064771807,AST
30064771811,25769803936,AST
30064771812,90194313471,AST
30064771812,30064771811,AST
30064771813,68719477462,AST
30064771813,30064771812,AST
30064771814,68719477463,AST
30064771814,55834574963,AST
30064771815,30064771814,AST
30064771815,68719477464,AST
30064771816,68719477465,AST
30064771816,30064771815,AST
30064771817,68719477466,AST
30064771817,55834574964,AST
30064771818,30064771817,AST
30064771818,68719477467,AST
30064771819,68719477468,AST
30064771819,30064771818,AST
30064771820,90194313474,AST
30064771820,90194313475,AST
30064771821,68719477469,AST
30064771821,30064771820,AST
30064771822,68719477447,AST
30064771822,120259084307,AST
30064771823,68719477472,AST
30064771823,68719477471,AST
30064771824,68719477473,AST
30064771824,30064771823,AST
30064771826,68719477474,AST
30064771826,30064771825,AST
30064771827,68719477475,AST
30064771827,90194313477,AST
30064771828,68719477476,AST
30064771828,90194313478,AST
30064771829,30064771827,AST
30064771829,30064771828,AST
30064771830,68719477477,AST
30064771830,55834574965,AST
30064771831,30064771830,AST
30064771831,68719477478,AST
30064771831,30064771829,AST
30064771832,68719477479,AST
30064771832,55834574966,AST
30064771833,30064771832,AST
30064771833,68719477480,AST
30064771834,68719477481,AST
30064771834,30064771833,AST
30064771835,68719477482,AST
30064771835,55834574967,AST
30064771836,30064771835,AST
30064771836,68719477483,AST
30064771837,68719477484,AST
30064771837,30064771836,AST
30064771838,68719477486,AST
30064771838,25769803942,AST
30064771839,68719477487,AST
30064771839,90194313479,AST
30064771840,68719477488,AST
30064771841,68719477490,AST
30064771841,68719477489,AST
30064771842,68719477491,AST
30064771842,30064771841,AST
30064771843,68719477492,AST
30064771844,68719477493,AST
30064771844,90194313480,AST
30064771845,68719477494,AST
30064771845,30064771844,AST
30064771847,68719477495,AST
30064771847,30064771846,AST
30064771848,68719477497,AST
30064771848,55834574968,AST
30064771849,30064771848,AST
30064771849,68719477498,AST
30064771849,68719477496,AST
30064771850,68719477499,AST
30064771850,55834574969,AST
30064771851,30064771850,AST
30064771851,68719477500,AST
30064771852,68719477501,AST
30064771852,30064771851,AST
30064771853,68719477502,AST
30064771853,55834574970,AST
30064771854,30064771853,AST
30064771854,68719477503,AST
30064771855,68719477504,AST
30064771855,30064771854,AST
30064771856,68719477505,AST
30064771856,90194313481,AST
30064771857,30064771856,AST
30064771857,68719477506,AST
30064771858,30064771857,AST
30064771859,68719477508,AST
30064771859,25769803948,AST
30064771859,90194313482,AST
30064771860,68719477509,AST
30064771860,30064771859,AST
30064771861,68719477510,AST
30064771862,68719477511,AST
30064771862,90194313483,AST
30064771863,68719477512,AST
30064771863,90194313485,AST
30064771864,68719477513,AST
30064771864,90194313486,AST
30064771865,68719477514,AST
30064771865,55834574971,AST
30064771866,30064771865,AST
30064771866,68719477515,AST
30064771866,30064771863,AST
30064771867,25769803950,AST
30064771868,90194313484,AST
30064771868,30064771867,AST
30064771869,68719477516,AST
30064771869,30064771868,AST
30064771870,68719477517,AST
30064771870,90194313487,AST
30064771871,68719477518,AST
30064771871,30064771870,AST
30064771873,68719477519,AST
30064771873,30064771872,AST
30064771874,68719477521,AST
30064771874,55834574972,AST
30064771875,30064771874,AST
30064771875,68719477522,AST
30064771875,68719477520,AST
30064771876,68719477523,AST
30064771876,90194313488,AST
30064771877,68719477524,AST
30064771877,30064771876,AST
30064771878,68719477525,AST
30064771878,55834574973,AST
30064771879,30064771878,AST
30064771879,68719477526,AST
30064771880,68719477527,AST
30064771880,25769803951,AST
30064771881,68719477528,AST
30064771881,55834574974,AST
30064771882,30064771881,AST
30064771882,68719477529,AST
30064771883,68719477530,AST
30064771883,30064771882,AST
30064771884,68719477531,AST
30064771884,55834574975,AST
30064771885,30064771884,AST
30064771885,68719477532,AST
30064771886,68719477533,AST
30064771886,55834574976,AST
30064771887,30064771886,AST
30064771887,68719477534,AST
30064771888,30064771885,AST
30064771888,30064771887,AST
30064771889,30064771888,AST
30064771890,68719477536,AST
30064771890,25769803955,AST
30064771890,90194313489,AST
30064771891,68719477537,AST
30064771891,30064771890,AST
30064771892,68719477538,AST
30064771893,68719477539,AST
30064771893,90194313490,AST
30064771895,68719477540,AST
30064771895,30064771894,AST
30064771896,68719477541,AST
30064771896,90194313491,AST
30064771897,68719477542,AST
30064771897,90194313492,AST
30064771898,30064771896,AST
30064771898,30064771897,AST
30064771899,68719477543,AST
30064771899,90194313493,AST
30064771900,30064771899,AST
30064771900,68719477544,AST
30064771901,68719477545,AST
30064771901,90194313494,AST
30064771902,30064771901,AST
30064771902,68719477546,AST
30064771903,68719477547,AST
30064771903,90194313495,AST
30064771904,30064771903,AST
30064771904,90194313496,AST
30064771905,68719477549,AST
30064771905,55834574977,AST
30064771906,30064771905,AST
30064771906,68719477550,AST
30064771906,25769803957,AST
30064771907,68719477553,AST
30064771907,68719477551,AST
30064771907,68719477552,AST
30064771908,68719477554,AST
30064771908,90194313497,AST
30064771909,68719477470,AST
30064771909,120259084308,AST
30064771910,68719477557,AST
30064771910,68719477556,AST
30064771911,68719477558,AST
30064771911,30064771910,AST
30064771913,68719477559,AST
30064771913,30064771912,AST
30064771914,68719477561,AST
30064771914,55834574978,AST
30064771915,30064771914,AST
30064771915,68719477562,AST
30064771915,68719477560,AST
30064771916,68719477563,AST
30064771916,55834574979,AST
30064771917,30064771916,AST
30064771917,68719477564,AST
30064771918,68719477565,AST
30064771918,30064771917,AST
30064771919,68719477566,AST
30064771919,55834574980,AST
30064771920,30064771919,AST
30064771920,68719477567,AST
30064771921,68719477568,AST
30064771921,30064771920,AST
30064771922,68719477569,AST
30064771922,90194313499,AST
30064771923,68719477570,AST
30064771923,90194313500,AST
30064771924,30064771922,AST
30064771924,30064771923,AST
30064771925,30064771924,AST
30064771926,68719477572,AST
30064771926,25769803962,AST
30064771926,90194313501,AST
30064771927,68719477573,AST
30064771927,30064771926,AST
30064771928,68719477574,AST
30064771929,68719477575,AST
30064771929,90194313502,AST
30064771930,68719477576,AST
30064771930,90194313503,AST
30064771931,68719477578,AST
30064771931,68719477577,AST
30064771932,68719477579,AST
30064771932,30064771931,AST
30064771934,68719477580,AST
30064771934,30064771933,AST
30064771935,68719477581,AST
30064771935,90194313504,AST
30064771936,68719477582,AST
30064771936,55834574981,AST
30064771937,30064771936,AST
30064771937,68719477583,AST
30064771937,30064771935,AST
30064771938,68719477584,AST
30064771938,55834574982,AST
30064771939,30064771938,AST
30064771939,68719477585,AST
30064771940,68719477586,AST
30064771940,30064771939,AST
30064771941,68719477587,AST
30064771941,55834574983,AST
30064771942,30064771941,AST
30064771942,68719477588,AST
30064771943,68719477589,AST
30064771943,30064771942,AST
30064771944,68719477590,AST
30064771944,90194313505,AST
30064771945,68719477591,AST
30064771945,90194313506,AST
30064771946,30064771944,AST
30064771946,30064771945,AST
30064771947,30064771946,AST
30064771948,68719477593,AST
30064771948,25769803967,AST
30064771948,90194313507,AST
30064771949,68719477594,AST
30064771949,30064771948,AST
30064771950,68719477595,AST
30064771950,90194313509,AST
30064771951,30064771950,AST
30064771952,68719477596,AST
30064771953,90194313508,AST
30064771953,30064771951,AST
30064771953,90194313510,AST
30064771953,30064771952,AST
30064771953,90194313511,AST
30064771954,68719477597,AST
30064771954,90194313513,AST
30064771955,30064771954,AST
30064771956,90194313512,AST
30064771956,30064771955,AST
30064771956,90194313514,AST
30064771957,30064771953,AST
30064771957,30064771956,AST
30064771958,68719477598,AST
30064771958,30064771957,AST
30064771959,68719477599,AST
30064771959,90194313515,AST
30064771960,68719477555,AST
30064771960,120259084309,AST
30064771961,68719477601,AST
30064771961,90194313517,AST
30064771962,68719477602,AST
30064771962,90194313518,AST
30064771963,68719477603,AST
30064771963,90194313519,AST
30064771964,68719477604,AST
30064771964,90194313520,AST
30064771965,68719477605,AST
30064771965,90194313521,AST
30064771966,68719477606,AST
30064771966,90194313522,AST
30064771967,68719477607,AST
30064771967,90194313523,AST
30064771968,68719477608,AST
30064771968,30064771967,AST
30064771969,68719477609,AST
30064771969,90194313524,AST
30064771970,68719477610,AST
30064771971,68719477611,AST
30064771971,90194313525,AST
30064771972,68719477612,AST
30064771973,68719477613,AST
30064771973,90194313526,AST
30064771974,68719477614,AST
30064771975,68719477615,AST
30064771975,90194313527,AST
30064771976,68719477616,AST
30064771977,68719477617,AST
30064771977,90194313528,AST
30064771978,68719477618,AST
30064771978,90194313529,AST
30064771979,68719477619,AST
30064771979,90194313530,AST
30064771980,68719477600,AST
30064771980,120259084310,AST
30064771981,68719477621,AST
30064771981,90194313533,AST
30064771982,30064771981,AST
30064771983,90194313532,AST
30064771983,30064771982,AST
30064771983,90194313534,AST
30064771984,68719477622,AST
30064771984,30064771983,AST
30064771985,68719477623,AST
30064771985,90194313535,AST
30064771986,68719477624,AST
30064771986,90194313536,AST
30064771987,68719477625,AST
30064771987,90194313537,AST
30064771988,68719477626,AST
30064771988,90194313538,AST
30064771989,68719477627,AST
30064771989,90194313539,AST
30064771990,68719477628,AST
30064771990,30064771989,AST
30064771991,68719477629,AST
30064771991,90194313540,AST
30064771992,68719477630,AST
30064771993,68719477631,AST
30064771993,90194313541,AST
30064771994,68719477633,AST
30064771994,68719477632,AST
30064771995,68719477634,AST
30064771995,90194313542,AST
30064771996,68719477636,AST
30064771996,68719477635,AST
30064771997,68719477637,AST
30064771997,90194313543,AST
30064771998,68719477638,AST
30064771998,90194313544,AST
30064771999,68719477639,AST
30064771999,90194313545,AST
30064772000,68719477620,AST
30064772000,120259084311,AST
30064772001,68719477641,AST
30064772002,68719477642,AST
30064772002,90194313547,AST
30064772003,68719477643,AST
30064772003,90194313548,AST
30064772004,68719477644,AST
30064772004,90194313549,AST
30064772005,68719477645,AST
30064772005,90194313550,AST
30064772006,68719477646,AST
30064772006,90194313551,AST
30064772007,68719477647,AST
30064772007,90194313552,AST
30064772008,68719477648,AST
30064772008,30064772007,AST
30064772009,68719477649,AST
30064772009,90194313553,AST
30064772010,68719477650,AST
30064772011,68719477651,AST
30064772011,90194313554,AST
30064772012,68719477652,AST
30064772013,68719477653,AST
30064772014,68719477654,AST
30064772014,90194313555,AST
30064772015,68719477655,AST
30064772016,68719477656,AST
30064772016,30064772015,AST
30064772017,68719477659,AST
30064772017,68719477658,AST
30064772018,68719477660,AST
30064772018,90194313556,AST
30064772019,68719477661,AST
30064772019,90194313557,AST
30064772020,68719477662,AST
30064772020,90194313558,AST
30064772021,68719477640,AST
30064772021,120259084312,AST
30064772022,68719477663,AST
30064772022,90194313559,AST
30064772023,68719477664,AST
30064772024,68719477665,AST
30064772024,176093659147,AST
30064772025,68719477667,AST
30064772025,90194313561,AST
30064772025,90194313562,AST
30064772026,68719477666,AST
30064772026,30064772025,AST
30064772027,90194313563,AST
30064772027,90194313564,AST
30064772028,68719477668,AST
30064772028,30064772027,AST
30064772029,68719477669,AST
30064772029,90194313565,AST
30064772030,90194313566,AST
30064772030,90194313567,AST
30064772031,68719477670,AST
30064772031,30064772030,AST
30064772032,68719477671,AST
30064772032,90194313568,AST
30064772033,68719477673,AST
30064772033,55834574984,AST
30064772034,30064772033,AST
30064772034,68719477674,AST
30064772034,68719477672,AST
30064772035,68719477675,AST
30064772035,30064772034,AST
30064772036,68719477677,AST
30064772036,55834574985,AST
30064772037,30064772036,AST
30064772037,68719477678,AST
30064772037,68719477676,AST
30064772037,90194313569,AST
30064772038,68719477679,AST
30064772038,30064772037,AST
30064772039,90194313571,AST
30064772039,90194313572,AST
30064772040,90194313570,AST
30064772040,30064772039,AST
30064772041,68719477680,AST
30064772041,30064772040,AST
30064772042,68719477681,AST
30064772042,90194313573,AST
30064772043,90194313574,AST
30064772043,90194313575,AST
30064772044,68719477682,AST
30064772044,30064772043,AST
30064772045,68719477683,AST
30064772045,90194313576,AST
30064772046,68719477685,AST
30064772046,55834574986,AST
30064772047,30064772046,AST
30064772047,68719477686,AST
30064772047,68719477684,AST
30064772048,68719477687,AST
30064772048,30064772047,AST
30064772049,68719477689,AST
30064772049,55834574987,AST
30064772050,30064772049,AST
30064772050,68719477690,AST
30064772050,68719477688,AST
30064772050,90194313577,AST
30064772051,68719477691,AST
30064772051,30064772050,AST
30064772052,90194313579,AST
30064772052,90194313580,AST
30064772053,90194313578,AST
30064772053,30064772052,AST
30064772054,68719477692,AST
30064772054,30064772053,AST
30064772055,68719477693,AST
30064772055,90194313581,AST
30064772056,90194313582,AST
30064772056,90194313583,AST
30064772057,68719477694,AST
30064772057,30064772056,AST
30064772058,68719477695,AST
30064772058,90194313584,AST
30064772059,68719477697,AST
30064772059,55834574988,AST
30064772060,30064772059,AST
30064772060,68719477698,AST
30064772060,68719477696,AST
30064772061,68719477699,AST
30064772061,30064772060,AST
30064772062,68719477701,AST
30064772062,55834574989,AST
30064772063,30064772062,AST
30064772063,68719477702,AST
30064772063,68719477700,AST
30064772063,90194313585,AST
30064772064,68719477703,AST
30064772064,30064772063,AST
30064772065,68719477704,AST
30064772065,176093659148,AST
30064772066,68719477705,AST
30064772066,176093659149,AST
30064772067,68719477706,AST
30064772067,176093659150,AST
30064772068,68719477707,AST
30064772068,176093659151,AST
30064772069,68719477708,AST
30064772069,176093659152,AST
30064772070,68719477710,AST
30064772070,90194313587,AST
30064772070,90194313588,AST
30064772071,68719477709,AST
30064772071,30064772070,AST
30064772072,68719477712,AST
30064772072,90194313589,AST
30064772072,90194313590,AST
30064772073,68719477711,AST
30064772073,30064772072,AST
30064772074,68719477714,AST
30064772074,90194313591,AST
30064772074,90194313592,AST
30064772075,68719477713,AST
30064772075,30064772074,AST
30064772076,68719477716,AST
30064772076,90194313593,AST
30064772076,90194313594,AST
30064772077,68719477715,AST
30064772077,30064772076,AST
30064772079,68719477718,AST
30064772079,30064772078,AST
30064772080,68719477719,AST
30064772081,90194313596,AST
30064772081,30064772080,AST
30064772081,90194313597,AST
30064772082,68719477720,AST
30064772082,30064772081,AST
30064772083,68719477721,AST
30064772083,90194313599,AST
30064772084,30064772083,AST
30064772085,90194313598,AST
30064772085,30064772084,AST
30064772086,68719477722,AST
30064772086,30064772085,AST
30064772087,90194313600,AST
30064772087,68719477723,AST
30064772088,68719477724,AST
30064772088,30064772087,AST
30064772089,68719477725,AST
30064772089,30064772088,AST
30064772090,68719477726,AST
30064772091,90194313601,AST
30064772091,30064772090,AST
30064772092,68719477727,AST
30064772092,30064772091,AST
30064772093,68719477729,AST
30064772093,68719477728,AST
30064772094,68719477731,AST
30064772094,68719477730,AST
30064772095,68719477733,AST
30064772095,68719477732,AST
30064772096,30064772093,AST
30064772096,30064772094,AST
30064772096,30064772095,AST
30064772097,68719477735,AST
30064772097,68719477734,AST
30064772097,90194313602,AST
30064772098,68719477736,AST
30064772098,30064772097,AST
30064772100,68719477737,AST
30064772100,30064772099,AST
30064772101,68719477738,AST
30064772101,90194313603,AST
30064772102,30064772101,AST
30064772102,68719477739,AST
30064772103,68719477740,AST
30064772103,90194313604,AST
30064772104,30064772103,AST
30064772104,68719477741,AST
30064772105,68719477742,AST
30064772105,90194313605,AST
30064772106,30064772105,AST
30064772106,68719477743,AST
30064772107,68719477744,AST
30064772107,90194313606,AST
30064772108,30064772107,AST
30064772108,68719477745,AST
30064772109,68719477746,AST
30064772109,90194313607,AST
30064772110,30064772109,AST
30064772110,68719477747,AST
30064772111,68719477749,AST
30064772111,55834574990,AST
30064772112,30064772111,AST
30064772112,68719477750,AST
30064772112,25769804010,AST
30064772113,68719477752,AST
30064772113,68719477751,AST
30064772114,68719477753,AST
30064772114,30064772113,AST
30064772115,68719477754,AST
30064772115,55834574991,AST
30064772116,30064772115,AST
30064772116,68719477755,AST
30064772117,68719477756,AST
30064772117,25769804012,AST
30064772118,68719477757,AST
30064772118,55834574992,AST
30064772119,30064772118,AST
30064772119,68719477758,AST
30064772120,68719477759,AST
30064772120,30064772119,AST
30064772121,68719477717,AST
30064772121,120259084313,AST
30064772123,68719477762,AST
30064772123,30064772122,AST
30064772124,68719477763,AST
30064772124,90194313609,AST
30064772125,68719477764,AST
30064772125,30064772124,AST
30064772126,68719477765,AST
30064772126,55834574993,AST
30064772127,30064772126,AST
30064772127,68719477766,AST
30064772128,68719477767,AST
30064772128,55834574994,AST
30064772129,30064772128,AST
30064772129,68719477768,AST
30064772129,25769804016,AST
30064772130,68719477769,AST
30064772130,55834574995,AST
30064772131,30064772130,AST
30064772131,68719477770,AST
30064772132,68719477771,AST
30064772132,30064772131,AST
30064772133,68719477772,AST
30064772133,55834574996,AST
30064772134,30064772133,AST
30064772134,68719477773,AST
30064772135,68719477774,AST
30064772135,30064772134,AST
30064772136,68719477761,AST
30064772136,120259084314,AST
30064772137,68719477778,AST
30064772137,68719477777,AST
30064772138,68719477776,AST
30064772138,120259084315,AST
30064772139,68719477779,AST
30064772139,90194313611,AST
30064772140,68719477780,AST
30064772140,30064772139,AST
30064772141,68719477782,AST
30064772141,68719477781,AST
30064772142,68719477783,AST
30064772142,30064772141,AST
30064772143,68719477785,AST
30064772143,68719477784,AST
30064772144,68719477786,AST
30064772144,30064772143,AST
30064772145,68719477787,AST
30064772146,90194313612,AST
30064772146,30064772145,AST
30064772147,68719477788,AST
30064772147,30064772146,AST
30064772148,68719477789,AST
30064772148,90194313614,AST
30064772149,30064772148,AST
30064772150,90194313613,AST
30064772150,30064772149,AST
30064772151,68719477790,AST
30064772151,30064772150,AST
30064772152,68719477791,AST
30064772152,176093659153,AST
30064772153,68719477793,AST
30064772153,90194313616,AST
30064772153,90194313617,AST
30064772154,68719477792,AST
30064772154,30064772153,AST
30064772155,68719477795,AST
30064772155,90194313618,AST
30064772155,90194313619,AST
30064772156,68719477794,AST
30064772156,30064772155,AST
30064772157,68719477797,AST
30064772157,90194313620,AST
30064772157,90194313621,AST
30064772158,68719477796,AST
30064772158,30064772157,AST
30064772159,68719477799,AST
30064772159,90194313622,AST
30064772159,90194313623,AST
30064772160,68719477798,AST
30064772160,30064772159,AST
30064772161,68719477800,AST
30064772161,55834574997,AST
30064772162,68719477801,AST
30064772162,30064772161,AST
30064772163,68719477802,AST
30064772163,55834574998,AST
30064772164,30064772163,AST
30064772164,68719477803,AST
30064772164,90194313624,AST
30064772165,68719477805,AST
30064772165,55834574999,AST
30064772166,68719477806,AST
30064772166,30064772165,AST
30064772167,68719477807,AST
30064772167,55834575000,AST
30064772168,30064772167,AST
30064772168,68719477808,AST
30064772168,68719477804,AST
30064772169,25769804023,AST
30064772169,25769804024,AST
30064772170,68719477809,AST
30064772170,30064772169,AST
30064772171,68719477811,AST
30064772171,55834575001,AST
30064772172,68719477812,AST
30064772172,30064772171,AST
30064772173,68719477813,AST
30064772173,55834575002,AST
30064772174,68719477814,AST
30064772174,55834575003,AST
30064772175,68719477815,AST
30064772175,30064772174,AST
30064772176,68719477816,AST
30064772176,55834575004,AST
30064772177,30064772176,AST
30064772177,68719477817,AST
30064772177,30064772173,AST
30064772178,25769804026,AST
30064772178,68719477818,AST
30064772179,68719477819,AST
30064772179,55834575005,AST
30064772180,68719477820,AST
30064772180,30064772179,AST
30064772181,68719477821,AST
30064772181,55834575006,AST
30064772182,68719477822,AST
30064772182,30064772181,AST
30064772183,68719477823,AST
30064772184,68719477824,AST
30064772185,68719477825,AST
30064772186,90194313626,AST
30064772186,30064772183,AST
30064772186,90194313627,AST
30064772186,30064772184,AST
30064772186,90194313628,AST
30064772186,30064772185,AST
30064772187,68719477826,AST
30064772187,30064772186,AST
30064772188,68719477810,AST
30064772188,120259084316,AST
30064772189,68719477830,AST
30064772189,68719477829,AST
30064772190,68719477831,AST
30064772190,30064772189,AST
30064772191,68719477833,AST
30064772191,68719477832,AST
30064772191,90194313630,AST
30064772192,68719477834,AST
30064772192,30064772191,AST
30064772193,68719477835,AST
30064772193,68719477836,AST
30064772194,68719477828,AST
30064772194,120259084317,AST
30064772195,68719477838,AST
30064772195,55834575007,AST
30064772196,30064772195,AST
30064772196,68719477839,AST
30064772196,68719477837,AST
30064772197,68719477840,AST
30064772197,90194313631,AST
30064772197,90194313632,AST
30064772198,68719477841,AST
30064772198,30064772197,AST
30064772199,68719477842,AST
30064772199,55834575008,AST
30064772200,30064772199,AST
30064772200,68719477843,AST
30064772200,90194313633,AST
30064772201,68719477845,AST
30064772201,90194313634,AST
30064772201,68719477844,AST
47244640256,25769803777,AST
47244640256,25769803778,AST
47244640257,25769803782,AST
47244640257,47244640258,AST
47244640258,25769803783,AST
47244640259,25769803786,AST
47244640259,47244640260,AST
47244640260,25769803787,AST
47244640261,30064771128,AST
47244640261,25769803788,AST
47244640262,25769803790,AST
47244640262,47244640263,AST
47244640263,25769803791,AST
47244640264,30064771161,AST
47244640264,25769803797,AST
47244640265,180388626432,AST
47244640265,25769803798,AST
47244640266,30064771202,AST
47244640266,25769803803,AST
47244640267,30064771236,AST
47244640267,25769803805,AST
47244640269,30064771245,AST
47244640269,25769803808,AST
47244640271,30064771249,AST
47244640271,25769803809,AST
47244640272,90194313282,AST
47244640272,25769803810,AST
47244640273,30064771258,AST
47244640273,25769803813,AST
47244640274,90194313285,AST
47244640274,25769803814,AST
47244640275,25769803819,AST
47244640275,47244640276,AST
47244640276,25769803820,AST
47244640277,90194313288,AST
47244640277,25769803821,AST
47244640278,180388626433,AST
47244640278,25769803833,AST
47244640279,30064771333,AST
47244640279,25769803836,AST
47244640280,180388626434,AST
47244640280,25769803837,AST
47244640281,180388626435,AST
47244640281,25769803844,AST
47244640283,30064771396,AST
47244640283,25769803843,AST
47244640284,30064771404,AST
47244640284,25769803847,AST
47244640285,68719477073,AST
47244640285,25769803848,AST
47244640286,180388626436,AST
47244640286,25769803850,AST
47244640287,30064771442,AST
47244640287,25769803854,AST
47244640288,30064771436,AST
47244640288,25769803855,AST
47244640289,180388626437,AST
47244640289,25769803856,AST
47244640290,180388626438,AST
47244640290,25769803859,AST
47244640291,180388626439,AST
47244640291,25769803865,AST
47244640293,30064771497,AST
47244640293,25769803864,AST
47244640294,30064771499,AST
47244640294,25769803868,AST
47244640295,180388626440,AST
47244640295,25769803869,AST
47244640296,30064771473,AST
47244640296,25769803873,AST
47244640296,25769803893,AST
47244640297,30064771537,AST
47244640297,25769803874,AST
47244640298,180388626441,AST
47244640298,25769803876,AST
47244640300,30064771553,AST
47244640300,25769803875,AST
47244640301,30064771556,AST
47244640301,25769803879,AST
47244640302,180388626442,AST
47244640302,25769803880,AST
47244640303,30064771572,AST
47244640303,25769803883,AST
47244640304,30064771578,AST
47244640304,25769803884,AST
47244640305,180388626443,AST
47244640305,25769803886,AST
47244640307,30064771592,AST
47244640307,25769803885,AST
47244640308,30064771534,AST
47244640308,25769803889,AST
47244640308,25769803892,AST
47244640309,30064771595,AST
47244640309,25769803890,AST
47244640309,25769803891,AST
47244640310,180388626444,AST
47244640310,25769803899,AST
47244640312,30064771623,AST
47244640312,25769803898,AST
47244640313,180388626445,AST
47244640313,25769803903,AST
47244640314,68719477299,AST
47244640314,25769803905,AST
47244640314,25769803906,AST
47244640315,30064771664,AST
47244640315,25769803908,AST
47244640316,180388626446,AST
47244640316,25769803909,AST
47244640317,180388626447,AST
47244640317,25769803913,AST
47244640319,30064771705,AST
47244640319,25769803912,AST
47244640320,68719477367,AST
47244640320,25769803916,AST
47244640320,25769803917,AST
47244640321,180388626448,AST
47244640321,25769803918,AST
47244640322,180388626449,AST
47244640322,25769803922,AST
47244640324,30064771750,AST
47244640324,25769803921,AST
47244640325,30064771753,AST
47244640325,25769803925,AST
47244640326,30064771755,AST
47244640326,25769803926,AST
47244640327,30064771768,AST
47244640327,25769803930,AST
47244640327,25769803933,AST
47244640328,30064771783,AST
47244640328,25769803931,AST
47244640328,25769803932,AST
47244640329,30064771796,AST
47244640329,25769803935,AST
47244640330,180388626450,AST
47244640330,25769803937,AST
47244640331,180388626451,AST
47244640331,25769803940,AST
47244640332,30064771838,AST
47244640332,25769803943,AST
47244640333,30064771843,AST
47244640333,25769803944,AST
47244640334,180388626452,AST
47244640334,25769803946,AST
47244640336,30064771858,AST
47244640336,25769803945,AST
47244640337,30064771861,AST
47244640337,25769803949,AST
47244640338,180388626453,AST
47244640338,25769803953,AST
47244640340,30064771889,AST
47244640340,25769803952,AST
47244640341,30064771892,AST
47244640341,25769803956,AST
47244640342,180388626454,AST
47244640342,25769803960,AST
47244640344,30064771925,AST
47244640344,25769803959,AST
47244640345,30064771928,AST
47244640345,25769803963,AST
47244640345,25769803970,AST
47244640346,180388626455,AST
47244640346,25769803965,AST
47244640348,30064771947,AST
47244640348,25769803964,AST
47244640349,30064771930,AST
47244640349,25769803968,AST
47244640349,25769803969,AST
47244640350,30064771969,AST
47244640350,25769803972,AST
47244640350,25769803981,AST
47244640351,30064771971,AST
47244640351,25769803973,AST
47244640351,25769803980,AST
47244640352,30064771973,AST
47244640352,25769803974,AST
47244640352,25769803979,AST
47244640353,30064771975,AST
47244640353,25769803975,AST
47244640353,25769803978,AST
47244640355,30064771977,AST
47244640355,25769803976,AST
47244640355,25769803977,AST
47244640356,90194313516,AST
47244640356,25769803982,AST
47244640357,30064771991,AST
47244640357,25769803984,AST
47244640357,25769803991,AST
47244640358,30064771993,AST
47244640358,25769803985,AST
47244640358,25769803990,AST
47244640359,30064771995,AST
47244640359,25769803986,AST
47244640359,25769803989,AST
47244640361,30064771997,AST
47244640361,25769803987,AST
47244640361,25769803988,AST
47244640362,90194313531,AST
47244640362,25769803992,AST
47244640363,30064772009,AST
47244640363,25769803994,AST
47244640363,25769804003,AST
47244640364,30064772012,AST
47244640364,25769803995,AST
47244640365,30064772011,AST
47244640365,25769803996,AST
47244640365,25769804002,AST
47244640366,68719477657,AST
47244640366,25769803997,AST
47244640367,30064772014,AST
47244640367,25769803998,AST
47244640367,25769804001,AST
47244640369,30064772018,AST
47244640369,25769803999,AST
47244640369,25769804000,AST
47244640370,90194313546,AST
47244640370,25769804004,AST
47244640371,30064772022,AST
47244640371,25769804005,AST
47244640372,30064772096,AST
47244640372,25769804011,AST
47244640373,180388626456,AST
47244640373,25769804013,AST
47244640374,180388626457,AST
47244640374,25769804017,AST
47244640375,30064772178,AST
47244640375,25769804027,AST
60129542144,137438953473,AST
60129542145,137438953474,AST
60129542146,137438953475,AST
60129542147,137438953476,AST
68719477709,120259084318,AST
68719477711,120259084319,AST
68719477713,120259084320,AST
68719477715,120259084321,AST
68719477796,120259084322,AST
68719477798,120259084323,AST
107374182400,25769803776,AST
107374182400,128849018880,AST
107374182400,128849018881,AST
107374182400,124554051584,AST
107374182400,107374182401,AST
107374182400,167503724545,AST
107374182400,107374182402,AST
107374182400,167503724546,AST
107374182400,107374182403,AST
107374182400,167503724547,AST
107374182400,107374182404,AST
107374182400,167503724548,AST
107374182400,107374182405,AST
107374182400,167503724549,AST
107374182400,107374182406,AST
107374182400,167503724550,AST
107374182400,107374182407,AST
107374182400,167503724551,AST
107374182400,107374182408,AST
107374182400,167503724552,AST
107374182400,107374182409,AST
107374182400,167503724553,AST
107374182400,107374182410,AST
107374182400,167503724554,AST
107374182400,107374182411,AST
107374182400,167503724555,AST
107374182400,107374182412,AST
107374182400,167503724557,AST
107374182400,107374182414,AST
107374182400,167503724558,AST
107374182400,107374182415,AST
107374182400,167503724559,AST
107374182400,107374182416,AST
107374182400,167503724560,AST
107374182400,107374182417,AST
107374182400,167503724561,AST
107374182400,107374182418,AST
107374182400,167503724562,AST
107374182400,107374182419,AST
107374182400,167503724563,AST
107374182400,107374182420,AST
107374182400,167503724564,AST
107374182400,107374182421,AST
107374182400,167503724565,AST
107374182400,107374182422,AST
107374182400,167503724566,AST
107374182400,107374182423,AST
107374182400,167503724567,AST
107374182400,107374182424,AST
107374182400,167503724568,AST
107374182400,107374182425,AST
107374182400,167503724569,AST
107374182400,73014444032,AST
107374182400,73014444033,AST
107374182400,73014444034,AST
107374182400,73014444035,AST
107374182400,73014444036,AST
107374182400,73014444037,AST
107374182400,73014444038,AST
107374182400,73014444039,AST
107374182401,25769803779,AST
107374182401,128849018882,AST
107374182401,111669149696,AST
107374182401,124554051585,AST
107374182401,115964116992,AST
107374182402,25769803789,AST
107374182402,128849018883,AST
107374182402,111669149697,AST
107374182402,111669149698,AST
107374182402,124554051586,AST
107374182402,115964116993,AST
107374182402,115964116994,AST
107374182403,25769803793,AST
107374182403,128849018884,AST
107374182403,124554051587,AST
107374182404,25769803806,AST
107374182404,128849018885,AST
107374182404,111669149699,AST
107374182404,111669149700,AST
107374182404,111669149701,AST
107374182404,124554051588,AST
107374182404,115964116995,AST
107374182404,115964116996,AST
107374182404,115964116997,AST
107374182405,25769803811,AST
107374182405,128849018886,AST
107374182405,111669149702,AST
107374182405,124554051589,AST
107374182405,115964116998,AST
107374182406,25769803815,AST
107374182406,128849018887,AST
107374182406,111669149703,AST
107374182406,124554051590,AST
107374182406,115964116999,AST
107374182407,25769803822,AST
107374182407,128849018888,AST
107374182407,111669149704,AST
107374182407,124554051591,AST
107374182407,115964117000,AST
107374182408,25769803825,AST
107374182408,128849018889,AST
107374182408,111669149705,AST
107374182408,111669149706,AST
107374182408,124554051592,AST
107374182408,115964117001,AST
107374182408,115964117002,AST
107374182409,25769803828,AST
107374182409,128849018890,AST
107374182409,111669149707,AST
107374182409,124554051593,AST
107374182409,115964117003,AST
107374182410,25769803829,AST
107374182410,128849018891,AST
107374182410,111669149708,AST
107374182410,124554051594,AST
107374182410,115964117004,AST
107374182411,25769803830,AST
107374182411,128849018892,AST
107374182411,111669149709,AST
107374182411,124554051595,AST
107374182411,115964117005,AST
107374182412,25769803831,AST
107374182412,128849018893,AST
107374182412,124554051596,AST
107374182412,107374182413,AST
107374182412,167503724556,AST
107374182413,25769803832,AST
107374182413,128849018894,AST
107374182413,128849018895,AST
107374182413,111669149710,AST
107374182413,124554051597,AST
107374182413,115964117006,AST
107374182414,25769803842,AST
107374182414,128849018896,AST
107374182414,124554051598,AST
107374182415,25769803852,AST
107374182415,128849018897,AST
107374182415,124554051599,AST
107374182416,25769803861,AST
107374182416,128849018898,AST
107374182416,124554051600,AST
107374182417,25769803894,AST
107374182417,128849018899,AST
107374182417,124554051601,AST
107374182418,25769803907,AST
107374182418,128849018900,AST
107374182418,124554051602,AST
107374182419,25769803920,AST
107374182419,128849018901,AST
107374182419,124554051603,AST
107374182420,25769803934,AST
107374182420,128849018902,AST
107374182420,124554051604,AST
107374182421,25769803939,AST
107374182421,128849018903,AST
107374182421,111669149711,AST
107374182421,124554051605,AST
107374182421,115964117007,AST
107374182422,25769803958,AST
107374182422,128849018904,AST
107374182422,111669149712,AST
107374182422,124554051606,AST
107374182422,115964117008,AST
107374182423,25769803971,AST
107374182423,128849018905,AST
107374182423,124554051607,AST
107374182424,25769803983,AST
107374182424,128849018906,AST
107374182424,111669149713,AST
107374182424,124554051608,AST
107374182424,115964117009,AST
107374182425,25769803993,AST
107374182425,128849018907,AST
107374182425,124554051609,AST
107374182426,25769804006,AST
107374182426,128849018908,AST
107374182426,128849018909,AST
107374182426,124554051610,AST
107374182426,73014444040,AST
107374182427,25769804007,AST
107374182427,128849018910,AST
107374182427,128849018911,AST
107374182427,124554051611,AST
107374182427,107374182428,AST
107374182427,167503724572,AST
107374182427,107374182429,AST
107374182427,167503724573,AST
107374182427,107374182430,AST
107374182427,167503724574,AST
107374182427,73014444041,AST
107374182427,73014444042,AST
107374182427,73014444043,AST
107374182427,73014444044,AST
107374182428,25769804009,AST
107374182428,128849018912,AST
107374182428,111669149714,AST
107374182428,124554051612,AST
107374182428,115964117010,AST
107374182429,25769804015,AST
107374182429,128849018913,AST
107374182429,111669149715,AST
107374182429,124554051613,AST
107374182429,115964117011,AST
107374182430,25769804020,AST
107374182430,128849018914,AST
107374182430,111669149716,AST
107374182430,124554051614,AST
107374182430,115964117012,AST
107374182431,25769804021,AST
107374182431,128849018915,AST
107374182431,128849018916,AST
107374182431,124554051615,AST
107374182431,107374182432,AST
107374182431,167503724576,AST
107374182431,107374182433,AST
107374182431,167503724577,AST
107374182431,73014444045,AST
107374182431,73014444046,AST
107374182431,73014444047,AST
107374182431,73014444048,AST
107374182432,25769804025,AST
107374182432,128849018917,AST
107374182432,111669149717,AST
107374182432,111669149718,AST
107374182432,111669149719,AST
107374182432,124554051616,AST
107374182432,115964117013,AST
107374182432,115964117014,AST
107374182432,115964117015,AST
107374182433,25769804028,AST
107374182433,128849018918,AST
107374182433,111669149720,AST
107374182433,111669149721,AST
107374182433,124554051617,AST
107374182433,115964117016,AST
107374182433,115964117017,AST
107374182434,111669149722,AST
107374182434,111669149723,AST
107374182434,111669149724,AST
107374182434,25769804029,AST
107374182434,124554051618,AST
107374182434,115964117018,AST
107374182434,115964117019,AST
107374182434,115964117020,AST
107374182435,111669149725,AST
107374182435,111669149726,AST
107374182435,25769804030,AST
107374182435,124554051619,AST
107374182435,115964117021,AST
107374182435,115964117022,AST
107374182436,111669149727,AST
107374182436,25769804031,AST
107374182436,124554051620,AST
107374182436,115964117023,AST
107374182437,111669149728,AST
107374182437,111669149729,AST
107374182437,111669149730,AST
107374182437,25769804032,AST
107374182437,124554051621,AST
107374182437,115964117024,AST
107374182437,115964117025,AST
107374182437,115964117026,AST
107374182438,111669149731,AST
107374182438,111669149732,AST
107374182438,25769804033,AST
107374182438,124554051622,AST
107374182438,115964117027,AST
107374182438,115964117028,AST
107374182439,111669149733,AST
107374182439,111669149734,AST
107374182439,111669149735,AST
107374182439,111669149736,AST
107374182439,111669149737,AST
107374182439,111669149738,AST
107374182439,25769804034,AST
107374182439,124554051623,AST
107374182439,115964117029,AST
107374182439,115964117030,AST
107374182439,115964117031,AST
107374182439,115964117032,AST
107374182439,115964117033,AST
107374182439,115964117034,AST
107374182440,111669149739,AST
107374182440,111669149740,AST
107374182440,25769804035,AST
107374182440,124554051624,AST
107374182440,115964117035,AST
107374182440,115964117036,AST
107374182441,111669149741,AST
107374182441,111669149742,AST
107374182441,25769804036,AST
107374182441,124554051625,AST
107374182441,115964117037,AST
107374182441,115964117038,AST
107374182442,111669149743,AST
107374182442,25769804037,AST
107374182442,124554051626,AST
107374182442,115964117039,AST
107374182443,111669149744,AST
107374182443,111669149745,AST
107374182443,25769804038,AST
107374182443,124554051627,AST
107374182443,115964117040,AST
107374182443,115964117041,AST
107374182444,111669149746,AST
107374182444,111669149747,AST
107374182444,25769804039,AST
107374182444,124554051628,AST
107374182444,115964117042,AST
107374182444,115964117043,AST
107374182445,111669149748,AST
107374182445,111669149749,AST
107374182445,25769804040,AST
107374182445,124554051629,AST
107374182445,115964117044,AST
107374182445,115964117045,AST
107374182446,111669149750,AST
107374182446,111669149751,AST
107374182446,25769804041,AST
107374182446,124554051630,AST
107374182446,115964117046,AST
107374182446,115964117047,AST
107374182447,111669149752,AST
107374182447,25769804042,AST
107374182447,124554051631,AST
107374182447,115964117048,AST
107374182448,111669149753,AST
107374182448,25769804043,AST
107374182448,124554051632,AST
107374182448,115964117049,AST
107374182449,111669149754,AST
107374182449,111669149755,AST
107374182449,25769804044,AST
107374182449,124554051633,AST
107374182449,115964117050,AST
107374182449,115964117051,AST
107374182450,111669149756,AST
107374182450,111669149757,AST
107374182450,25769804045,AST
107374182450,124554051634,AST
107374182450,115964117052,AST
107374182450,115964117053,AST
107374182451,111669149758,AST
107374182451,111669149759,AST
107374182451,25769804046,AST
107374182451,124554051635,AST
107374182451,115964117054,AST
107374182451,115964117055,AST
107374182452,111669149760,AST
107374182452,111669149761,AST
107374182452,25769804047,AST
107374182452,124554051636,AST
107374182452,115964117056,AST
107374182452,115964117057,AST
107374182453,111669149762,AST
107374182453,111669149763,AST
107374182453,25769804048,AST
107374182453,124554051637,AST
107374182453,115964117058,AST
107374182453,115964117059,AST
107374182454,111669149764,AST
107374182454,111669149765,AST
107374182454,25769804049,AST
107374182454,124554051638,AST
107374182454,115964117060,AST
107374182454,115964117061,AST
107374182455,111669149766,AST
107374182455,111669149767,AST
107374182455,25769804050,AST
107374182455,124554051639,AST
107374182455,115964117062,AST
107374182455,115964117063,AST
107374182456,111669149768,AST
107374182456,111669149769,AST
107374182456,25769804051,AST
107374182456,124554051640,AST
107374182456,115964117064,AST
107374182456,115964117065,AST
107374182457,111669149770,AST
107374182457,111669149771,AST
107374182457,111669149772,AST
107374182457,25769804052,AST
107374182457,124554051641,AST
107374182458,111669149773,AST
107374182458,111669149774,AST
107374182458,111669149775,AST
107374182458,111669149776,AST
107374182458,25769804053,AST
107374182458,124554051642,AST
107374182459,111669149777,AST
107374182459,111669149778,AST
107374182459,111669149779,AST
107374182459,25769804054,AST
107374182459,124554051643,AST
107374182460,111669149780,AST
107374182460,111669149781,AST
107374182460,111669149782,AST
107374182460,25769804055,AST
107374182460,124554051644,AST
107374182461,111669149783,AST
107374182461,111669149784,AST
107374182461,111669149785,AST
107374182461,25769804056,AST
107374182461,124554051645,AST
107374182462,111669149786,AST
107374182462,111669149787,AST
107374182462,111669149788,AST
107374182462,25769804057,AST
107374182462,124554051646,AST
107374182463,111669149789,AST
107374182463,111669149790,AST
107374182463,25769804058,AST
107374182463,124554051647,AST
107374182464,111669149791,AST
107374182464,111669149792,AST
107374182464,111669149793,AST
107374182464,111669149794,AST
107374182464,111669149795,AST
107374182464,25769804059,AST
107374182464,124554051648,AST
107374182465,111669149796,AST
107374182465,111669149797,AST
107374182465,111669149798,AST
107374182465,25769804060,AST
107374182465,124554051649,AST
107374182466,111669149799,AST
107374182466,111669149800,AST
107374182466,25769804061,AST
107374182466,124554051650,AST
107374182467,111669149801,AST
107374182467,111669149802,AST
107374182467,25769804062,AST
107374182467,124554051651,AST
107374182468,111669149803,AST
107374182468,111669149804,AST
107374182468,25769804063,AST
107374182468,124554051652,AST
107374182469,111669149805,AST
107374182469,111669149806,AST
107374182469,111669149807,AST
107374182469,25769804064,AST
107374182469,124554051653,AST
107374182470,111669149808,AST
107374182470,111669149809,AST
107374182470,25769804065,AST
107374182470,124554051654,AST
107374182471,111669149810,AST
107374182471,111669149811,AST
107374182471,111669149812,AST
107374182471,25769804066,AST
107374182471,124554051655,AST
107374182472,111669149813,AST
107374182472,111669149814,AST
107374182472,25769804067,AST
107374182472,124554051656,AST
107374182473,111669149815,AST
107374182473,111669149816,AST
107374182473,25769804068,AST
107374182473,124554051657,AST
107374182474,111669149817,AST
107374182474,111669149818,AST
107374182474,25769804069,AST
107374182474,124554051658,AST
107374182475,111669149819,AST
107374182475,111669149820,AST
107374182475,25769804070,AST
107374182475,124554051659,AST
107374182476,111669149821,AST
107374182476,111669149822,AST
107374182476,25769804071,AST
107374182476,124554051660,AST
107374182477,111669149823,AST
107374182477,111669149824,AST
107374182477,111669149825,AST
107374182477,25769804072,AST
107374182477,124554051661,AST
107374182478,111669149826,AST
107374182478,111669149827,AST
107374182478,25769804073,AST
107374182478,124554051662,AST
107374182479,111669149828,AST
107374182479,111669149829,AST
107374182479,111669149830,AST
107374182479,25769804074,AST
107374182479,124554051663,AST
107374182480,111669149831,AST
107374182480,111669149832,AST
107374182480,25769804075,AST
107374182480,124554051664,AST
107374182481,111669149833,AST
107374182481,111669149834,AST
107374182481,111669149835,AST
107374182481,111669149836,AST
107374182481,25769804076,AST
107374182481,124554051665,AST
107374182482,111669149837,AST
107374182482,111669149838,AST
107374182482,25769804077,AST
107374182482,124554051666,AST
107374182483,111669149839,AST
107374182483,111669149840,AST
107374182483,25769804078,AST
107374182483,124554051667,AST
107374182484,111669149841,AST
107374182484,111669149842,AST
107374182484,111669149843,AST
107374182484,25769804079,AST
107374182484,124554051668,AST
107374182485,111669149844,AST
107374182485,111669149845,AST
107374182485,111669149846,AST
107374182485,25769804080,AST
107374182485,124554051669,AST
107374182486,111669149847,AST
107374182486,111669149848,AST
107374182486,111669149849,AST
107374182486,111669149850,AST
107374182486,25769804081,AST
107374182486,124554051670,AST
107374182487,111669149851,AST
107374182487,111669149852,AST
107374182487,111669149853,AST
107374182487,25769804082,AST
107374182487,124554051671,AST
107374182488,111669149854,AST
107374182488,111669149855,AST
107374182488,111669149856,AST
107374182488,25769804083,AST
107374182488,124554051672,AST
107374182489,111669149857,AST
107374182489,111669149858,AST
107374182489,25769804084,AST
107374182489,124554051673,AST
107374182490,111669149859,AST
107374182490,111669149860,AST
107374182490,25769804085,AST
107374182490,124554051674,AST
107374182491,111669149861,AST
107374182491,111669149862,AST
107374182491,25769804086,AST
107374182491,124554051675,AST
107374182492,111669149863,AST
107374182492,111669149864,AST
107374182492,25769804087,AST
107374182492,124554051676,AST
107374182493,111669149865,AST
107374182493,111669149866,AST
107374182493,25769804088,AST
107374182493,124554051677,AST
107374182494,111669149867,AST
107374182494,111669149868,AST
107374182494,25769804089,AST
107374182494,124554051678,AST
107374182495,111669149869,AST
107374182495,111669149870,AST
107374182495,111669149871,AST
107374182495,25769804090,AST
107374182495,124554051679,AST
107374182496,111669149872,AST
107374182496,111669149873,AST
107374182496,111669149874,AST
107374182496,25769804091,AST
107374182496,124554051680,AST
107374182497,111669149875,AST
107374182497,111669149876,AST
107374182497,25769804092,AST
107374182497,124554051681,AST
107374182498,111669149877,AST
107374182498,111669149878,AST
107374182498,25769804093,AST
107374182498,124554051682,AST
107374182499,111669149879,AST
107374182499,111669149880,AST
107374182499,25769804094,AST
107374182499,124554051683,AST
107374182500,111669149881,AST
107374182500,111669149882,AST
107374182500,25769804095,AST
107374182500,124554051684,AST
107374182501,111669149883,AST
107374182501,111669149884,AST
107374182501,111669149885,AST
107374182501,25769804096,AST
107374182501,124554051685,AST
107374182502,111669149886,AST
107374182502,111669149887,AST
107374182502,25769804097,AST
107374182502,124554051686,AST
107374182503,111669149888,AST
107374182503,111669149889,AST
107374182503,25769804098,AST
107374182503,124554051687,AST
107374182504,111669149890,AST
107374182504,111669149891,AST
107374182504,111669149892,AST
107374182504,111669149893,AST
107374182504,25769804099,AST
107374182504,124554051688,AST
107374182505,111669149894,AST
107374182505,111669149895,AST
107374182505,111669149896,AST
107374182505,111669149897,AST
107374182505,25769804100,AST
107374182505,124554051689,AST
107374182506,111669149898,AST
107374182506,111669149899,AST
107374182506,25769804101,AST
107374182506,124554051690,AST
107374182507,111669149900,AST
107374182507,111669149901,AST
107374182507,111669149902,AST
107374182507,25769804102,AST
107374182507,124554051691,AST
107374182508,111669149903,AST
107374182508,111669149904,AST
107374182508,25769804103,AST
107374182508,124554051692,AST
107374182509,111669149905,AST
107374182509,111669149906,AST
107374182509,25769804104,AST
107374182509,124554051693,AST
107374182510,111669149907,AST
107374182510,111669149908,AST
107374182510,25769804105,AST
107374182510,124554051694,AST
107374182511,111669149909,AST
107374182511,111669149910,AST
107374182511,25769804106,AST
107374182511,124554051695,AST
107374182512,111669149911,AST
107374182512,111669149912,AST
107374182512,111669149913,AST
107374182512,25769804107,AST
107374182512,124554051696,AST
107374182513,111669149914,AST
107374182513,111669149915,AST
107374182513,111669149916,AST
107374182513,111669149917,AST
107374182513,25769804108,AST
107374182513,124554051697,AST
107374182514,111669149918,AST
107374182514,111669149919,AST
107374182514,25769804109,AST
107374182514,124554051698,AST
107374182515,111669149920,AST
107374182515,111669149921,AST
107374182515,111669149922,AST
107374182515,25769804110,AST
107374182515,124554051699,AST
107374182516,111669149923,AST
107374182516,111669149924,AST
107374182516,25769804111,AST
107374182516,124554051700,AST
107374182517,111669149925,AST
107374182517,111669149926,AST
107374182517,25769804112,AST
107374182517,124554051701,AST
107374182518,111669149927,AST
107374182518,111669149928,AST
107374182518,25769804113,AST
107374182518,124554051702,AST
107374182519,111669149929,AST
107374182519,111669149930,AST
107374182519,25769804114,AST
107374182519,124554051703,AST
107374182520,111669149931,AST
107374182520,111669149932,AST
107374182520,111669149933,AST
107374182520,25769804115,AST
107374182520,124554051704,AST
107374182521,111669149934,AST
107374182521,111669149935,AST
107374182521,111669149936,AST
107374182521,25769804116,AST
107374182521,124554051705,AST
137438953472,167503724544,AST
137438953472,107374182434,AST
137438953472,107374182435,AST
137438953472,107374182436,AST
137438953472,107374182437,AST
137438953472,107374182438,AST
137438953472,107374182439,AST
137438953472,107374182440,AST
137438953472,107374182441,AST
137438953472,107374182442,AST
137438953472,107374182443,AST
137438953472,107374182444,AST
137438953472,107374182445,AST
137438953472,107374182446,AST
137438953472,107374182447,AST
137438953472,107374182448,AST
137438953472,107374182449,AST
137438953472,107374182450,AST
137438953472,107374182451,AST
137438953472,107374182452,AST
137438953472,107374182453,AST
137438953472,107374182454,AST
137438953472,107374182455,AST
137438953472,107374182456,AST
137438953473,107374182400,AST
137438953473,167503724570,AST
137438953474,107374182426,AST
137438953474,167503724571,AST
137438953475,107374182427,AST
137438953475,167503724575,AST
137438953476,107374182431,AST
137438953476,167503724578,AST
137438953477,107374182468,AST
137438953477,107374182518,AST
137438953477,107374182471,AST
137438953477,107374182515,AST
137438953477,107374182458,AST
137438953477,107374182470,AST
137438953477,107374182500,AST
137438953477,107374182460,AST
137438953477,107374182502,AST
137438953477,107374182510,AST
137438953477,107374182466,AST
137438953477,107374182501,AST
137438953477,107374182463,AST
137438953477,107374182457,AST
137438953477,107374182484,AST
137438953477,107374182477,AST
137438953477,107374182506,AST
137438953477,107374182479,AST
137438953477,107374182485,AST
137438953477,107374182498,AST
137438953477,107374182464,AST
137438953477,107374182508,AST
137438953477,107374182499,AST
137438953477,107374182474,AST
137438953477,107374182487,AST
137438953477,107374182465,AST
137438953477,107374182504,AST
137438953477,107374182492,AST
137438953477,107374182473,AST
137438953477,107374182489,AST
137438953477,107374182521,AST
137438953477,107374182481,AST
137438953477,107374182469,AST
137438953477,107374182496,AST
137438953477,107374182482,AST
137438953477,107374182483,AST
137438953477,107374182476,AST
137438953477,107374182520,AST
137438953477,107374182480,AST
137438953477,107374182488,AST
137438953477,107374182490,AST
137438953477,107374182514,AST
137438953477,107374182507,AST
137438953477,107374182519,AST
137438953477,107374182486,AST
137438953477,107374182491,AST
137438953477,107374182493,AST
137438953477,107374182503,AST
137438953477,107374182462,AST
137438953477,107374182461,AST
137438953477,107374182516,AST
137438953477,107374182472,AST
137438953477,107374182495,AST
137438953477,107374182511,AST
137438953477,107374182505,AST
137438953477,107374182478,AST
137438953477,107374182497,AST
137438953477,107374182517,AST
137438953477,107374182512,AST
137438953477,107374182467,AST
137438953477,107374182475,AST
137438953477,107374182494,AST
137438953477,107374182513,AST
137438953477,107374182509,AST
137438953477,107374182459,AST
141733920768,30064771130,AST
141733920769,30064771141,AST
141733920770,30064771142,AST
141733920771,68719476911,AST
141733920772,30064771259,AST
141733920773,68719476936,AST
141733920774,30064771282,AST
141733920775,25769803827,AST
141733920776,30064771296,AST
141733920777,30064771300,AST
141733920778,30064771304,AST
141733920779,30064771316,AST
141733920781,90194313332,AST
141733920782,90194313339,AST
141733920783,68719477120,AST
141733920784,90194313358,AST
141733920800,68719477760,AST
141733920801,25769804019,AST
141733920802,30064772137,AST
141733920803,90194313625,AST
141733920804,68719477827,AST
141733920805,30064772193,AST
167503724570,98784247808,AST
167503724570,98784247809,AST
167503724570,98784247810,AST
167503724570,98784247811,AST
167503724570,98784247812,AST
167503724570,98784247813,AST
167503724570,98784247814,AST
167503724570,98784247815,AST
167503724570,98784247816,AST
167503724570,98784247817,AST
167503724570,98784247818,AST
167503724570,98784247819,AST
167503724570,98784247820,AST
167503724570,98784247821,AST
167503724570,98784247822,AST
167503724571,98784247823,AST
167503724571,98784247824,AST
167503724571,98784247825,AST
167503724571,98784247826,AST
167503724571,98784247827,AST
167503724571,98784247828,AST
167503724571,98784247829,AST
167503724575,98784247830,AST
167503724575,98784247831,AST
167503724575,98784247832,AST
167503724575,98784247833,AST
167503724575,98784247834,AST
167503724575,98784247835,AST
167503724575,98784247836,AST
167503724578,98784247837,AST
167503724578,98784247838,AST
167503724578,98784247839,AST
167503724578,98784247840,AST
167503724578,98784247841,AST
