60129542144,107374182400,CONTAINS
60129542144,167503724570,CONTAINS
60129542145,107374182426,CONTAINS
60129542145,167503724571,CONTAINS
60129542146,107374182427,CONTAINS
60129542146,167503724575,CONTAINS
60129542147,107374182431,CONTAINS
60129542147,167503724578,CONTAINS
107374182400,25769803776,CONTAINS
107374182400,107374182401,CONTAINS
107374182400,167503724545,CONTAINS
107374182400,107374182402,CONTAINS
107374182400,167503724546,CONTAINS
107374182400,107374182403,CONTAINS
107374182400,167503724547,CONTAINS
107374182400,107374182404,CONTAINS
107374182400,167503724548,CONTAINS
107374182400,107374182405,CONTAINS
107374182400,167503724549,CONTAINS
107374182400,107374182406,CONTAINS
107374182400,167503724550,CONTAINS
107374182400,107374182407,CONTAINS
107374182400,167503724551,CONTAINS
107374182400,107374182408,CONTAINS
107374182400,167503724552,CONTAINS
107374182400,107374182409,CONTAINS
107374182400,167503724553,CONTAINS
107374182400,107374182410,CONTAINS
107374182400,167503724554,CONTAINS
107374182400,107374182411,CONTAINS
107374182400,167503724555,CONTAINS
107374182400,107374182412,CONTAINS
107374182400,167503724557,CONTAINS
107374182400,107374182414,CONTAINS
107374182400,167503724558,CONTAINS
107374182400,107374182415,CONTAINS
107374182400,167503724559,CONTAINS
107374182400,107374182416,CONTAINS
107374182400,167503724560,CONTAINS
107374182400,107374182417,CONTAINS
107374182400,167503724561,CONTAINS
107374182400,107374182418,CONTAINS
107374182400,167503724562,CONTAINS
107374182400,107374182419,CONTAINS
107374182400,167503724563,CONTAINS
107374182400,107374182420,CONTAINS
107374182400,167503724564,CONTAINS
107374182400,107374182421,CONTAINS
107374182400,167503724565,CONTAINS
107374182400,107374182422,CONTAINS
107374182400,167503724566,CONTAINS
107374182400,107374182423,CONTAINS
107374182400,167503724567,CONTAINS
107374182400,107374182424,CONTAINS
107374182400,167503724568,CONTAINS
107374182400,107374182425,CONTAINS
107374182400,167503724569,CONTAINS
107374182400,30064771072,CONTAINS
107374182400,30064771073,CONTAINS
107374182400,30064771074,CONTAINS
107374182400,30064771075,CONTAINS
107374182400,30064771076,CONTAINS
107374182400,30064771077,CONTAINS
107374182400,30064771078,CONTAINS
107374182400,30064771079,CONTAINS
107374182400,30064771080,CONTAINS
107374182400,30064771081,CONTAINS
107374182400,30064771082,CONTAINS
107374182400,30064771084,CONTAINS
107374182400,30064771086,CONTAINS
107374182400,30064771088,CONTAINS
107374182400,30064771090,CONTAINS
107374182400,30064771092,CONTAINS
107374182400,30064771094,CONTAINS
107374182400,30064771096,CONTAINS
107374182400,47244640256,CONTAINS
107374182400,30064771115,CONTAINS
107374182400,30064771116,CONTAINS
107374182400,30064771117,CONTAINS
107374182400,30064771118,CONTAINS
107374182400,30064771143,CONTAINS
107374182400,30064771156,CONTAINS
107374182400,30064771239,CONTAINS
107374182400,30064771251,CONTAINS
107374182400,30064771261,CONTAINS
107374182400,30064771272,CONTAINS
107374182400,30064771283,CONTAINS
107374182400,30064771293,CONTAINS
107374182400,30064771297,CONTAINS
107374182400,30064771301,CONTAINS
107374182400,30064771305,CONTAINS
107374182400,30064771378,CONTAINS
107374182400,30064771420,CONTAINS
107374182400,30064771467,CONTAINS
107374182400,30064771597,CONTAINS
107374182400,30064771657,CONTAINS
107374182400,30064771733,CONTAINS
107374182400,30064771793,CONTAINS
107374182400,30064771822,CONTAINS
107374182400,30064771909,CONTAINS
107374182400,30064771960,CONTAINS
107374182400,30064771980,CONTAINS
107374182400,30064772000,CONTAINS
107374182400,30064772021,CONTAINS
107374182400,47244640371,CONTAINS
107374182400,68719476736,CONTAINS
107374182400,176093659136,CONTAINS
107374182400,68719476737,CONTAINS
107374182400,176093659137,CONTAINS
107374182400,68719476738,CONTAINS
107374182400,176093659138,CONTAINS
107374182400,68719476739,CONTAINS
107374182400,176093659139,CONTAINS
107374182400,68719476740,CONTAINS
107374182400,176093659140,CONTAINS
107374182400,68719476741,CONTAINS
107374182400,176093659141,CONTAINS
107374182400,68719476742,CONTAINS
107374182400,176093659142,CONTAINS
107374182400,68719476743,CONTAINS
107374182400,176093659143,CONTAINS
107374182400,68719476744,CONTAINS
107374182400,176093659144,CONTAINS
107374182400,68719476745,CONTAINS
107374182400,176093659145,CONTAINS
107374182400,68719476746,CONTAINS
107374182400,176093659146,CONTAINS
107374182400,68719476747,CONTAINS
107374182400,30064771083,CONTAINS
107374182400,68719476749,CONTAINS
107374182400,30064771085,CONTAINS
107374182400,68719476751,CONTAINS
107374182400,30064771087,CONTAINS
107374182400,68719476753,CONTAINS
107374182400,30064771089,CONTAINS
107374182400,68719476755,CONTAINS
107374182400,30064771091,CONTAINS
107374182400,68719476757,CONTAINS
107374182400,30064771093,CONTAINS
107374182400,68719476759,CONTAINS
107374182400,30064771095,CONTAINS
107374182400,25769803777,CONTAINS
107374182400,25769803778,CONTAINS
107374182400,68719476775,CONTAINS
107374182400,90194313235,CONTAINS
107374182400,68719476776,CONTAINS
107374182400,90194313236,CONTAINS
107374182400,68719476777,CONTAINS
107374182400,90194313237,CONTAINS
107374182400,68719476778,CONTAINS
107374182400,90194313238,CONTAINS
107374182400,68719476779,CONTAINS
107374182400,120259084288,CONTAINS
107374182400,68719476807,CONTAINS
107374182400,120259084289,CONTAINS
107374182400,68719476826,CONTAINS
107374182400,120259084290,CONTAINS
107374182400,68719476897,CONTAINS
107374182400,120259084291,CONTAINS
107374182400,68719476912,CONTAINS
107374182400,120259084292,CONTAINS
107374182400,68719476924,CONTAINS
107374182400,120259084293,CONTAINS
107374182400,68719476938,CONTAINS
107374182400,120259084294,CONTAINS
107374182400,68719476947,CONTAINS
107374182400,120259084295,CONTAINS
107374182400,68719476958,CONTAINS
107374182400,120259084296,CONTAINS
107374182400,68719476963,CONTAINS
107374182400,120259084297,CONTAINS
107374182400,68719476968,CONTAINS
107374182400,120259084298,CONTAINS
107374182400,68719476973,CONTAINS
107374182400,120259084299,CONTAINS
107374182400,68719477051,CONTAINS
107374182400,120259084301,CONTAINS
107374182400,68719477095,CONTAINS
107374182400,120259084302,CONTAINS
107374182400,68719477140,CONTAINS
107374182400,120259084303,CONTAINS
107374182400,68719477270,CONTAINS
107374182400,120259084304,CONTAINS
107374182400,68719477322,CONTAINS
107374182400,120259084305,CONTAINS
107374182400,68719477387,CONTAINS
107374182400,120259084306,CONTAINS
107374182400,68719477447,CONTAINS
107374182400,120259084307,CONTAINS
107374182400,68719477470,CONTAINS
107374182400,120259084308,CONTAINS
107374182400,68719477555,CONTAINS
107374182400,120259084309,CONTAINS
107374182400,68719477600,CONTAINS
107374182400,120259084310,CONTAINS
107374182400,68719477620,CONTAINS
107374182400,120259084311,CONTAINS
107374182400,68719477640,CONTAINS
107374182400,120259084312,CONTAINS
107374182400,30064772022,CONTAINS
107374182400,25769804005,CONTAINS
107374182400,68719476748,CONTAINS
107374182400,90194313216,CONTAINS
107374182400,90194313217,CONTAINS
107374182400,68719476750,CONTAINS
107374182400,90194313218,CONTAINS
107374182400,90194313219,CONTAINS
107374182400,68719476752,CONTAINS
107374182400,90194313220,CONTAINS
107374182400,90194313221,CONTAINS
107374182400,68719476754,CONTAINS
107374182400,90194313222,CONTAINS
107374182400,90194313223,CONTAINS
107374182400,68719476756,CONTAINS
107374182400,90194313224,CONTAINS
107374182400,90194313225,CONTAINS
107374182400,68719476758,CONTAINS
107374182400,90194313226,CONTAINS
107374182400,90194313227,CONTAINS
107374182400,68719476760,CONTAINS
107374182400,90194313228,CONTAINS
107374182400,90194313229,CONTAINS
107374182400,30064771098,CONTAINS
107374182400,30064771100,CONTAINS
107374182400,30064771102,CONTAINS
107374182400,30064771108,CONTAINS
107374182400,30064771114,CONTAINS
107374182400,68719477663,CONTAINS
107374182400,90194313559,CONTAINS
107374182400,30064772023,CONTAINS
107374182400,68719476762,CONTAINS
107374182400,30064771097,CONTAINS
107374182400,30064771099,CONTAINS
107374182400,68719476764,CONTAINS
107374182400,90194313230,CONTAINS
107374182400,68719476765,CONTAINS
107374182400,30064771101,CONTAINS
107374182400,30064771107,CONTAINS
107374182400,30064771106,CONTAINS
107374182400,30064771113,CONTAINS
107374182400,30064771112,CONTAINS
107374182400,68719477664,CONTAINS
107374182400,68719476761,CONTAINS
107374182400,55834574848,CONTAINS
107374182400,68719476763,CONTAINS
107374182400,55834574849,CONTAINS
107374182400,68719476766,CONTAINS
107374182400,90194313231,CONTAINS
107374182400,90194313232,CONTAINS
107374182400,68719476770,CONTAINS
107374182400,55834574853,CONTAINS
107374182400,30064771105,CONTAINS
107374182400,68719476769,CONTAINS
107374182400,30064771104,CONTAINS
107374182400,90194313233,CONTAINS
107374182400,68719476774,CONTAINS
107374182400,55834574857,CONTAINS
107374182400,30064771111,CONTAINS
107374182400,68719476773,CONTAINS
107374182400,30064771110,CONTAINS
107374182400,90194313234,CONTAINS
107374182400,68719476768,CONTAINS
107374182400,55834574852,CONTAINS
107374182400,30064771103,CONTAINS
107374182400,55834574851,CONTAINS
107374182400,68719476772,CONTAINS
107374182400,55834574856,CONTAINS
107374182400,30064771109,CONTAINS
107374182400,55834574855,CONTAINS
107374182400,68719476767,CONTAINS
107374182400,55834574850,CONTAINS
107374182400,68719476771,CONTAINS
107374182400,55834574854,CONTAINS
107374182401,25769803779,CONTAINS
107374182401,90194313239,CONTAINS
107374182401,47244640261,CONTAINS
107374182401,141733920770,CONTAINS
107374182401,30064771128,CONTAINS
107374182401,25769803788,CONTAINS
107374182401,30064771142,CONTAINS
107374182401,25769803780,CONTAINS
107374182401,30064771127,CONTAINS
107374182401,47244640259,CONTAINS
107374182401,30064771120,CONTAINS
107374182401,30064771122,CONTAINS
107374182401,25769803781,CONTAINS
107374182401,90194313240,CONTAINS
107374182401,25769803786,CONTAINS
107374182401,47244640260,CONTAINS
107374182401,68719476782,CONTAINS
107374182401,30064771119,CONTAINS
107374182401,30064771121,CONTAINS
107374182401,68719476784,CONTAINS
107374182401,68719476780,CONTAINS
107374182401,30064771124,CONTAINS
107374182401,30064771126,CONTAINS
107374182401,25769803784,CONTAINS
107374182401,25769803787,CONTAINS
107374182401,68719476781,CONTAINS
107374182401,55834574858,CONTAINS
107374182401,68719476783,CONTAINS
107374182401,55834574859,CONTAINS
107374182401,68719476787,CONTAINS
107374182401,30064771123,CONTAINS
107374182401,30064771125,CONTAINS
107374182401,68719476789,CONTAINS
107374182401,68719476785,CONTAINS
107374182401,30064771132,CONTAINS
107374182401,30064771134,CONTAINS
107374182401,30064771136,CONTAINS
107374182401,30064771138,CONTAINS
107374182401,47244640257,CONTAINS
107374182401,25769803785,CONTAINS
107374182401,68719476786,CONTAINS
107374182401,55834574860,CONTAINS
107374182401,68719476788,CONTAINS
107374182401,55834574861,CONTAINS
107374182401,68719476795,CONTAINS
107374182401,30064771131,CONTAINS
107374182401,68719476797,CONTAINS
107374182401,30064771133,CONTAINS
107374182401,68719476799,CONTAINS
107374182401,30064771135,CONTAINS
107374182401,68719476802,CONTAINS
107374182401,30064771137,CONTAINS
107374182401,25769803782,CONTAINS
107374182401,47244640258,CONTAINS
107374182401,141733920769,CONTAINS
107374182401,68719476794,CONTAINS
107374182401,68719476793,CONTAINS
107374182401,90194313241,CONTAINS
107374182401,68719476796,CONTAINS
107374182401,55834574863,CONTAINS
107374182401,68719476798,CONTAINS
107374182401,55834574864,CONTAINS
107374182401,68719476800,CONTAINS
107374182401,68719476801,CONTAINS
107374182401,30064771139,CONTAINS
107374182401,141733920768,CONTAINS
107374182401,25769803783,CONTAINS
107374182401,30064771141,CONTAINS
107374182401,68719476804,CONTAINS
107374182401,68719476803,CONTAINS
107374182401,30064771130,CONTAINS
107374182401,30064771140,CONTAINS
107374182401,30064771129,CONTAINS
107374182401,68719476792,CONTAINS
107374182401,68719476790,CONTAINS
107374182401,68719476805,CONTAINS
107374182401,68719476806,CONTAINS
107374182401,68719476791,CONTAINS
107374182401,55834574862,CONTAINS
107374182402,25769803789,CONTAINS
107374182402,90194313242,CONTAINS
107374182402,25769803792,CONTAINS
107374182402,30064771147,CONTAINS
107374182402,30064771149,CONTAINS
107374182402,30064771151,CONTAINS
107374182402,30064771153,CONTAINS
107374182402,47244640262,CONTAINS
107374182402,68719476814,CONTAINS
107374182402,30064771146,CONTAINS
107374182402,68719476816,CONTAINS
107374182402,30064771148,CONTAINS
107374182402,68719476818,CONTAINS
107374182402,30064771150,CONTAINS
107374182402,68719476821,CONTAINS
107374182402,30064771152,CONTAINS
107374182402,25769803790,CONTAINS
107374182402,47244640263,CONTAINS
107374182402,68719476813,CONTAINS
107374182402,68719476812,CONTAINS
107374182402,90194313244,CONTAINS
107374182402,68719476815,CONTAINS
107374182402,55834574866,CONTAINS
107374182402,68719476817,CONTAINS
107374182402,55834574867,CONTAINS
107374182402,68719476819,CONTAINS
107374182402,68719476820,CONTAINS
107374182402,30064771154,CONTAINS
107374182402,30064771145,CONTAINS
107374182402,25769803791,CONTAINS
107374182402,68719476823,CONTAINS
107374182402,68719476822,CONTAINS
107374182402,30064771144,CONTAINS
107374182402,68719476811,CONTAINS
107374182402,68719476808,CONTAINS
107374182402,68719476809,CONTAINS
107374182402,90194313243,CONTAINS
107374182402,30064771155,CONTAINS
107374182402,68719476810,CONTAINS
107374182402,55834574865,CONTAINS
107374182402,68719476824,CONTAINS
107374182402,68719476825,CONTAINS
107374182403,25769803793,CONTAINS
107374182403,90194313245,CONTAINS
107374182403,47244640264,CONTAINS
107374182403,30064771188,CONTAINS
107374182403,47244640266,CONTAINS
107374182403,47244640267,CONTAINS
107374182403,30064771161,CONTAINS
107374182403,25769803797,CONTAINS
107374182403,68719476850,CONTAINS
107374182403,30064771187,CONTAINS
107374182403,30064771202,CONTAINS
107374182403,25769803803,CONTAINS
107374182403,30064771236,CONTAINS
107374182403,25769803805,CONTAINS
107374182403,25769803794,CONTAINS
107374182403,30064771185,CONTAINS
107374182403,30064771186,CONTAINS
107374182403,68719476849,CONTAINS
107374182403,68719476848,CONTAINS
107374182403,30064771201,CONTAINS
107374182403,30064771208,CONTAINS
107374182403,30064771228,CONTAINS
107374182403,30064771230,CONTAINS
107374182403,30064771231,CONTAINS
107374182403,25769803804,CONTAINS
107374182403,30064771238,CONTAINS
107374182403,30064771158,CONTAINS
107374182403,30064771160,CONTAINS
107374182403,68719476844,CONTAINS
107374182403,30064771184,CONTAINS
107374182403,68719476847,CONTAINS
107374182403,68719476845,CONTAINS
107374182403,68719476846,CONTAINS
107374182403,68719476863,CONTAINS
107374182403,25769803800,CONTAINS
107374182403,68719476869,CONTAINS
107374182403,25769803801,CONTAINS
107374182403,68719476883,CONTAINS
107374182403,25769803802,CONTAINS
107374182403,30064771229,CONTAINS
107374182403,68719476886,CONTAINS
107374182403,68719476884,CONTAINS
107374182403,68719476889,CONTAINS
107374182403,68719476887,CONTAINS
107374182403,68719476888,CONTAINS
107374182403,30064771233,CONTAINS
107374182403,30064771235,CONTAINS
107374182403,68719476896,CONTAINS
107374182403,68719476895,CONTAINS
107374182403,30064771237,CONTAINS
107374182403,68719476829,CONTAINS
107374182403,30064771157,CONTAINS
107374182403,30064771159,CONTAINS
107374182403,68719476831,CONTAINS
107374182403,68719476827,CONTAINS
107374182403,25769803795,CONTAINS
107374182403,25769803796,CONTAINS
107374182403,30064771190,CONTAINS
107374182403,25769803799,CONTAINS
107374182403,68719476862,CONTAINS
107374182403,30064771205,CONTAINS
107374182403,30064771207,CONTAINS
107374182403,30064771210,CONTAINS
107374182403,30064771212,CONTAINS
107374182403,30064771214,CONTAINS
107374182403,30064771216,CONTAINS
107374182403,30064771219,CONTAINS
107374182403,30064771221,CONTAINS
107374182403,30064771223,CONTAINS
107374182403,30064771225,CONTAINS
107374182403,30064771227,CONTAINS
107374182403,68719476882,CONTAINS
107374182403,68719476885,CONTAINS
107374182403,55834574876,CONTAINS
107374182403,68719476892,CONTAINS
107374182403,30064771232,CONTAINS
107374182403,30064771234,CONTAINS
107374182403,68719476894,CONTAINS
107374182403,68719476890,CONTAINS
107374182403,68719476828,CONTAINS
107374182403,55834574868,CONTAINS
107374182403,68719476830,CONTAINS
107374182403,55834574869,CONTAINS
107374182403,30064771163,CONTAINS
107374182403,30064771165,CONTAINS
107374182403,30064771167,CONTAINS
107374182403,30064771169,CONTAINS
107374182403,30064771172,CONTAINS
107374182403,68719476837,CONTAINS
107374182403,30064771174,CONTAINS
107374182403,30064771176,CONTAINS
107374182403,30064771178,CONTAINS
107374182403,30064771180,CONTAINS
107374182403,30064771183,CONTAINS
107374182403,68719476843,CONTAINS
107374182403,68719476851,CONTAINS
107374182403,30064771189,CONTAINS
107374182403,30064771197,CONTAINS
107374182403,47244640265,CONTAINS
107374182403,68719476866,CONTAINS
107374182403,30064771204,CONTAINS
107374182403,30064771206,CONTAINS
107374182403,68719476868,CONTAINS
107374182403,68719476870,CONTAINS
107374182403,30064771209,CONTAINS
107374182403,30064771211,CONTAINS
107374182403,90194313267,CONTAINS
107374182403,30064771213,CONTAINS
107374182403,90194313269,CONTAINS
107374182403,30064771215,CONTAINS
107374182403,90194313271,CONTAINS
107374182403,30064771217,CONTAINS
107374182403,30064771218,CONTAINS
107374182403,30064771220,CONTAINS
107374182403,68719476878,CONTAINS
107374182403,30064771222,CONTAINS
107374182403,90194313276,CONTAINS
107374182403,30064771224,CONTAINS
107374182403,90194313278,CONTAINS
107374182403,30064771226,CONTAINS
107374182403,90194313280,CONTAINS
107374182403,68719476891,CONTAINS
107374182403,55834574877,CONTAINS
107374182403,68719476893,CONTAINS
107374182403,55834574878,CONTAINS
107374182403,68719476832,CONTAINS
107374182403,30064771162,CONTAINS
107374182403,30064771164,CONTAINS
107374182403,90194313247,CONTAINS
107374182403,30064771166,CONTAINS
107374182403,90194313249,CONTAINS
107374182403,30064771168,CONTAINS
107374182403,90194313251,CONTAINS
107374182403,30064771170,CONTAINS
107374182403,30064771171,CONTAINS
107374182403,68719476838,CONTAINS
107374182403,30064771173,CONTAINS
107374182403,30064771175,CONTAINS
107374182403,90194313256,CONTAINS
107374182403,30064771177,CONTAINS
107374182403,90194313258,CONTAINS
107374182403,30064771179,CONTAINS
107374182403,90194313260,CONTAINS
107374182403,30064771181,CONTAINS
107374182403,30064771182,CONTAINS
107374182403,68719476858,CONTAINS
107374182403,30064771196,CONTAINS
107374182403,180388626432,CONTAINS
107374182403,25769803798,CONTAINS
107374182403,30064771203,CONTAINS
107374182403,68719476865,CONTAINS
107374182403,90194313265,CONTAINS
107374182403,68719476867,CONTAINS
107374182403,55834574875,CONTAINS
107374182403,68719476871,CONTAINS
107374182403,90194313266,CONTAINS
107374182403,68719476872,CONTAINS
107374182403,90194313268,CONTAINS
107374182403,68719476873,CONTAINS
107374182403,90194313270,CONTAINS
107374182403,68719476874,CONTAINS
107374182403,90194313272,CONTAINS
107374182403,68719476876,CONTAINS
107374182403,90194313273,CONTAINS
107374182403,68719476875,CONTAINS
107374182403,68719476877,CONTAINS
107374182403,90194313274,CONTAINS
107374182403,68719476879,CONTAINS
107374182403,90194313275,CONTAINS
107374182403,68719476880,CONTAINS
107374182403,90194313277,CONTAINS
107374182403,68719476881,CONTAINS
107374182403,90194313279,CONTAINS
107374182403,68719476833,CONTAINS
107374182403,90194313246,CONTAINS
107374182403,68719476834,CONTAINS
107374182403,90194313248,CONTAINS
107374182403,68719476835,CONTAINS
107374182403,90194313250,CONTAINS
107374182403,68719476836,CONTAINS
107374182403,90194313252,CONTAINS
107374182403,90194313253,CONTAINS
107374182403,90194313254,CONTAINS
107374182403,68719476839,CONTAINS
107374182403,90194313255,CONTAINS
107374182403,68719476840,CONTAINS
107374182403,90194313257,CONTAINS
107374182403,68719476841,CONTAINS
107374182403,90194313259,CONTAINS
107374182403,68719476842,CONTAINS
107374182403,90194313261,CONTAINS
107374182403,90194313262,CONTAINS
107374182403,90194313263,CONTAINS
107374182403,30064771195,CONTAINS
107374182403,68719476857,CONTAINS
107374182403,30064771200,CONTAINS
107374182403,30064771194,CONTAINS
107374182403,68719476864,CONTAINS
107374182403,55834574874,CONTAINS
107374182403,68719476856,CONTAINS
107374182403,55834574872,CONTAINS
107374182403,68719476861,CONTAINS
107374182403,30064771199,CONTAINS
107374182403,30064771193,CONTAINS
107374182403,68719476855,CONTAINS
107374182403,30064771192,CONTAINS
107374182403,30064771198,CONTAINS
107374182403,68719476860,CONTAINS
107374182403,68719476854,CONTAINS
107374182403,55834574871,CONTAINS
107374182403,30064771191,CONTAINS
107374182403,68719476853,CONTAINS
107374182403,90194313264,CONTAINS
107374182403,68719476859,CONTAINS
107374182403,55834574873,CONTAINS
107374182403,68719476852,CONTAINS
107374182403,55834574870,CONTAINS
107374182404,25769803806,CONTAINS
107374182404,90194313281,CONTAINS
107374182404,47244640272,CONTAINS
107374182404,90194313282,CONTAINS
107374182404,25769803810,CONTAINS
107374182404,30064771244,CONTAINS
107374182404,47244640269,CONTAINS
107374182404,47244640271,CONTAINS
107374182404,141733920771,CONTAINS
107374182404,68719476903,CONTAINS
107374182404,25769803807,CONTAINS
107374182404,30064771245,CONTAINS
107374182404,25769803808,CONTAINS
107374182404,30064771249,CONTAINS
107374182404,25769803809,CONTAINS
107374182404,68719476911,CONTAINS
107374182404,30064771241,CONTAINS
107374182404,30064771243,CONTAINS
107374182404,68719476904,CONTAINS
107374182404,30064771246,CONTAINS
107374182404,47244640268,CONTAINS
107374182404,68719476906,CONTAINS
107374182404,30064771248,CONTAINS
107374182404,30064771250,CONTAINS
107374182404,47244640270,CONTAINS
107374182404,68719476900,CONTAINS
107374182404,30064771240,CONTAINS
107374182404,30064771242,CONTAINS
107374182404,68719476902,CONTAINS
107374182404,68719476905,CONTAINS
107374182404,90194313283,CONTAINS
107374182404,30064771247,CONTAINS
107374182404,68719476910,CONTAINS
107374182404,68719476909,CONTAINS
107374182404,68719476899,CONTAINS
107374182404,68719476898,CONTAINS
107374182404,68719476901,CONTAINS
107374182404,55834574879,CONTAINS
107374182404,68719476908,CONTAINS
107374182404,68719476907,CONTAINS
107374182405,25769803811,CONTAINS
107374182405,90194313284,CONTAINS
107374182405,47244640274,CONTAINS
107374182405,90194313285,CONTAINS
107374182405,25769803814,CONTAINS
107374182405,30064771256,CONTAINS
107374182405,47244640273,CONTAINS
107374182405,30064771260,CONTAINS
107374182405,68719476918,CONTAINS
107374182405,25769803812,CONTAINS
107374182405,30064771258,CONTAINS
107374182405,25769803813,CONTAINS
107374182405,68719476923,CONTAINS
107374182405,90194313286,CONTAINS
107374182405,30064771253,CONTAINS
107374182405,30064771255,CONTAINS
107374182405,30064771257,CONTAINS
107374182405,68719476920,CONTAINS
107374182405,141733920772,CONTAINS
107374182405,68719476915,CONTAINS
107374182405,30064771252,CONTAINS
107374182405,30064771254,CONTAINS
107374182405,68719476917,CONTAINS
107374182405,68719476919,CONTAINS
107374182405,55834574881,CONTAINS
107374182405,30064771259,CONTAINS
107374182405,68719476914,CONTAINS
107374182405,68719476913,CONTAINS
107374182405,68719476916,CONTAINS
107374182405,55834574880,CONTAINS
107374182405,68719476922,CONTAINS
107374182405,68719476921,CONTAINS
107374182406,25769803815,CONTAINS
107374182406,90194313287,CONTAINS
107374182406,47244640277,CONTAINS
107374182406,90194313288,CONTAINS
107374182406,25769803821,CONTAINS
107374182406,30064771266,CONTAINS
107374182406,47244640275,CONTAINS
107374182406,68719476930,CONTAINS
107374182406,25769803816,CONTAINS
107374182406,25769803819,CONTAINS
107374182406,47244640276,CONTAINS
107374182406,30064771263,CONTAINS
107374182406,30064771265,CONTAINS
107374182406,25769803817,CONTAINS
107374182406,141733920773,CONTAINS
107374182406,25769803820,CONTAINS
107374182406,68719476927,CONTAINS
107374182406,30064771262,CONTAINS
107374182406,30064771264,CONTAINS
107374182406,68719476929,CONTAINS
107374182406,30064771268,CONTAINS
107374182406,30064771270,CONTAINS
107374182406,68719476936,CONTAINS
107374182406,25769803818,CONTAINS
107374182406,68719476926,CONTAINS
107374182406,68719476925,CONTAINS
107374182406,68719476928,CONTAINS
107374182406,55834574882,CONTAINS
107374182406,68719476933,CONTAINS
107374182406,30064771267,CONTAINS
107374182406,30064771269,CONTAINS
107374182406,68719476935,CONTAINS
107374182406,68719476931,CONTAINS
107374182406,30064771271,CONTAINS
107374182406,68719476932,CONTAINS
107374182406,55834574883,CONTAINS
107374182406,68719476934,CONTAINS
107374182406,55834574884,CONTAINS
107374182406,68719476937,CONTAINS
107374182406,90194313289,CONTAINS
107374182407,25769803822,CONTAINS
107374182407,90194313290,CONTAINS
107374182407,141733920774,CONTAINS
107374182407,30064771282,CONTAINS
107374182407,25769803824,CONTAINS
107374182407,90194313292,CONTAINS
107374182407,30064771279,CONTAINS
107374182407,30064771281,CONTAINS
107374182407,68719476944,CONTAINS
107374182407,25769803823,CONTAINS
107374182407,30064771280,CONTAINS
107374182407,68719476946,CONTAINS
107374182407,30064771276,CONTAINS
107374182407,30064771278,CONTAINS
107374182407,68719476945,CONTAINS
107374182407,55834574886,CONTAINS
107374182407,68719476941,CONTAINS
107374182407,30064771275,CONTAINS
107374182407,30064771277,CONTAINS
107374182407,68719476943,CONTAINS
107374182407,68719476940,CONTAINS
107374182407,30064771274,CONTAINS
107374182407,68719476942,CONTAINS
107374182407,55834574885,CONTAINS
107374182407,30064771273,CONTAINS
107374182407,90194313291,CONTAINS
107374182407,68719476939,CONTAINS
107374182408,25769803825,CONTAINS
107374182408,141733920775,CONTAINS
107374182408,25769803827,CONTAINS
107374182408,30064771290,CONTAINS
107374182408,30064771292,CONTAINS
107374182408,68719476955,CONTAINS
107374182408,30064771289,CONTAINS
107374182408,30064771291,CONTAINS
107374182408,68719476957,CONTAINS
107374182408,30064771288,CONTAINS
107374182408,68719476954,CONTAINS
107374182408,25769803826,CONTAINS
107374182408,68719476956,CONTAINS
107374182408,55834574889,CONTAINS
107374182408,68719476953,CONTAINS
107374182408,55834574888,CONTAINS
107374182408,30064771285,CONTAINS
107374182408,30064771287,CONTAINS
107374182408,68719476950,CONTAINS
107374182408,30064771284,CONTAINS
107374182408,30064771286,CONTAINS
107374182408,68719476952,CONTAINS
107374182408,68719476948,CONTAINS
107374182408,68719476949,CONTAINS
107374182408,68719476951,CONTAINS
107374182408,55834574887,CONTAINS
107374182409,25769803828,CONTAINS
107374182409,141733920776,CONTAINS
107374182409,30064771296,CONTAINS
107374182409,68719476962,CONTAINS
107374182409,30064771295,CONTAINS
107374182409,30064771294,CONTAINS
107374182409,68719476961,CONTAINS
107374182409,90194313293,CONTAINS
107374182409,68719476959,CONTAINS
107374182409,68719476960,CONTAINS
107374182409,55834574890,CONTAINS
107374182410,25769803829,CONTAINS
107374182410,141733920777,CONTAINS
107374182410,30064771300,CONTAINS
107374182410,68719476967,CONTAINS
107374182410,30064771299,CONTAINS
107374182410,30064771298,CONTAINS
107374182410,68719476966,CONTAINS
107374182410,90194313294,CONTAINS
107374182410,68719476964,CONTAINS
107374182410,68719476965,CONTAINS
107374182410,55834574891,CONTAINS
107374182411,25769803830,CONTAINS
107374182411,141733920778,CONTAINS
107374182411,30064771304,CONTAINS
107374182411,68719476972,CONTAINS
107374182411,30064771303,CONTAINS
107374182411,30064771302,CONTAINS
107374182411,68719476971,CONTAINS
107374182411,90194313295,CONTAINS
107374182411,68719476969,CONTAINS
107374182411,68719476970,CONTAINS
107374182411,55834574892,CONTAINS
107374182412,25769803831,CONTAINS
107374182412,107374182413,CONTAINS
107374182412,167503724556,CONTAINS
107374182412,90194313296,CONTAINS
107374182412,30064771306,CONTAINS
107374182412,30064771308,CONTAINS
107374182412,30064771310,CONTAINS
107374182412,30064771312,CONTAINS
107374182412,30064771314,CONTAINS
107374182412,30064771318,CONTAINS
107374182412,30064771320,CONTAINS
107374182412,47244640279,CONTAINS
107374182412,30064771348,CONTAINS
107374182412,30064771354,CONTAINS
107374182412,30064771373,CONTAINS
107374182412,30064771374,CONTAINS
107374182412,30064771377,CONTAINS
107374182412,68719476974,CONTAINS
107374182412,90194313297,CONTAINS
107374182412,68719476976,CONTAINS
107374182412,30064771307,CONTAINS
107374182412,68719476979,CONTAINS
107374182412,30064771309,CONTAINS
107374182412,68719476982,CONTAINS
107374182412,30064771311,CONTAINS
107374182412,68719476985,CONTAINS
107374182412,30064771313,CONTAINS
107374182412,68719476989,CONTAINS
107374182412,30064771317,CONTAINS
107374182412,68719476992,CONTAINS
107374182412,30064771319,CONTAINS
107374182412,30064771333,CONTAINS
107374182412,25769803836,CONTAINS
107374182412,68719477019,CONTAINS
107374182412,30064771347,CONTAINS
107374182412,68719477025,CONTAINS
107374182412,25769803840,CONTAINS
107374182412,30064771372,CONTAINS
107374182412,68719477045,CONTAINS
107374182412,25769803841,CONTAINS
107374182412,68719477048,CONTAINS
107374182412,68719477046,CONTAINS
107374182412,68719477047,CONTAINS
107374182412,68719477050,CONTAINS
107374182412,30064771376,CONTAINS
107374182412,68719476975,CONTAINS
107374182412,90194313298,CONTAINS
107374182412,68719476978,CONTAINS
107374182412,90194313299,CONTAINS
107374182412,68719476977,CONTAINS
107374182412,90194313300,CONTAINS
107374182412,68719476981,CONTAINS
107374182412,90194313301,CONTAINS
107374182412,68719476980,CONTAINS
107374182412,90194313302,CONTAINS
107374182412,68719476984,CONTAINS
107374182412,90194313303,CONTAINS
107374182412,68719476983,CONTAINS
107374182412,90194313304,CONTAINS
107374182412,68719476988,CONTAINS
107374182412,90194313305,CONTAINS
107374182412,120259084300,CONTAINS
107374182412,90194313307,CONTAINS
107374182412,68719476991,CONTAINS
107374182412,68719476990,CONTAINS
107374182412,68719477005,CONTAINS
107374182412,25769803835,CONTAINS
107374182412,30064771334,CONTAINS
107374182412,141733920780,CONTAINS
107374182412,30064771346,CONTAINS
107374182412,90194313312,CONTAINS
107374182412,30064771351,CONTAINS
107374182412,30064771353,CONTAINS
107374182412,68719477044,CONTAINS
107374182412,55834574901,CONTAINS
107374182412,30064771356,CONTAINS
107374182412,30064771358,CONTAINS
107374182412,30064771360,CONTAINS
107374182412,30064771362,CONTAINS
107374182412,30064771365,CONTAINS
107374182412,30064771367,CONTAINS
107374182412,30064771369,CONTAINS
107374182412,30064771371,CONTAINS
107374182412,68719477043,CONTAINS
107374182412,90194313321,CONTAINS
107374182412,30064771375,CONTAINS
107374182412,90194313322,CONTAINS
107374182412,30064771322,CONTAINS
107374182412,25769803834,CONTAINS
107374182412,68719477004,CONTAINS
107374182412,68719477006,CONTAINS
107374182412,90194313309,CONTAINS
107374182412,68719477018,CONTAINS
107374182412,25769803839,CONTAINS
107374182412,90194313311,CONTAINS
107374182412,68719477022,CONTAINS
107374182412,30064771350,CONTAINS
107374182412,30064771352,CONTAINS
107374182412,68719477024,CONTAINS
107374182412,68719477026,CONTAINS
107374182412,30064771355,CONTAINS
107374182412,30064771357,CONTAINS
107374182412,68719477028,CONTAINS
107374182412,30064771359,CONTAINS
107374182412,68719477030,CONTAINS
107374182412,30064771361,CONTAINS
107374182412,68719477032,CONTAINS
107374182412,30064771363,CONTAINS
107374182412,30064771364,CONTAINS
107374182412,30064771366,CONTAINS
107374182412,68719477038,CONTAINS
107374182412,30064771368,CONTAINS
107374182412,68719477040,CONTAINS
107374182412,30064771370,CONTAINS
107374182412,68719477042,CONTAINS
107374182412,68719477049,CONTAINS
107374182412,68719476993,CONTAINS
107374182412,30064771321,CONTAINS
107374182412,30064771329,CONTAINS
107374182412,47244640278,CONTAINS
107374182412,30064771336,CONTAINS
107374182412,25769803838,CONTAINS
107374182412,68719477017,CONTAINS
107374182412,30064771349,CONTAINS
107374182412,68719477021,CONTAINS
107374182412,90194313313,CONTAINS
107374182412,68719477023,CONTAINS
107374182412,55834574900,CONTAINS
107374182412,68719477027,CONTAINS
107374182412,90194313314,CONTAINS
107374182412,68719477029,CONTAINS
107374182412,90194313315,CONTAINS
107374182412,68719477031,CONTAINS
107374182412,90194313316,CONTAINS
107374182412,68719477033,CONTAINS
107374182412,90194313317,CONTAINS
107374182412,68719477036,CONTAINS
107374182412,68719477034,CONTAINS
107374182412,68719477035,CONTAINS
107374182412,68719477037,CONTAINS
107374182412,90194313318,CONTAINS
107374182412,68719477039,CONTAINS
107374182412,90194313319,CONTAINS
107374182412,68719477041,CONTAINS
107374182412,90194313320,CONTAINS
107374182412,68719477000,CONTAINS
107374182412,30064771328,CONTAINS
107374182412,180388626433,CONTAINS
107374182412,25769803833,CONTAINS
107374182412,68719477007,CONTAINS
107374182412,30064771335,CONTAINS
107374182412,30064771342,CONTAINS
107374182412,47244640280,CONTAINS
107374182412,68719477020,CONTAINS
107374182412,55834574899,CONTAINS
107374182412,30064771327,CONTAINS
107374182412,68719476999,CONTAINS
107374182412,30064771332,CONTAINS
107374182412,30064771326,CONTAINS
107374182412,68719477013,CONTAINS
107374182412,30064771341,CONTAINS
107374182412,180388626434,CONTAINS
107374182412,25769803837,CONTAINS
107374182412,68719476998,CONTAINS
107374182412,55834574894,CONTAINS
107374182412,68719477003,CONTAINS
107374182412,30064771331,CONTAINS
107374182412,30064771325,CONTAINS
107374182412,68719476997,CONTAINS
107374182412,30064771324,CONTAINS
107374182412,30064771340,CONTAINS
107374182412,68719477012,CONTAINS
107374182412,30064771345,CONTAINS
107374182412,30064771339,CONTAINS
107374182412,30064771330,CONTAINS
107374182412,68719477002,CONTAINS
107374182412,68719476996,CONTAINS
107374182412,55834574893,CONTAINS
107374182412,30064771323,CONTAINS
107374182412,68719476995,CONTAINS
107374182412,68719477011,CONTAINS
107374182412,55834574897,CONTAINS
107374182412,68719477016,CONTAINS
107374182412,30064771344,CONTAINS
107374182412,30064771338,CONTAINS
107374182412,68719477010,CONTAINS
107374182412,30064771337,CONTAINS
107374182412,68719477001,CONTAINS
107374182412,55834574895,CONTAINS
107374182412,68719476994,CONTAINS
107374182412,90194313308,CONTAINS
107374182412,30064771343,CONTAINS
107374182412,68719477015,CONTAINS
107374182412,68719477009,CONTAINS
107374182412,55834574896,CONTAINS
107374182412,68719477008,CONTAINS
107374182412,90194313310,CONTAINS
107374182412,68719477014,CONTAINS
107374182412,55834574898,CONTAINS
107374182413,25769803832,CONTAINS
107374182413,141733920779,CONTAINS
107374182413,30064771316,CONTAINS
107374182413,30064771315,CONTAINS
107374182413,90194313306,CONTAINS
107374182413,68719476987,CONTAINS
107374182413,68719476986,CONTAINS
107374182414,25769803842,CONTAINS
107374182414,90194313323,CONTAINS
107374182414,30064771379,CONTAINS
107374182414,25769803851,CONTAINS
107374182414,30064771419,CONTAINS
107374182414,141733920782,CONTAINS
107374182414,68719477052,CONTAINS
107374182414,90194313324,CONTAINS
107374182414,30064771415,CONTAINS
107374182414,47244640286,CONTAINS
107374182414,68719477094,CONTAINS
107374182414,90194313338,CONTAINS
107374182414,90194313339,CONTAINS
107374182414,68719477090,CONTAINS
107374182414,25769803849,CONTAINS
107374182414,180388626436,CONTAINS
107374182414,25769803850,CONTAINS
107374182414,30064771412,CONTAINS
107374182414,30064771414,CONTAINS
107374182414,30064771418,CONTAINS
107374182414,30064771381,CONTAINS
107374182414,30064771383,CONTAINS
107374182414,30064771398,CONTAINS
107374182414,47244640285,CONTAINS
107374182414,30064771409,CONTAINS
107374182414,68719477087,CONTAINS
107374182414,30064771411,CONTAINS
107374182414,30064771413,CONTAINS
107374182414,68719477089,CONTAINS
107374182414,68719477093,CONTAINS
107374182414,30064771417,CONTAINS
107374182414,68719477054,CONTAINS
107374182414,30064771380,CONTAINS
107374182414,68719477057,CONTAINS
107374182414,30064771382,CONTAINS
107374182414,68719477072,CONTAINS
107374182414,30064771397,CONTAINS
107374182414,68719477073,CONTAINS
107374182414,25769803848,CONTAINS
107374182414,68719477084,CONTAINS
107374182414,30064771408,CONTAINS
107374182414,68719477086,CONTAINS
107374182414,90194313336,CONTAINS
107374182414,30064771410,CONTAINS
107374182414,68719477088,CONTAINS
107374182414,55834574907,CONTAINS
107374182414,30064771416,CONTAINS
107374182414,68719477092,CONTAINS
107374182414,68719477053,CONTAINS
107374182414,90194313325,CONTAINS
107374182414,68719477056,CONTAINS
107374182414,68719477055,CONTAINS
107374182414,68719477071,CONTAINS
107374182414,25769803846,CONTAINS
107374182414,90194313327,CONTAINS
107374182414,30064771401,CONTAINS
107374182414,47244640284,CONTAINS
107374182414,90194313333,CONTAINS
107374182414,30064771406,CONTAINS
107374182414,90194313334,CONTAINS
107374182414,30064771407,CONTAINS
107374182414,90194313335,CONTAINS
107374182414,68719477085,CONTAINS
107374182414,90194313337,CONTAINS
107374182414,68719477091,CONTAINS
107374182414,55834574908,CONTAINS
107374182414,30064771385,CONTAINS
107374182414,25769803845,CONTAINS
107374182414,68719477070,CONTAINS
107374182414,68719477076,CONTAINS
107374182414,30064771400,CONTAINS
107374182414,30064771404,CONTAINS
107374182414,25769803847,CONTAINS
107374182414,68719477082,CONTAINS
107374182414,68719477083,CONTAINS
107374182414,68719477058,CONTAINS
107374182414,30064771384,CONTAINS
107374182414,30064771390,CONTAINS
107374182414,47244640281,CONTAINS
107374182414,30064771399,CONTAINS
107374182414,68719477075,CONTAINS
107374182414,90194313328,CONTAINS
107374182414,90194313329,CONTAINS
107374182414,30064771402,CONTAINS
107374182414,30064771403,CONTAINS
107374182414,30064771405,CONTAINS
107374182414,141733920781,CONTAINS
107374182414,68719477064,CONTAINS
107374182414,30064771389,CONTAINS
107374182414,180388626435,CONTAINS
107374182414,25769803844,CONTAINS
107374182414,68719477074,CONTAINS
107374182414,55834574906,CONTAINS
107374182414,68719477077,CONTAINS
107374182414,90194313330,CONTAINS
107374182414,68719477080,CONTAINS
107374182414,68719477078,CONTAINS
107374182414,68719477079,CONTAINS
107374182414,68719477081,CONTAINS
107374182414,90194313331,CONTAINS
107374182414,90194313332,CONTAINS
107374182414,30064771388,CONTAINS
107374182414,68719477063,CONTAINS
107374182414,30064771393,CONTAINS
107374182414,47244640283,CONTAINS
107374182414,30064771387,CONTAINS
107374182414,68719477062,CONTAINS
107374182414,55834574903,CONTAINS
107374182414,68719477067,CONTAINS
107374182414,30064771392,CONTAINS
107374182414,30064771396,CONTAINS
107374182414,25769803843,CONTAINS
107374182414,30064771386,CONTAINS
107374182414,68719477061,CONTAINS
107374182414,68719477059,CONTAINS
107374182414,30064771391,CONTAINS
107374182414,68719477066,CONTAINS
107374182414,30064771395,CONTAINS
107374182414,47244640282,CONTAINS
107374182414,68719477060,CONTAINS
107374182414,55834574902,CONTAINS
107374182414,68719477065,CONTAINS
107374182414,55834574904,CONTAINS
107374182414,30064771394,CONTAINS
107374182414,68719477069,CONTAINS
107374182414,90194313326,CONTAINS
107374182414,68719477068,CONTAINS
107374182414,55834574905,CONTAINS
107374182415,25769803852,CONTAINS
107374182415,90194313340,CONTAINS
107374182415,30064771421,CONTAINS
107374182415,25769803860,CONTAINS
107374182415,30064771466,CONTAINS
107374182415,141733920784,CONTAINS
107374182415,68719477096,CONTAINS
107374182415,90194313341,CONTAINS
107374182415,30064771462,CONTAINS
107374182415,47244640290,CONTAINS
107374182415,68719477139,CONTAINS
107374182415,90194313357,CONTAINS
107374182415,90194313358,CONTAINS
107374182415,68719477135,CONTAINS
107374182415,25769803858,CONTAINS
107374182415,180388626438,CONTAINS
107374182415,25769803859,CONTAINS
107374182415,30064771459,CONTAINS
107374182415,30064771461,CONTAINS
107374182415,30064771465,CONTAINS
107374182415,30064771426,CONTAINS
107374182415,30064771428,CONTAINS
107374182415,30064771430,CONTAINS
107374182415,25769803857,CONTAINS
107374182415,30064771456,CONTAINS
107374182415,68719477132,CONTAINS
107374182415,30064771458,CONTAINS
107374182415,30064771460,CONTAINS
107374182415,68719477134,CONTAINS
107374182415,68719477138,CONTAINS
107374182415,30064771464,CONTAINS
107374182415,68719477101,CONTAINS
107374182415,25769803853,CONTAINS
107374182415,68719477103,CONTAINS
107374182415,30064771427,CONTAINS
107374182415,68719477106,CONTAINS
107374182415,30064771429,CONTAINS
107374182415,30064771449,CONTAINS
107374182415,47244640289,CONTAINS
107374182415,68719477129,CONTAINS
107374182415,30064771455,CONTAINS
107374182415,68719477131,CONTAINS
107374182415,90194313355,CONTAINS
107374182415,30064771457,CONTAINS
107374182415,68719477133,CONTAINS
107374182415,55834574914,CONTAINS
107374182415,30064771463,CONTAINS
107374182415,68719477137,CONTAINS
107374182415,30064771423,CONTAINS
107374182415,30064771425,CONTAINS
107374182415,68719477102,CONTAINS
107374182415,90194313343,CONTAINS
107374182415,68719477105,CONTAINS
107374182415,68719477104,CONTAINS
107374182415,68719477123,CONTAINS
107374182415,30064771448,CONTAINS
107374182415,180388626437,CONTAINS
107374182415,25769803856,CONTAINS
107374182415,90194313352,CONTAINS
107374182415,30064771453,CONTAINS
107374182415,90194313353,CONTAINS
107374182415,30064771454,CONTAINS
107374182415,90194313354,CONTAINS
107374182415,68719477130,CONTAINS
107374182415,90194313356,CONTAINS
107374182415,68719477136,CONTAINS
107374182415,55834574915,CONTAINS
107374182415,68719477098,CONTAINS
107374182415,30064771422,CONTAINS
107374182415,30064771424,CONTAINS
107374182415,68719477100,CONTAINS
107374182415,30064771447,CONTAINS
107374182415,68719477122,CONTAINS
107374182415,30064771452,CONTAINS
107374182415,47244640288,CONTAINS
107374182415,68719477127,CONTAINS
107374182415,68719477128,CONTAINS
107374182415,68719477097,CONTAINS
107374182415,90194313342,CONTAINS
107374182415,68719477099,CONTAINS
107374182415,55834574909,CONTAINS
107374182415,68719477121,CONTAINS
107374182415,55834574912,CONTAINS
107374182415,68719477126,CONTAINS
107374182415,30064771451,CONTAINS
107374182415,30064771436,CONTAINS
107374182415,25769803855,CONTAINS
107374182415,30064771450,CONTAINS
107374182415,68719477125,CONTAINS
107374182415,30064771433,CONTAINS
107374182415,30064771435,CONTAINS
107374182415,30064771439,CONTAINS
107374182415,47244640287,CONTAINS
107374182415,68719477124,CONTAINS
107374182415,55834574913,CONTAINS
107374182415,30064771432,CONTAINS
107374182415,30064771434,CONTAINS
107374182415,68719477110,CONTAINS
107374182415,68719477113,CONTAINS
107374182415,30064771438,CONTAINS
107374182415,30064771442,CONTAINS
107374182415,25769803854,CONTAINS
107374182415,30064771431,CONTAINS
107374182415,68719477108,CONTAINS
107374182415,90194313344,CONTAINS
107374182415,68719477109,CONTAINS
107374182415,90194313345,CONTAINS
107374182415,30064771437,CONTAINS
107374182415,68719477112,CONTAINS
107374182415,90194313346,CONTAINS
107374182415,90194313347,CONTAINS
107374182415,30064771440,CONTAINS
107374182415,30064771441,CONTAINS
107374182415,30064771446,CONTAINS
107374182415,141733920783,CONTAINS
107374182415,68719477107,CONTAINS
107374182415,55834574910,CONTAINS
107374182415,68719477111,CONTAINS
107374182415,55834574911,CONTAINS
107374182415,68719477114,CONTAINS
107374182415,90194313348,CONTAINS
107374182415,68719477117,CONTAINS
107374182415,68719477115,CONTAINS
107374182415,68719477116,CONTAINS
107374182415,68719477119,CONTAINS
107374182415,30064771445,CONTAINS
107374182415,68719477120,CONTAINS
107374182415,90194313349,CONTAINS
107374182415,30064771444,CONTAINS
107374182415,90194313351,CONTAINS
107374182415,30064771443,CONTAINS
107374182415,68719477118,CONTAINS
107374182415,90194313350,CONTAINS
107374182416,25769803861,CONTAINS
107374182416,90194313359,CONTAINS
107374182416,30064771468,CONTAINS
107374182416,30064771469,CONTAINS
107374182416,30064771470,CONTAINS
107374182416,30064771472,CONTAINS
107374182416,47244640296,CONTAINS
107374182416,68719477141,CONTAINS
107374182416,90194313360,CONTAINS
107374182416,68719477142,CONTAINS
107374182416,90194313361,CONTAINS
107374182416,68719477143,CONTAINS
107374182416,90194313362,CONTAINS
107374182416,68719477145,CONTAINS
107374182416,30064771471,CONTAINS
107374182416,30064771473,CONTAINS
107374182416,25769803873,CONTAINS
107374182416,25769803893,CONTAINS
107374182416,68719477144,CONTAINS
107374182416,90194313363,CONTAINS
107374182416,68719477146,CONTAINS
107374182416,90194313364,CONTAINS
107374182416,30064771475,CONTAINS
107374182416,30064771477,CONTAINS
107374182416,30064771498,CONTAINS
107374182416,47244640294,CONTAINS
107374182416,30064771502,CONTAINS
107374182416,30064771516,CONTAINS
107374182416,30064771528,CONTAINS
107374182416,30064771529,CONTAINS
107374182416,30064771533,CONTAINS
107374182416,47244640308,CONTAINS
107374182416,68719477148,CONTAINS
107374182416,30064771474,CONTAINS
107374182416,68719477150,CONTAINS
107374182416,30064771476,CONTAINS
107374182416,68719477170,CONTAINS
107374182416,25769803867,CONTAINS
107374182416,30064771499,CONTAINS
107374182416,25769803868,CONTAINS
107374182416,68719477175,CONTAINS
107374182416,30064771501,CONTAINS
107374182416,68719477188,CONTAINS
107374182416,30064771515,CONTAINS
107374182416,30064771527,CONTAINS
107374182416,68719477200,CONTAINS
107374182416,25769803872,CONTAINS
107374182416,68719477203,CONTAINS
107374182416,68719477201,CONTAINS
107374182416,68719477202,CONTAINS
107374182416,68719477206,CONTAINS
107374182416,30064771532,CONTAINS
107374182416,30064771534,CONTAINS
107374182416,25769803889,CONTAINS
107374182416,25769803892,CONTAINS
107374182416,68719477147,CONTAINS
107374182416,90194313365,CONTAINS
107374182416,68719477149,CONTAINS
107374182416,90194313366,CONTAINS
107374182416,30064771479,CONTAINS
107374182416,25769803866,CONTAINS
107374182416,68719477169,CONTAINS
107374182416,68719477171,CONTAINS
107374182416,30064771500,CONTAINS
107374182416,141733920785,CONTAINS
107374182416,68719477174,CONTAINS
107374182416,68719477173,CONTAINS
107374182416,30064771514,CONTAINS
107374182416,90194313372,CONTAINS
107374182416,68719477199,CONTAINS
107374182416,55834574925,CONTAINS
107374182416,30064771518,CONTAINS
107374182416,30064771520,CONTAINS
107374182416,30064771522,CONTAINS
107374182416,30064771524,CONTAINS
107374182416,30064771526,CONTAINS
107374182416,68719477198,CONTAINS
107374182416,90194313377,CONTAINS
107374182416,30064771530,CONTAINS
107374182416,90194313378,CONTAINS
107374182416,30064771531,CONTAINS
107374182416,90194313379,CONTAINS
107374182416,68719477207,CONTAINS
107374182416,90194313380,CONTAINS
107374182416,30064771536,CONTAINS
107374182416,47244640297,CONTAINS
107374182416,30064771540,CONTAINS
107374182416,30064771555,CONTAINS
107374182416,47244640301,CONTAINS
107374182416,30064771559,CONTAINS
107374182416,47244640303,CONTAINS
107374182416,47244640304,CONTAINS
107374182416,30064771593,CONTAINS
107374182416,30064771594,CONTAINS
107374182416,47244640309,CONTAINS
107374182416,68719477151,CONTAINS
107374182416,30064771478,CONTAINS
107374182416,30064771491,CONTAINS
107374182416,47244640291,CONTAINS
107374182416,68719477172,CONTAINS
107374182416,90194313369,CONTAINS
107374182416,68719477187,CONTAINS
107374182416,25769803871,CONTAINS
107374182416,90194313371,CONTAINS
107374182416,68719477189,CONTAINS
107374182416,30064771517,CONTAINS
107374182416,30064771519,CONTAINS
107374182416,68719477191,CONTAINS
107374182416,30064771521,CONTAINS
107374182416,68719477193,CONTAINS
107374182416,30064771523,CONTAINS
107374182416,68719477195,CONTAINS
107374182416,30064771525,CONTAINS
107374182416,68719477197,CONTAINS
107374182416,68719477204,CONTAINS
107374182416,68719477205,CONTAINS
107374182416,68719477210,CONTAINS
107374182416,30064771535,CONTAINS
107374182416,30064771537,CONTAINS
107374182416,25769803874,CONTAINS
107374182416,68719477214,CONTAINS
107374182416,30064771539,CONTAINS
107374182416,68719477229,CONTAINS
107374182416,30064771554,CONTAINS
107374182416,30064771556,CONTAINS
107374182416,25769803879,CONTAINS
107374182416,68719477234,CONTAINS
107374182416,30064771558,CONTAINS
107374182416,30064771572,CONTAINS
107374182416,25769803883,CONTAINS
107374182416,30064771578,CONTAINS
107374182416,25769803884,CONTAINS
107374182416,68719477266,CONTAINS
107374182416,68719477252,CONTAINS
107374182416,25769803888,CONTAINS
107374182416,68719477267,CONTAINS
107374182416,90194313393,CONTAINS
107374182416,30064771595,CONTAINS
107374182416,25769803890,CONTAINS
107374182416,25769803891,CONTAINS
107374182416,68719477163,CONTAINS
107374182416,25769803863,CONTAINS
107374182416,180388626439,CONTAINS
107374182416,25769803865,CONTAINS
107374182416,30064771504,CONTAINS
107374182416,25769803870,CONTAINS
107374182416,68719477186,CONTAINS
107374182416,68719477190,CONTAINS
107374182416,90194313373,CONTAINS
107374182416,68719477192,CONTAINS
107374182416,90194313374,CONTAINS
107374182416,68719477194,CONTAINS
107374182416,90194313375,CONTAINS
107374182416,68719477196,CONTAINS
107374182416,90194313376,CONTAINS
107374182416,68719477209,CONTAINS
107374182416,68719477208,CONTAINS
107374182416,68719477211,CONTAINS
107374182416,30064771538,CONTAINS
107374182416,141733920786,CONTAINS
107374182416,68719477213,CONTAINS
107374182416,90194313382,CONTAINS
107374182416,68719477228,CONTAINS
107374182416,25769803878,CONTAINS
107374182416,90194313384,CONTAINS
107374182416,68719477230,CONTAINS
107374182416,30064771557,CONTAINS
107374182416,141733920787,CONTAINS
107374182416,68719477233,CONTAINS
107374182416,68719477232,CONTAINS
107374182416,68719477247,CONTAINS
107374182416,25769803882,CONTAINS
107374182416,30064771573,CONTAINS
107374182416,141733920788,CONTAINS
107374182416,30064771577,CONTAINS
107374182416,30064771579,CONTAINS
107374182416,141733920789,CONTAINS
107374182416,30064771581,CONTAINS
107374182416,25769803887,CONTAINS
107374182416,68719477265,CONTAINS
107374182416,68719477268,CONTAINS
107374182416,90194313394,CONTAINS
107374182416,141733920790,CONTAINS
107374182416,30064771596,CONTAINS
107374182416,30064771488,CONTAINS
107374182416,30064771490,CONTAINS
107374182416,30064771494,CONTAINS
107374182416,47244640293,CONTAINS
107374182416,30064771483,CONTAINS
107374182416,68719477176,CONTAINS
107374182416,30064771503,CONTAINS
107374182416,30064771510,CONTAINS
107374182416,47244640295,CONTAINS
107374182416,68719477212,CONTAINS
107374182416,90194313381,CONTAINS
107374182416,30064771542,CONTAINS
107374182416,25769803877,CONTAINS
107374182416,68719477227,CONTAINS
107374182416,68719477231,CONTAINS
107374182416,90194313385,CONTAINS
107374182416,30064771561,CONTAINS
107374182416,25769803881,CONTAINS
107374182416,68719477246,CONTAINS
107374182416,68719477248,CONTAINS
107374182416,90194313387,CONTAINS
107374182416,68719477250,CONTAINS
107374182416,30064771576,CONTAINS
107374182416,68719477251,CONTAINS
107374182416,90194313391,CONTAINS
107374182416,68719477253,CONTAINS
107374182416,30064771580,CONTAINS
107374182416,30064771586,CONTAINS
107374182416,47244640305,CONTAINS
107374182416,68719477269,CONTAINS
107374182416,90194313395,CONTAINS
107374182416,68719477160,CONTAINS
107374182416,25769803862,CONTAINS
107374182416,30064771489,CONTAINS
107374182416,68719477162,CONTAINS
107374182416,68719477166,CONTAINS
107374182416,30064771493,CONTAINS
107374182416,30064771497,CONTAINS
107374182416,25769803864,CONTAINS
107374182416,30064771482,CONTAINS
107374182416,68719477155,CONTAINS
107374182416,30064771481,CONTAINS
107374182416,68719477182,CONTAINS
107374182416,30064771509,CONTAINS
107374182416,180388626440,CONTAINS
107374182416,25769803869,CONTAINS
107374182416,68719477215,CONTAINS
107374182416,30064771541,CONTAINS
107374182416,30064771547,CONTAINS
107374182416,47244640298,CONTAINS
107374182416,68719477235,CONTAINS
107374182416,30064771560,CONTAINS
107374182416,30064771568,CONTAINS
107374182416,47244640302,CONTAINS
107374182416,90194313388,CONTAINS
107374182416,30064771575,CONTAINS
107374182416,90194313390,CONTAINS
107374182416,68719477259,CONTAINS
107374182416,30064771585,CONTAINS
107374182416,180388626443,CONTAINS
107374182416,25769803886,CONTAINS
107374182416,30064771485,CONTAINS
107374182416,30064771487,CONTAINS
107374182416,68719477161,CONTAINS
107374182416,55834574919,CONTAINS
107374182416,30064771492,CONTAINS
107374182416,68719477165,CONTAINS
107374182416,30064771496,CONTAINS
107374182416,47244640292,CONTAINS
107374182416,68719477154,CONTAINS
107374182416,55834574917,CONTAINS
107374182416,30064771480,CONTAINS
107374182416,68719477153,CONTAINS
107374182416,30064771508,CONTAINS
107374182416,68719477181,CONTAINS
107374182416,30064771513,CONTAINS
107374182416,30064771507,CONTAINS
107374182416,68719477221,CONTAINS
107374182416,30064771546,CONTAINS
107374182416,180388626441,CONTAINS
107374182416,25769803876,CONTAINS
107374182416,68719477242,CONTAINS
107374182416,30064771567,CONTAINS
107374182416,180388626442,CONTAINS
107374182416,25769803880,CONTAINS
107374182416,30064771574,CONTAINS
107374182416,30064771584,CONTAINS
107374182416,68719477258,CONTAINS
107374182416,30064771589,CONTAINS
107374182416,47244640307,CONTAINS
107374182416,30064771583,CONTAINS
107374182416,68719477157,CONTAINS
107374182416,30064771484,CONTAINS
107374182416,30064771486,CONTAINS
107374182416,68719477159,CONTAINS
107374182416,90194313367,CONTAINS
107374182416,68719477164,CONTAINS
107374182416,55834574920,CONTAINS
107374182416,30064771495,CONTAINS
107374182416,68719477168,CONTAINS
107374182416,68719477152,CONTAINS
107374182416,55834574916,CONTAINS
107374182416,68719477180,CONTAINS
107374182416,55834574923,CONTAINS
107374182416,68719477185,CONTAINS
107374182416,30064771512,CONTAINS
107374182416,30064771506,CONTAINS
107374182416,68719477179,CONTAINS
107374182416,30064771505,CONTAINS
107374182416,30064771545,CONTAINS
107374182416,68719477220,CONTAINS
107374182416,30064771550,CONTAINS
107374182416,47244640300,CONTAINS
107374182416,30064771544,CONTAINS
107374182416,30064771566,CONTAINS
107374182416,68719477241,CONTAINS
107374182416,30064771571,CONTAINS
107374182416,30064771565,CONTAINS
107374182416,68719477249,CONTAINS
107374182416,90194313389,CONTAINS
107374182416,68719477257,CONTAINS
107374182416,55834574933,CONTAINS
107374182416,68719477262,CONTAINS
107374182416,30064771588,CONTAINS
107374182416,30064771592,CONTAINS
107374182416,25769803885,CONTAINS
107374182416,30064771582,CONTAINS
107374182416,68719477256,CONTAINS
107374182416,68719477254,CONTAINS
107374182416,68719477156,CONTAINS
107374182416,90194313368,CONTAINS
107374182416,68719477158,CONTAINS
107374182416,55834574918,CONTAINS
107374182416,68719477167,CONTAINS
107374182416,55834574921,CONTAINS
107374182416,30064771511,CONTAINS
107374182416,68719477184,CONTAINS
107374182416,68719477178,CONTAINS
107374182416,55834574922,CONTAINS
107374182416,68719477177,CONTAINS
107374182416,90194313370,CONTAINS
107374182416,68719477219,CONTAINS
107374182416,55834574927,CONTAINS
107374182416,68719477224,CONTAINS
107374182416,30064771549,CONTAINS
107374182416,30064771553,CONTAINS
107374182416,25769803875,CONTAINS
107374182416,30064771543,CONTAINS
107374182416,68719477218,CONTAINS
107374182416,68719477216,CONTAINS
107374182416,68719477240,CONTAINS
107374182416,55834574930,CONTAINS
107374182416,68719477245,CONTAINS
107374182416,30064771570,CONTAINS
107374182416,30064771564,CONTAINS
107374182416,68719477239,CONTAINS
107374182416,30064771563,CONTAINS
107374182416,30064771587,CONTAINS
107374182416,68719477261,CONTAINS
107374182416,30064771591,CONTAINS
107374182416,47244640306,CONTAINS
107374182416,68719477255,CONTAINS
107374182416,55834574932,CONTAINS
107374182416,68719477183,CONTAINS
107374182416,55834574924,CONTAINS
107374182416,30064771548,CONTAINS
107374182416,68719477223,CONTAINS
107374182416,30064771552,CONTAINS
107374182416,47244640299,CONTAINS
107374182416,68719477217,CONTAINS
107374182416,55834574926,CONTAINS
107374182416,30064771569,CONTAINS
107374182416,68719477244,CONTAINS
107374182416,68719477238,CONTAINS
107374182416,55834574929,CONTAINS
107374182416,30064771562,CONTAINS
107374182416,68719477237,CONTAINS
107374182416,68719477260,CONTAINS
107374182416,55834574934,CONTAINS
107374182416,30064771590,CONTAINS
107374182416,68719477264,CONTAINS
107374182416,68719477222,CONTAINS
107374182416,55834574928,CONTAINS
107374182416,30064771551,CONTAINS
107374182416,68719477226,CONTAINS
107374182416,68719477243,CONTAINS
107374182416,55834574931,CONTAINS
107374182416,68719477236,CONTAINS
107374182416,90194313386,CONTAINS
107374182416,68719477263,CONTAINS
107374182416,90194313392,CONTAINS
107374182416,68719477225,CONTAINS
107374182416,90194313383,CONTAINS
107374182417,25769803894,CONTAINS
107374182417,90194313396,CONTAINS
107374182417,30064771605,CONTAINS
107374182417,30064771607,CONTAINS
107374182417,30064771624,CONTAINS
107374182417,47244640314,CONTAINS
107374182417,68719477278,CONTAINS
107374182417,25769803896,CONTAINS
107374182417,68719477281,CONTAINS
107374182417,30064771606,CONTAINS
107374182417,68719477298,CONTAINS
107374182417,25769803901,CONTAINS
107374182417,68719477299,CONTAINS
107374182417,25769803905,CONTAINS
107374182417,25769803906,CONTAINS
107374182417,30064771602,CONTAINS
107374182417,30064771604,CONTAINS
107374182417,68719477280,CONTAINS
107374182417,68719477279,CONTAINS
107374182417,30064771609,CONTAINS
107374182417,25769803900,CONTAINS
107374182417,68719477297,CONTAINS
107374182417,30064771628,CONTAINS
107374182417,25769803904,CONTAINS
107374182417,30064771656,CONTAINS
107374182417,68719477275,CONTAINS
107374182417,25769803895,CONTAINS
107374182417,30064771603,CONTAINS
107374182417,68719477277,CONTAINS
107374182417,68719477282,CONTAINS
107374182417,30064771608,CONTAINS
107374182417,30064771614,CONTAINS
107374182417,47244640310,CONTAINS
107374182417,68719477302,CONTAINS
107374182417,30064771627,CONTAINS
107374182417,30064771652,CONTAINS
107374182417,47244640313,CONTAINS
107374182417,68719477321,CONTAINS
107374182417,90194313412,CONTAINS
107374182417,30064771599,CONTAINS
107374182417,30064771601,CONTAINS
107374182417,68719477276,CONTAINS
107374182417,55834574936,CONTAINS
107374182417,68719477288,CONTAINS
107374182417,30064771613,CONTAINS
107374182417,180388626444,CONTAINS
107374182417,25769803899,CONTAINS
107374182417,90194313399,CONTAINS
107374182417,30064771626,CONTAINS
107374182417,90194313400,CONTAINS
107374182417,68719477317,CONTAINS
107374182417,30064771651,CONTAINS
107374182417,180388626445,CONTAINS
107374182417,25769803903,CONTAINS
107374182417,68719477272,CONTAINS
107374182417,30064771598,CONTAINS
107374182417,30064771600,CONTAINS
107374182417,68719477274,CONTAINS
107374182417,30064771612,CONTAINS
107374182417,68719477287,CONTAINS
107374182417,30064771617,CONTAINS
107374182417,47244640312,CONTAINS
107374182417,30064771611,CONTAINS
107374182417,30064771625,CONTAINS
107374182417,30064771650,CONTAINS
107374182417,68719477316,CONTAINS
107374182417,30064771655,CONTAINS
107374182417,30064771632,CONTAINS
107374182417,30064771636,CONTAINS
107374182417,30064771640,CONTAINS
107374182417,30064771647,CONTAINS
107374182417,30064771649,CONTAINS
107374182417,68719477271,CONTAINS
107374182417,90194313397,CONTAINS
107374182417,68719477273,CONTAINS
107374182417,55834574935,CONTAINS
107374182417,68719477286,CONTAINS
107374182417,55834574938,CONTAINS
107374182417,68719477291,CONTAINS
107374182417,30064771616,CONTAINS
107374182417,30064771623,CONTAINS
107374182417,25769803898,CONTAINS
107374182417,30064771610,CONTAINS
107374182417,68719477285,CONTAINS
107374182417,68719477283,CONTAINS
107374182417,68719477301,CONTAINS
107374182417,68719477300,CONTAINS
107374182417,68719477315,CONTAINS
107374182417,55834574942,CONTAINS
107374182417,68719477320,CONTAINS
107374182417,30064771654,CONTAINS
107374182417,68719477304,CONTAINS
107374182417,30064771631,CONTAINS
107374182417,68719477306,CONTAINS
107374182417,30064771635,CONTAINS
107374182417,68719477308,CONTAINS
107374182417,30064771639,CONTAINS
107374182417,68719477313,CONTAINS
107374182417,30064771646,CONTAINS
107374182417,68719477314,CONTAINS
107374182417,30064771648,CONTAINS
107374182417,30064771615,CONTAINS
107374182417,68719477290,CONTAINS
107374182417,30064771622,CONTAINS
107374182417,47244640311,CONTAINS
107374182417,68719477284,CONTAINS
107374182417,55834574937,CONTAINS
107374182417,30064771653,CONTAINS
107374182417,68719477319,CONTAINS
107374182417,90194313401,CONTAINS
107374182417,30064771630,CONTAINS
107374182417,90194313403,CONTAINS
107374182417,30064771634,CONTAINS
107374182417,90194313405,CONTAINS
107374182417,30064771638,CONTAINS
107374182417,90194313407,CONTAINS
107374182417,30064771645,CONTAINS
107374182417,90194313410,CONTAINS
107374182417,90194313411,CONTAINS
107374182417,68719477289,CONTAINS
107374182417,55834574939,CONTAINS
107374182417,68719477292,CONTAINS
107374182417,25769803897,CONTAINS
107374182417,68719477318,CONTAINS
107374182417,55834574943,CONTAINS
107374182417,30064771629,CONTAINS
107374182417,30064771633,CONTAINS
107374182417,30064771637,CONTAINS
107374182417,25769803902,CONTAINS
107374182417,30064771619,CONTAINS
107374182417,30064771621,CONTAINS
107374182417,68719477303,CONTAINS
107374182417,90194313402,CONTAINS
107374182417,68719477305,CONTAINS
107374182417,90194313404,CONTAINS
107374182417,68719477307,CONTAINS
107374182417,90194313406,CONTAINS
107374182417,30064771642,CONTAINS
107374182417,30064771644,CONTAINS
107374182417,68719477294,CONTAINS
107374182417,30064771618,CONTAINS
107374182417,30064771620,CONTAINS
107374182417,68719477296,CONTAINS
107374182417,68719477310,CONTAINS
107374182417,90194313409,CONTAINS
107374182417,30064771643,CONTAINS
107374182417,68719477312,CONTAINS
107374182417,30064771641,CONTAINS
107374182417,68719477293,CONTAINS
107374182417,90194313398,CONTAINS
107374182417,68719477295,CONTAINS
107374182417,55834574940,CONTAINS
107374182417,68719477311,CONTAINS
107374182417,55834574941,CONTAINS
107374182417,68719477309,CONTAINS
107374182417,90194313408,CONTAINS
107374182418,25769803907,CONTAINS
107374182418,90194313413,CONTAINS
107374182418,30064771659,CONTAINS
107374182418,30064771661,CONTAINS
107374182418,30064771663,CONTAINS
107374182418,47244640315,CONTAINS
107374182418,30064771678,CONTAINS
107374182418,30064771679,CONTAINS
107374182418,25769803919,CONTAINS
107374182418,68719477325,CONTAINS
107374182418,30064771658,CONTAINS
107374182418,68719477328,CONTAINS
107374182418,30064771660,CONTAINS
107374182418,68719477331,CONTAINS
107374182418,30064771662,CONTAINS
107374182418,30064771664,CONTAINS
107374182418,25769803908,CONTAINS
107374182418,68719477345,CONTAINS
107374182418,25769803911,CONTAINS
107374182418,68719477346,CONTAINS
107374182418,90194313417,CONTAINS
107374182418,30064771729,CONTAINS
107374182418,47244640321,CONTAINS
107374182418,68719477324,CONTAINS
107374182418,68719477323,CONTAINS
107374182418,68719477327,CONTAINS
107374182418,68719477326,CONTAINS
107374182418,68719477330,CONTAINS
107374182418,68719477329,CONTAINS
107374182418,68719477332,CONTAINS
107374182418,30064771665,CONTAINS
107374182418,141733920791,CONTAINS
107374182418,30064771667,CONTAINS
107374182418,25769803910,CONTAINS
107374182418,68719477344,CONTAINS
107374182418,68719477383,CONTAINS
107374182418,30064771728,CONTAINS
107374182418,180388626448,CONTAINS
107374182418,25769803918,CONTAINS
107374182418,68719477333,CONTAINS
107374182418,90194313414,CONTAINS
107374182418,68719477334,CONTAINS
107374182418,30064771666,CONTAINS
107374182418,30064771674,CONTAINS
107374182418,47244640316,CONTAINS
107374182418,30064771727,CONTAINS
107374182418,68719477382,CONTAINS
107374182418,30064771732,CONTAINS
107374182418,30064771691,CONTAINS
107374182418,30064771707,CONTAINS
107374182418,47244640320,CONTAINS
107374182418,30064771726,CONTAINS
107374182418,68719477340,CONTAINS
107374182418,30064771673,CONTAINS
107374182418,180388626446,CONTAINS
107374182418,25769803909,CONTAINS
107374182418,68719477381,CONTAINS
107374182418,55834574951,CONTAINS
107374182418,68719477386,CONTAINS
107374182418,30064771731,CONTAINS
107374182418,68719477351,CONTAINS
107374182418,30064771690,CONTAINS
107374182418,68719477366,CONTAINS
107374182418,30064771706,CONTAINS
107374182418,68719477367,CONTAINS
107374182418,25769803916,CONTAINS
107374182418,25769803917,CONTAINS
107374182418,68719477380,CONTAINS
107374182418,30064771725,CONTAINS
107374182418,30064771672,CONTAINS
107374182418,68719477339,CONTAINS
107374182418,30064771677,CONTAINS
107374182418,30064771671,CONTAINS
107374182418,30064771730,CONTAINS
107374182418,68719477385,CONTAINS
107374182418,30064771684,CONTAINS
107374182418,30064771689,CONTAINS
107374182418,68719477365,CONTAINS
107374182418,25769803915,CONTAINS
107374182418,90194313429,CONTAINS
107374182418,30064771711,CONTAINS
107374182418,30064771715,CONTAINS
107374182418,30064771723,CONTAINS
107374182418,30064771724,CONTAINS
107374182418,90194313439,CONTAINS
107374182418,90194313440,CONTAINS
107374182418,68719477338,CONTAINS
107374182418,55834574944,CONTAINS
107374182418,68719477343,CONTAINS
107374182418,30064771676,CONTAINS
107374182418,30064771669,CONTAINS
107374182418,30064771670,CONTAINS
107374182418,68719477384,CONTAINS
107374182418,55834574952,CONTAINS
107374182418,90194313418,CONTAINS
107374182418,30064771681,CONTAINS
107374182418,90194313420,CONTAINS
107374182418,30064771683,CONTAINS
107374182418,90194313422,CONTAINS
107374182418,90194313423,CONTAINS
107374182418,30064771686,CONTAINS
107374182418,90194313425,CONTAINS
107374182418,30064771688,CONTAINS
107374182418,30064771693,CONTAINS
107374182418,25769803914,CONTAINS
107374182418,68719477364,CONTAINS
107374182418,68719477371,CONTAINS
107374182418,30064771710,CONTAINS
107374182418,68719477374,CONTAINS
107374182418,30064771714,CONTAINS
107374182418,68719477378,CONTAINS
107374182418,30064771722,CONTAINS
107374182418,68719477379,CONTAINS
107374182418,90194313438,CONTAINS
107374182418,30064771675,CONTAINS
107374182418,68719477342,CONTAINS
107374182418,68719477335,CONTAINS
107374182418,30064771668,CONTAINS
107374182418,68719477337,CONTAINS
107374182418,90194313416,CONTAINS
107374182418,30064771680,CONTAINS
107374182418,30064771682,CONTAINS
107374182418,30064771685,CONTAINS
107374182418,30064771687,CONTAINS
107374182418,68719477352,CONTAINS
107374182418,30064771692,CONTAINS
107374182418,30064771698,CONTAINS
107374182418,47244640317,CONTAINS
107374182418,30064771709,CONTAINS
107374182418,68719477370,CONTAINS
107374182418,30064771708,CONTAINS
107374182418,90194313431,CONTAINS
107374182418,30064771713,CONTAINS
107374182418,90194313433,CONTAINS
107374182418,30064771718,CONTAINS
107374182418,30064771721,CONTAINS
107374182418,68719477341,CONTAINS
107374182418,55834574945,CONTAINS
107374182418,68719477336,CONTAINS
107374182418,90194313415,CONTAINS
107374182418,68719477347,CONTAINS
107374182418,90194313419,CONTAINS
107374182418,68719477348,CONTAINS
107374182418,90194313421,CONTAINS
107374182418,68719477349,CONTAINS
107374182418,90194313424,CONTAINS
107374182418,68719477350,CONTAINS
107374182418,90194313426,CONTAINS
107374182418,68719477358,CONTAINS
107374182418,30064771697,CONTAINS
107374182418,180388626447,CONTAINS
107374182418,25769803913,CONTAINS
107374182418,68719477369,CONTAINS
107374182418,55834574949,CONTAINS
107374182418,68719477368,CONTAINS
107374182418,90194313430,CONTAINS
107374182418,30064771712,CONTAINS
107374182418,68719477373,CONTAINS
107374182418,90194313432,CONTAINS
107374182418,90194313434,CONTAINS
107374182418,30064771717,CONTAINS
107374182418,90194313436,CONTAINS
107374182418,30064771719,CONTAINS
107374182418,90194313437,CONTAINS
107374182418,30064771720,CONTAINS
107374182418,30064771696,CONTAINS
107374182418,68719477357,CONTAINS
107374182418,30064771701,CONTAINS
107374182418,47244640319,CONTAINS
107374182418,30064771695,CONTAINS
107374182418,68719477372,CONTAINS
107374182418,55834574950,CONTAINS
107374182418,30064771716,CONTAINS
107374182418,68719477376,CONTAINS
107374182418,68719477377,CONTAINS
107374182418,68719477356,CONTAINS
107374182418,55834574947,CONTAINS
107374182418,68719477361,CONTAINS
107374182418,30064771700,CONTAINS
107374182418,30064771705,CONTAINS
107374182418,25769803912,CONTAINS
107374182418,30064771694,CONTAINS
107374182418,68719477355,CONTAINS
107374182418,68719477353,CONTAINS
107374182418,68719477375,CONTAINS
107374182418,90194313435,CONTAINS
107374182418,30064771699,CONTAINS
107374182418,68719477360,CONTAINS
107374182418,30064771704,CONTAINS
107374182418,47244640318,CONTAINS
107374182418,68719477354,CONTAINS
107374182418,55834574946,CONTAINS
107374182418,68719477359,CONTAINS
107374182418,55834574948,CONTAINS
107374182418,30064771702,CONTAINS
107374182418,30064771703,CONTAINS
107374182418,68719477362,CONTAINS
107374182418,90194313427,CONTAINS
107374182418,68719477363,CONTAINS
107374182418,90194313428,CONTAINS
107374182419,25769803920,CONTAINS
107374182419,90194313441,CONTAINS
107374182419,30064771735,CONTAINS
107374182419,30064771737,CONTAINS
107374182419,30064771752,CONTAINS
107374182419,47244640325,CONTAINS
107374182419,47244640326,CONTAINS
107374182419,30064771760,CONTAINS
107374182419,30064771761,CONTAINS
107374182419,30064771762,CONTAINS
107374182419,30064771767,CONTAINS
107374182419,47244640327,CONTAINS
107374182419,30064771788,CONTAINS
107374182419,30064771789,CONTAINS
107374182419,30064771792,CONTAINS
107374182419,68719477390,CONTAINS
107374182419,30064771734,CONTAINS
107374182419,68719477392,CONTAINS
107374182419,30064771736,CONTAINS
107374182419,68719477407,CONTAINS
107374182419,30064771751,CONTAINS
107374182419,30064771753,CONTAINS
107374182419,25769803925,CONTAINS
107374182419,30064771755,CONTAINS
107374182419,25769803926,CONTAINS
107374182419,68719477413,CONTAINS
107374182419,90194313449,CONTAINS
107374182419,68719477414,CONTAINS
107374182419,90194313450,CONTAINS
107374182419,68719477415,CONTAINS
107374182419,90194313451,CONTAINS
107374182419,68719477420,CONTAINS
107374182419,25769803927,CONTAINS
107374182419,30064771768,CONTAINS
107374182419,25769803930,CONTAINS
107374182419,25769803933,CONTAINS
107374182419,30064771787,CONTAINS
107374182419,68719477440,CONTAINS
107374182419,68719477444,CONTAINS
107374182419,68719477442,CONTAINS
107374182419,68719477443,CONTAINS
107374182419,68719477446,CONTAINS
107374182419,30064771791,CONTAINS
107374182419,68719477389,CONTAINS
107374182419,68719477388,CONTAINS
107374182419,68719477391,CONTAINS
107374182419,90194313442,CONTAINS
107374182419,68719477406,CONTAINS
107374182419,25769803924,CONTAINS
107374182419,90194313444,CONTAINS
107374182419,68719477408,CONTAINS
107374182419,30064771754,CONTAINS
107374182419,141733920792,CONTAINS
107374182419,68719477410,CONTAINS
107374182419,90194313446,CONTAINS
107374182419,30064771759,CONTAINS
107374182419,141733920793,CONTAINS
107374182419,30064771764,CONTAINS
107374182419,30064771766,CONTAINS
107374182419,68719477421,CONTAINS
107374182419,90194313453,CONTAINS
107374182419,30064771771,CONTAINS
107374182419,30064771782,CONTAINS
107374182419,47244640328,CONTAINS
107374182419,68719477441,CONTAINS
107374182419,90194313460,CONTAINS
107374182419,90194313461,CONTAINS
107374182419,30064771790,CONTAINS
107374182419,30064771739,CONTAINS
107374182419,25769803923,CONTAINS
107374182419,68719477405,CONTAINS
107374182419,68719477409,CONTAINS
107374182419,90194313445,CONTAINS
107374182419,68719477412,CONTAINS
107374182419,30064771758,CONTAINS
107374182419,68719477417,CONTAINS
107374182419,30064771763,CONTAINS
107374182419,30064771765,CONTAINS
107374182419,68719477419,CONTAINS
107374182419,68719477424,CONTAINS
107374182419,30064771770,CONTAINS
107374182419,68719477435,CONTAINS
107374182419,25769803929,CONTAINS
107374182419,30064771783,CONTAINS
107374182419,25769803931,CONTAINS
107374182419,25769803932,CONTAINS
107374182419,68719477445,CONTAINS
107374182419,68719477393,CONTAINS
107374182419,30064771738,CONTAINS
107374182419,30064771744,CONTAINS
107374182419,47244640322,CONTAINS
107374182419,90194313447,CONTAINS
107374182419,30064771757,CONTAINS
107374182419,68719477416,CONTAINS
107374182419,90194313452,CONTAINS
107374182419,68719477418,CONTAINS
107374182419,55834574956,CONTAINS
107374182419,30064771769,CONTAINS
107374182419,68719477423,CONTAINS
107374182419,90194313454,CONTAINS
107374182419,90194313455,CONTAINS
107374182419,30064771779,CONTAINS
107374182419,30064771781,CONTAINS
107374182419,68719477436,CONTAINS
107374182419,90194313457,CONTAINS
107374182419,30064771785,CONTAINS
107374182419,30064771786,CONTAINS
107374182419,141733920794,CONTAINS
107374182419,68719477399,CONTAINS
107374182419,30064771743,CONTAINS
107374182419,180388626449,CONTAINS
107374182419,25769803922,CONTAINS
107374182419,30064771756,CONTAINS
107374182419,68719477422,CONTAINS
107374182419,55834574957,CONTAINS
107374182419,68719477432,CONTAINS
107374182419,30064771778,CONTAINS
107374182419,30064771780,CONTAINS
107374182419,68719477434,CONTAINS
107374182419,90194313456,CONTAINS
107374182419,68719477438,CONTAINS
107374182419,30064771784,CONTAINS
107374182419,68719477439,CONTAINS
107374182419,90194313459,CONTAINS
107374182419,30064771742,CONTAINS
107374182419,68719477398,CONTAINS
107374182419,30064771747,CONTAINS
107374182419,47244640324,CONTAINS
107374182419,30064771741,CONTAINS
107374182419,68719477411,CONTAINS
107374182419,90194313448,CONTAINS
107374182419,25769803928,CONTAINS
107374182419,30064771777,CONTAINS
107374182419,68719477433,CONTAINS
107374182419,55834574961,CONTAINS
107374182419,68719477437,CONTAINS
107374182419,90194313458,CONTAINS
107374182419,68719477397,CONTAINS
107374182419,55834574954,CONTAINS
107374182419,68719477402,CONTAINS
107374182419,30064771746,CONTAINS
107374182419,30064771750,CONTAINS
107374182419,25769803921,CONTAINS
107374182419,30064771740,CONTAINS
107374182419,68719477396,CONTAINS
107374182419,68719477394,CONTAINS
107374182419,30064771773,CONTAINS
107374182419,30064771775,CONTAINS
107374182419,30064771776,CONTAINS
107374182419,68719477431,CONTAINS
107374182419,68719477429,CONTAINS
107374182419,30064771745,CONTAINS
107374182419,68719477401,CONTAINS
107374182419,30064771749,CONTAINS
107374182419,47244640323,CONTAINS
107374182419,68719477395,CONTAINS
107374182419,55834574953,CONTAINS
107374182419,68719477426,CONTAINS
107374182419,30064771772,CONTAINS
107374182419,30064771774,CONTAINS
107374182419,68719477428,CONTAINS
107374182419,68719477430,CONTAINS
107374182419,55834574960,CONTAINS
107374182419,68719477400,CONTAINS
107374182419,55834574955,CONTAINS
107374182419,30064771748,CONTAINS
107374182419,68719477404,CONTAINS
107374182419,68719477425,CONTAINS
107374182419,55834574958,CONTAINS
107374182419,68719477427,CONTAINS
107374182419,55834574959,CONTAINS
107374182419,68719477403,CONTAINS
107374182419,90194313443,CONTAINS
107374182420,25769803934,CONTAINS
107374182420,90194313462,CONTAINS
107374182420,30064771795,CONTAINS
107374182420,47244640329,CONTAINS
107374182420,30064771798,CONTAINS
107374182420,25769803938,CONTAINS
107374182420,30064771821,CONTAINS
107374182420,68719477450,CONTAINS
107374182420,30064771794,CONTAINS
107374182420,30064771796,CONTAINS
107374182420,25769803935,CONTAINS
107374182420,68719477453,CONTAINS
107374182420,90194313464,CONTAINS
107374182420,30064771816,CONTAINS
107374182420,47244640330,CONTAINS
107374182420,68719477469,CONTAINS
107374182420,30064771820,CONTAINS
107374182420,68719477449,CONTAINS
107374182420,68719477448,CONTAINS
107374182420,68719477451,CONTAINS
107374182420,30064771797,CONTAINS
107374182420,141733920795,CONTAINS
107374182420,68719477465,CONTAINS
107374182420,30064771815,CONTAINS
107374182420,180388626450,CONTAINS
107374182420,25769803937,CONTAINS
107374182420,90194313474,CONTAINS
107374182420,90194313475,CONTAINS
107374182420,68719477452,CONTAINS
107374182420,90194313463,CONTAINS
107374182420,30064771814,CONTAINS
107374182420,68719477464,CONTAINS
107374182420,30064771819,CONTAINS
107374182420,30064771806,CONTAINS
107374182420,30064771813,CONTAINS
107374182420,68719477463,CONTAINS
107374182420,55834574963,CONTAINS
107374182420,68719477468,CONTAINS
107374182420,30064771818,CONTAINS
107374182420,68719477457,CONTAINS
107374182420,30064771805,CONTAINS
107374182420,68719477462,CONTAINS
107374182420,30064771812,CONTAINS
107374182420,30064771817,CONTAINS
107374182420,68719477467,CONTAINS
107374182420,90194313465,CONTAINS
107374182420,30064771800,CONTAINS
107374182420,90194313467,CONTAINS
107374182420,30064771802,CONTAINS
107374182420,90194313469,CONTAINS
107374182420,30064771804,CONTAINS
107374182420,90194313471,CONTAINS
107374182420,30064771811,CONTAINS
107374182420,68719477466,CONTAINS
107374182420,55834574964,CONTAINS
107374182420,30064771799,CONTAINS
107374182420,30064771801,CONTAINS
107374182420,30064771803,CONTAINS
107374182420,25769803936,CONTAINS
107374182420,68719477454,CONTAINS
107374182420,90194313466,CONTAINS
107374182420,68719477455,CONTAINS
107374182420,90194313468,CONTAINS
107374182420,68719477456,CONTAINS
107374182420,90194313470,CONTAINS
107374182420,30064771808,CONTAINS
107374182420,30064771810,CONTAINS
107374182420,68719477459,CONTAINS
107374182420,90194313473,CONTAINS
107374182420,30064771809,CONTAINS
107374182420,68719477461,CONTAINS
107374182420,30064771807,CONTAINS
107374182420,68719477460,CONTAINS
107374182420,55834574962,CONTAINS
107374182420,68719477458,CONTAINS
107374182420,90194313472,CONTAINS
107374182421,25769803939,CONTAINS
107374182421,90194313476,CONTAINS
107374182421,30064771824,CONTAINS
107374182421,47244640332,CONTAINS
107374182421,30064771840,CONTAINS
107374182421,30064771842,CONTAINS
107374182421,47244640333,CONTAINS
107374182421,30064771845,CONTAINS
107374182421,30064771860,CONTAINS
107374182421,47244640337,CONTAINS
107374182421,30064771869,CONTAINS
107374182421,30064771871,CONTAINS
107374182421,30064771891,CONTAINS
107374182421,47244640341,CONTAINS
107374182421,30064771906,CONTAINS
107374182421,30064771907,CONTAINS
107374182421,30064771908,CONTAINS
107374182421,68719477473,CONTAINS
107374182421,30064771823,CONTAINS
107374182421,30064771838,CONTAINS
107374182421,25769803943,CONTAINS
107374182421,68719477488,CONTAINS
107374182421,68719477491,CONTAINS
107374182421,30064771841,CONTAINS
107374182421,30064771843,CONTAINS
107374182421,25769803944,CONTAINS
107374182421,68719477494,CONTAINS
107374182421,30064771844,CONTAINS
107374182421,68719477509,CONTAINS
107374182421,30064771859,CONTAINS
107374182421,30064771861,CONTAINS
107374182421,25769803949,CONTAINS
107374182421,68719477516,CONTAINS
107374182421,30064771868,CONTAINS
107374182421,68719477518,CONTAINS
107374182421,30064771870,CONTAINS
107374182421,68719477537,CONTAINS
107374182421,30064771890,CONTAINS
107374182421,30064771892,CONTAINS
107374182421,25769803956,CONTAINS
107374182421,30064771905,CONTAINS
107374182421,68719477550,CONTAINS
107374182421,25769803957,CONTAINS
107374182421,68719477553,CONTAINS
107374182421,68719477551,CONTAINS
107374182421,68719477552,CONTAINS
107374182421,68719477554,CONTAINS
107374182421,90194313497,CONTAINS
107374182421,68719477472,CONTAINS
107374182421,68719477471,CONTAINS
107374182421,68719477486,CONTAINS
107374182421,25769803942,CONTAINS
107374182421,30064771839,CONTAINS
107374182421,141733920796,CONTAINS
107374182421,68719477490,CONTAINS
107374182421,68719477489,CONTAINS
107374182421,68719477492,CONTAINS
107374182421,141733920797,CONTAINS
107374182421,68719477493,CONTAINS
107374182421,90194313480,CONTAINS
107374182421,68719477508,CONTAINS
107374182421,25769803948,CONTAINS
107374182421,90194313482,CONTAINS
107374182421,68719477510,CONTAINS
107374182421,30064771862,CONTAINS
107374182421,141733920798,CONTAINS
107374182421,90194313484,CONTAINS
107374182421,30064771867,CONTAINS
107374182421,68719477517,CONTAINS
107374182421,90194313487,CONTAINS
107374182421,68719477536,CONTAINS
107374182421,25769803955,CONTAINS
107374182421,90194313489,CONTAINS
107374182421,68719477538,CONTAINS
107374182421,30064771893,CONTAINS
107374182421,141733920799,CONTAINS
107374182421,68719477549,CONTAINS
107374182421,55834574977,CONTAINS
107374182421,30064771895,CONTAINS
107374182421,30064771898,CONTAINS
107374182421,30064771900,CONTAINS
107374182421,30064771902,CONTAINS
107374182421,30064771904,CONTAINS
107374182421,68719477548,CONTAINS
107374182421,30064771826,CONTAINS
107374182421,25769803941,CONTAINS
107374182421,68719477485,CONTAINS
107374182421,68719477487,CONTAINS
107374182421,90194313479,CONTAINS
107374182421,30064771847,CONTAINS
107374182421,25769803947,CONTAINS
107374182421,68719477507,CONTAINS
107374182421,68719477511,CONTAINS
107374182421,90194313483,CONTAINS
107374182421,25769803950,CONTAINS
107374182421,30064771873,CONTAINS
107374182421,25769803954,CONTAINS
107374182421,68719477535,CONTAINS
107374182421,68719477539,CONTAINS
107374182421,90194313490,CONTAINS
107374182421,68719477540,CONTAINS
107374182421,30064771894,CONTAINS
107374182421,30064771896,CONTAINS
107374182421,30064771897,CONTAINS
107374182421,30064771899,CONTAINS
107374182421,68719477544,CONTAINS
107374182421,30064771901,CONTAINS
107374182421,68719477546,CONTAINS
107374182421,30064771903,CONTAINS
107374182421,90194313496,CONTAINS
107374182421,68719477474,CONTAINS
107374182421,30064771825,CONTAINS
107374182421,30064771834,CONTAINS
107374182421,47244640331,CONTAINS
107374182421,68719477495,CONTAINS
107374182421,30064771846,CONTAINS
107374182421,30064771852,CONTAINS
107374182421,47244640334,CONTAINS
107374182421,30064771864,CONTAINS
107374182421,30064771866,CONTAINS
107374182421,68719477519,CONTAINS
107374182421,30064771872,CONTAINS
107374182421,30064771880,CONTAINS
107374182421,47244640338,CONTAINS
107374182421,68719477541,CONTAINS
107374182421,90194313491,CONTAINS
107374182421,68719477542,CONTAINS
107374182421,90194313492,CONTAINS
107374182421,68719477543,CONTAINS
107374182421,90194313493,CONTAINS
107374182421,68719477545,CONTAINS
107374182421,90194313494,CONTAINS
107374182421,68719477547,CONTAINS
107374182421,90194313495,CONTAINS
107374182421,68719477481,CONTAINS
107374182421,30064771833,CONTAINS
107374182421,180388626451,CONTAINS
107374182421,25769803940,CONTAINS
107374182421,68719477501,CONTAINS
107374182421,30064771851,CONTAINS
107374182421,180388626452,CONTAINS
107374182421,25769803946,CONTAINS
107374182421,68719477513,CONTAINS
107374182421,90194313486,CONTAINS
107374182421,30064771865,CONTAINS
107374182421,68719477515,CONTAINS
107374182421,30064771863,CONTAINS
107374182421,68719477527,CONTAINS
107374182421,25769803951,CONTAINS
107374182421,180388626453,CONTAINS
107374182421,25769803953,CONTAINS
107374182421,30064771832,CONTAINS
107374182421,68719477480,CONTAINS
107374182421,30064771837,CONTAINS
107374182421,30064771831,CONTAINS
107374182421,30064771850,CONTAINS
107374182421,68719477500,CONTAINS
107374182421,30064771855,CONTAINS
107374182421,47244640336,CONTAINS
107374182421,30064771849,CONTAINS
107374182421,68719477514,CONTAINS
107374182421,55834574971,CONTAINS
107374182421,68719477512,CONTAINS
107374182421,90194313485,CONTAINS
107374182421,30064771877,CONTAINS
107374182421,30064771879,CONTAINS
107374182421,30064771883,CONTAINS
107374182421,47244640340,CONTAINS
107374182421,30064771875,CONTAINS
107374182421,68719477479,CONTAINS
107374182421,55834574966,CONTAINS
107374182421,68719477484,CONTAINS
107374182421,30064771836,CONTAINS
107374182421,30064771830,CONTAINS
107374182421,68719477478,CONTAINS
107374182421,30064771829,CONTAINS
107374182421,68719477499,CONTAINS
107374182421,55834574969,CONTAINS
107374182421,68719477504,CONTAINS
107374182421,30064771854,CONTAINS
107374182421,30064771858,CONTAINS
107374182421,25769803945,CONTAINS
107374182421,30064771848,CONTAINS
107374182421,68719477498,CONTAINS
107374182421,68719477496,CONTAINS
107374182421,68719477524,CONTAINS
107374182421,30064771876,CONTAINS
107374182421,30064771878,CONTAINS
107374182421,68719477526,CONTAINS
107374182421,68719477530,CONTAINS
107374182421,30064771882,CONTAINS
107374182421,30064771889,CONTAINS
107374182421,25769803952,CONTAINS
107374182421,30064771874,CONTAINS
107374182421,68719477522,CONTAINS
107374182421,68719477520,CONTAINS
107374182421,30064771835,CONTAINS
107374182421,68719477483,CONTAINS
107374182421,68719477477,CONTAINS
107374182421,55834574965,CONTAINS
107374182421,30064771827,CONTAINS
107374182421,30064771828,CONTAINS
107374182421,30064771853,CONTAINS
107374182421,68719477503,CONTAINS
107374182421,30064771857,CONTAINS
107374182421,47244640335,CONTAINS
107374182421,68719477497,CONTAINS
107374182421,55834574968,CONTAINS
107374182421,68719477523,CONTAINS
107374182421,90194313488,CONTAINS
107374182421,68719477525,CONTAINS
107374182421,55834574973,CONTAINS
107374182421,30064771881,CONTAINS
107374182421,68719477529,CONTAINS
107374182421,30064771888,CONTAINS
107374182421,47244640339,CONTAINS
107374182421,68719477521,CONTAINS
107374182421,55834574972,CONTAINS
107374182421,68719477482,CONTAINS
107374182421,55834574967,CONTAINS
107374182421,68719477475,CONTAINS
107374182421,90194313477,CONTAINS
107374182421,68719477476,CONTAINS
107374182421,90194313478,CONTAINS
107374182421,68719477502,CONTAINS
107374182421,55834574970,CONTAINS
107374182421,30064771856,CONTAINS
107374182421,68719477506,CONTAINS
107374182421,68719477528,CONTAINS
107374182421,55834574974,CONTAINS
107374182421,30064771885,CONTAINS
107374182421,30064771887,CONTAINS
107374182421,68719477505,CONTAINS
107374182421,90194313481,CONTAINS
107374182421,30064771884,CONTAINS
107374182421,68719477532,CONTAINS
107374182421,30064771886,CONTAINS
107374182421,68719477534,CONTAINS
107374182421,68719477531,CONTAINS
107374182421,55834574975,CONTAINS
107374182421,68719477533,CONTAINS
107374182421,55834574976,CONTAINS
107374182422,25769803958,CONTAINS
107374182422,90194313498,CONTAINS
107374182422,30064771911,CONTAINS
107374182422,30064771927,CONTAINS
107374182422,47244640345,CONTAINS
107374182422,68719477558,CONTAINS
107374182422,30064771910,CONTAINS
107374182422,68719477573,CONTAINS
107374182422,30064771926,CONTAINS
107374182422,30064771928,CONTAINS
107374182422,25769803963,CONTAINS
107374182422,25769803970,CONTAINS
107374182422,68719477557,CONTAINS
107374182422,68719477556,CONTAINS
107374182422,68719477572,CONTAINS
107374182422,25769803962,CONTAINS
107374182422,90194313501,CONTAINS
107374182422,68719477574,CONTAINS
107374182422,30064771929,CONTAINS
107374182422,47244640349,CONTAINS
107374182422,30064771913,CONTAINS
107374182422,25769803961,CONTAINS
107374182422,68719477571,CONTAINS
107374182422,68719477575,CONTAINS
107374182422,90194313502,CONTAINS
107374182422,30064771930,CONTAINS
107374182422,25769803968,CONTAINS
107374182422,25769803969,CONTAINS
107374182422,68719477559,CONTAINS
107374182422,30064771912,CONTAINS
107374182422,30064771918,CONTAINS
107374182422,47244640342,CONTAINS
107374182422,68719477576,CONTAINS
107374182422,90194313503,CONTAINS
107374182422,30064771932,CONTAINS
107374182422,30064771949,CONTAINS
107374182422,30064771958,CONTAINS
107374182422,30064771959,CONTAINS
107374182422,68719477565,CONTAINS
107374182422,30064771917,CONTAINS
107374182422,180388626454,CONTAINS
107374182422,25769803960,CONTAINS
107374182422,68719477579,CONTAINS
107374182422,30064771931,CONTAINS
107374182422,68719477594,CONTAINS
107374182422,30064771948,CONTAINS
107374182422,68719477598,CONTAINS
107374182422,30064771957,CONTAINS
107374182422,68719477599,CONTAINS
107374182422,90194313515,CONTAINS
107374182422,30064771916,CONTAINS
107374182422,68719477564,CONTAINS
107374182422,30064771921,CONTAINS
107374182422,47244640344,CONTAINS
107374182422,30064771915,CONTAINS
107374182422,68719477578,CONTAINS
107374182422,68719477577,CONTAINS
107374182422,68719477593,CONTAINS
107374182422,25769803967,CONTAINS
107374182422,90194313507,CONTAINS
107374182422,30064771953,CONTAINS
107374182422,30064771956,CONTAINS
107374182422,68719477563,CONTAINS
107374182422,55834574979,CONTAINS
107374182422,68719477568,CONTAINS
107374182422,30064771920,CONTAINS
107374182422,30064771925,CONTAINS
107374182422,25769803959,CONTAINS
107374182422,30064771914,CONTAINS
107374182422,68719477562,CONTAINS
107374182422,68719477560,CONTAINS
107374182422,30064771934,CONTAINS
107374182422,25769803966,CONTAINS
107374182422,68719477592,CONTAINS
107374182422,90194313508,CONTAINS
107374182422,30064771951,CONTAINS
107374182422,90194313510,CONTAINS
107374182422,30064771952,CONTAINS
107374182422,90194313511,CONTAINS
107374182422,90194313512,CONTAINS
107374182422,30064771955,CONTAINS
107374182422,90194313514,CONTAINS
107374182422,30064771919,CONTAINS
107374182422,68719477567,CONTAINS
107374182422,30064771924,CONTAINS
107374182422,47244640343,CONTAINS
107374182422,68719477561,CONTAINS
107374182422,55834574978,CONTAINS
107374182422,68719477580,CONTAINS
107374182422,30064771933,CONTAINS
107374182422,30064771940,CONTAINS
107374182422,47244640346,CONTAINS
107374182422,30064771950,CONTAINS
107374182422,68719477596,CONTAINS
107374182422,30064771954,CONTAINS
107374182422,68719477566,CONTAINS
107374182422,55834574980,CONTAINS
107374182422,30064771922,CONTAINS
107374182422,30064771923,CONTAINS
107374182422,68719477586,CONTAINS
107374182422,30064771939,CONTAINS
107374182422,180388626455,CONTAINS
107374182422,25769803965,CONTAINS
107374182422,68719477595,CONTAINS
107374182422,90194313509,CONTAINS
107374182422,68719477597,CONTAINS
107374182422,90194313513,CONTAINS
107374182422,68719477569,CONTAINS
107374182422,90194313499,CONTAINS
107374182422,68719477570,CONTAINS
107374182422,90194313500,CONTAINS
107374182422,30064771938,CONTAINS
107374182422,68719477585,CONTAINS
107374182422,30064771943,CONTAINS
107374182422,47244640348,CONTAINS
107374182422,30064771937,CONTAINS
107374182422,68719477584,CONTAINS
107374182422,55834574982,CONTAINS
107374182422,68719477589,CONTAINS
107374182422,30064771942,CONTAINS
107374182422,30064771947,CONTAINS
107374182422,25769803964,CONTAINS
107374182422,30064771936,CONTAINS
107374182422,68719477583,CONTAINS
107374182422,30064771935,CONTAINS
107374182422,30064771941,CONTAINS
107374182422,68719477588,CONTAINS
107374182422,30064771946,CONTAINS
107374182422,47244640347,CONTAINS
107374182422,68719477582,CONTAINS
107374182422,55834574981,CONTAINS
107374182422,68719477581,CONTAINS
107374182422,90194313504,CONTAINS
107374182422,68719477587,CONTAINS
107374182422,55834574983,CONTAINS
107374182422,30064771944,CONTAINS
107374182422,30064771945,CONTAINS
107374182422,68719477590,CONTAINS
107374182422,90194313505,CONTAINS
107374182422,68719477591,CONTAINS
107374182422,90194313506,CONTAINS
107374182423,25769803971,CONTAINS
107374182423,47244640356,CONTAINS
107374182423,90194313516,CONTAINS
107374182423,25769803982,CONTAINS
107374182423,30064771961,CONTAINS
107374182423,30064771962,CONTAINS
107374182423,30064771963,CONTAINS
107374182423,30064771964,CONTAINS
107374182423,30064771965,CONTAINS
107374182423,30064771966,CONTAINS
107374182423,30064771968,CONTAINS
107374182423,47244640350,CONTAINS
107374182423,68719477601,CONTAINS
107374182423,90194313517,CONTAINS
107374182423,68719477602,CONTAINS
107374182423,90194313518,CONTAINS
107374182423,68719477603,CONTAINS
107374182423,90194313519,CONTAINS
107374182423,68719477604,CONTAINS
107374182423,90194313520,CONTAINS
107374182423,68719477605,CONTAINS
107374182423,90194313521,CONTAINS
107374182423,68719477606,CONTAINS
107374182423,90194313522,CONTAINS
107374182423,68719477608,CONTAINS
107374182423,30064771967,CONTAINS
107374182423,30064771969,CONTAINS
107374182423,25769803972,CONTAINS
107374182423,25769803981,CONTAINS
107374182423,68719477607,CONTAINS
107374182423,90194313523,CONTAINS
107374182423,68719477609,CONTAINS
107374182423,90194313524,CONTAINS
107374182423,30064771970,CONTAINS
107374182423,47244640351,CONTAINS
107374182423,68719477610,CONTAINS
107374182423,30064771971,CONTAINS
107374182423,25769803973,CONTAINS
107374182423,25769803980,CONTAINS
107374182423,68719477611,CONTAINS
107374182423,90194313525,CONTAINS
107374182423,30064771972,CONTAINS
107374182423,47244640352,CONTAINS
107374182423,68719477612,CONTAINS
107374182423,30064771973,CONTAINS
107374182423,25769803974,CONTAINS
107374182423,25769803979,CONTAINS
107374182423,68719477613,CONTAINS
107374182423,90194313526,CONTAINS
107374182423,30064771974,CONTAINS
107374182423,47244640353,CONTAINS
107374182423,68719477614,CONTAINS
107374182423,30064771975,CONTAINS
107374182423,25769803975,CONTAINS
107374182423,25769803978,CONTAINS
107374182423,68719477615,CONTAINS
107374182423,90194313527,CONTAINS
107374182423,30064771976,CONTAINS
107374182423,47244640355,CONTAINS
107374182423,68719477616,CONTAINS
107374182423,30064771977,CONTAINS
107374182423,25769803976,CONTAINS
107374182423,25769803977,CONTAINS
107374182423,68719477617,CONTAINS
107374182423,90194313528,CONTAINS
107374182423,30064771978,CONTAINS
107374182423,47244640354,CONTAINS
107374182423,30064771979,CONTAINS
107374182423,68719477618,CONTAINS
107374182423,90194313529,CONTAINS
107374182423,68719477619,CONTAINS
107374182423,90194313530,CONTAINS
107374182424,25769803983,CONTAINS
107374182424,47244640362,CONTAINS
107374182424,90194313531,CONTAINS
107374182424,25769803992,CONTAINS
107374182424,30064771984,CONTAINS
107374182424,30064771985,CONTAINS
107374182424,30064771986,CONTAINS
107374182424,30064771987,CONTAINS
107374182424,30064771988,CONTAINS
107374182424,30064771990,CONTAINS
107374182424,47244640357,CONTAINS
107374182424,68719477622,CONTAINS
107374182424,30064771983,CONTAINS
107374182424,68719477623,CONTAINS
107374182424,90194313535,CONTAINS
107374182424,68719477624,CONTAINS
107374182424,90194313536,CONTAINS
107374182424,68719477625,CONTAINS
107374182424,90194313537,CONTAINS
107374182424,68719477626,CONTAINS
107374182424,90194313538,CONTAINS
107374182424,68719477628,CONTAINS
107374182424,30064771989,CONTAINS
107374182424,30064771991,CONTAINS
107374182424,25769803984,CONTAINS
107374182424,25769803991,CONTAINS
107374182424,90194313532,CONTAINS
107374182424,30064771982,CONTAINS
107374182424,90194313534,CONTAINS
107374182424,68719477627,CONTAINS
107374182424,90194313539,CONTAINS
107374182424,68719477629,CONTAINS
107374182424,90194313540,CONTAINS
107374182424,30064771992,CONTAINS
107374182424,47244640358,CONTAINS
107374182424,30064771981,CONTAINS
107374182424,68719477630,CONTAINS
107374182424,30064771993,CONTAINS
107374182424,25769803985,CONTAINS
107374182424,25769803990,CONTAINS
107374182424,68719477621,CONTAINS
107374182424,90194313533,CONTAINS
107374182424,68719477631,CONTAINS
107374182424,90194313541,CONTAINS
107374182424,30064771994,CONTAINS
107374182424,47244640359,CONTAINS
107374182424,68719477633,CONTAINS
107374182424,68719477632,CONTAINS
107374182424,30064771995,CONTAINS
107374182424,25769803986,CONTAINS
107374182424,25769803989,CONTAINS
107374182424,68719477634,CONTAINS
107374182424,90194313542,CONTAINS
107374182424,30064771996,CONTAINS
107374182424,47244640361,CONTAINS
107374182424,68719477636,CONTAINS
107374182424,68719477635,CONTAINS
107374182424,30064771997,CONTAINS
107374182424,25769803987,CONTAINS
107374182424,25769803988,CONTAINS
107374182424,68719477637,CONTAINS
107374182424,90194313543,CONTAINS
107374182424,30064771998,CONTAINS
107374182424,47244640360,CONTAINS
107374182424,30064771999,CONTAINS
107374182424,68719477638,CONTAINS
107374182424,90194313544,CONTAINS
107374182424,68719477639,CONTAINS
107374182424,90194313545,CONTAINS
107374182425,25769803993,CONTAINS
107374182425,30064772001,CONTAINS
107374182425,47244640370,CONTAINS
107374182425,68719477641,CONTAINS
107374182425,90194313546,CONTAINS
107374182425,25769804004,CONTAINS
107374182425,30064772002,CONTAINS
107374182425,30064772003,CONTAINS
107374182425,30064772004,CONTAINS
107374182425,30064772005,CONTAINS
107374182425,30064772006,CONTAINS
107374182425,30064772008,CONTAINS
107374182425,47244640363,CONTAINS
107374182425,68719477642,CONTAINS
107374182425,90194313547,CONTAINS
107374182425,68719477643,CONTAINS
107374182425,90194313548,CONTAINS
107374182425,68719477644,CONTAINS
107374182425,90194313549,CONTAINS
107374182425,68719477645,CONTAINS
107374182425,90194313550,CONTAINS
107374182425,68719477646,CONTAINS
107374182425,90194313551,CONTAINS
107374182425,68719477648,CONTAINS
107374182425,30064772007,CONTAINS
107374182425,30064772009,CONTAINS
107374182425,25769803994,CONTAINS
107374182425,25769804003,CONTAINS
107374182425,68719477647,CONTAINS
107374182425,90194313552,CONTAINS
107374182425,68719477649,CONTAINS
107374182425,90194313553,CONTAINS
107374182425,30064772010,CONTAINS
107374182425,47244640365,CONTAINS
107374182425,68719477650,CONTAINS
107374182425,30064772011,CONTAINS
107374182425,25769803996,CONTAINS
107374182425,25769804002,CONTAINS
107374182425,68719477651,CONTAINS
107374182425,90194313554,CONTAINS
107374182425,47244640364,CONTAINS
107374182425,47244640367,CONTAINS
107374182425,30064772012,CONTAINS
107374182425,25769803995,CONTAINS
107374182425,30064772014,CONTAINS
107374182425,25769803998,CONTAINS
107374182425,25769804001,CONTAINS
107374182425,68719477652,CONTAINS
107374182425,30064772013,CONTAINS
107374182425,68719477654,CONTAINS
107374182425,90194313555,CONTAINS
107374182425,30064772016,CONTAINS
107374182425,47244640366,CONTAINS
107374182425,47244640369,CONTAINS
107374182425,68719477653,CONTAINS
107374182425,68719477656,CONTAINS
107374182425,30064772015,CONTAINS
107374182425,68719477657,CONTAINS
107374182425,25769803997,CONTAINS
107374182425,30064772018,CONTAINS
107374182425,25769803999,CONTAINS
107374182425,25769804000,CONTAINS
107374182425,68719477655,CONTAINS
107374182425,30064772017,CONTAINS
107374182425,68719477660,CONTAINS
107374182425,90194313556,CONTAINS
107374182425,30064772019,CONTAINS
107374182425,47244640368,CONTAINS
107374182425,30064772020,CONTAINS
107374182425,68719477659,CONTAINS
107374182425,68719477658,CONTAINS
107374182425,68719477661,CONTAINS
107374182425,90194313557,CONTAINS
107374182425,68719477662,CONTAINS
107374182425,90194313558,CONTAINS
107374182426,25769804006,CONTAINS
107374182426,30064772024,CONTAINS
107374182426,90194313560,CONTAINS
107374182426,30064772026,CONTAINS
107374182426,30064772028,CONTAINS
107374182426,30064772029,CONTAINS
107374182426,30064772031,CONTAINS
107374182426,30064772032,CONTAINS
107374182426,30064772035,CONTAINS
107374182426,30064772038,CONTAINS
107374182426,30064772041,CONTAINS
107374182426,30064772042,CONTAINS
107374182426,30064772044,CONTAINS
107374182426,30064772045,CONTAINS
107374182426,30064772048,CONTAINS
107374182426,30064772051,CONTAINS
107374182426,30064772054,CONTAINS
107374182426,30064772055,CONTAINS
107374182426,30064772057,CONTAINS
107374182426,30064772058,CONTAINS
107374182426,30064772061,CONTAINS
107374182426,30064772064,CONTAINS
107374182426,68719477665,CONTAINS
107374182426,176093659147,CONTAINS
107374182426,68719477666,CONTAINS
107374182426,30064772025,CONTAINS
107374182426,68719477668,CONTAINS
107374182426,30064772027,CONTAINS
107374182426,68719477669,CONTAINS
107374182426,90194313565,CONTAINS
107374182426,68719477670,CONTAINS
107374182426,30064772030,CONTAINS
107374182426,68719477671,CONTAINS
107374182426,90194313568,CONTAINS
107374182426,68719477675,CONTAINS
107374182426,30064772034,CONTAINS
107374182426,68719477679,CONTAINS
107374182426,30064772037,CONTAINS
107374182426,68719477680,CONTAINS
107374182426,30064772040,CONTAINS
107374182426,68719477681,CONTAINS
107374182426,90194313573,CONTAINS
107374182426,68719477682,CONTAINS
107374182426,30064772043,CONTAINS
107374182426,68719477683,CONTAINS
107374182426,90194313576,CONTAINS
107374182426,68719477687,CONTAINS
107374182426,30064772047,CONTAINS
107374182426,68719477691,CONTAINS
107374182426,30064772050,CONTAINS
107374182426,68719477692,CONTAINS
107374182426,30064772053,CONTAINS
107374182426,68719477693,CONTAINS
107374182426,90194313581,CONTAINS
107374182426,68719477694,CONTAINS
107374182426,30064772056,CONTAINS
107374182426,68719477695,CONTAINS
107374182426,90194313584,CONTAINS
107374182426,68719477699,CONTAINS
107374182426,30064772060,CONTAINS
107374182426,68719477703,CONTAINS
107374182426,30064772063,CONTAINS
107374182426,68719477667,CONTAINS
107374182426,90194313561,CONTAINS
107374182426,90194313562,CONTAINS
107374182426,90194313563,CONTAINS
107374182426,90194313564,CONTAINS
107374182426,90194313566,CONTAINS
107374182426,90194313567,CONTAINS
107374182426,30064772033,CONTAINS
107374182426,68719477674,CONTAINS
107374182426,68719477672,CONTAINS
107374182426,30064772036,CONTAINS
107374182426,68719477678,CONTAINS
107374182426,68719477676,CONTAINS
107374182426,90194313569,CONTAINS
107374182426,90194313570,CONTAINS
107374182426,30064772039,CONTAINS
107374182426,90194313574,CONTAINS
107374182426,90194313575,CONTAINS
107374182426,30064772046,CONTAINS
107374182426,68719477686,CONTAINS
107374182426,68719477684,CONTAINS
107374182426,30064772049,CONTAINS
107374182426,68719477690,CONTAINS
107374182426,68719477688,CONTAINS
107374182426,90194313577,CONTAINS
107374182426,90194313578,CONTAINS
107374182426,30064772052,CONTAINS
107374182426,90194313582,CONTAINS
107374182426,90194313583,CONTAINS
107374182426,30064772059,CONTAINS
107374182426,68719477698,CONTAINS
107374182426,68719477696,CONTAINS
107374182426,30064772062,CONTAINS
107374182426,68719477702,CONTAINS
107374182426,68719477700,CONTAINS
107374182426,90194313585,CONTAINS
107374182426,68719477673,CONTAINS
107374182426,55834574984,CONTAINS
107374182426,68719477677,CONTAINS
107374182426,55834574985,CONTAINS
107374182426,90194313571,CONTAINS
107374182426,90194313572,CONTAINS
107374182426,68719477685,CONTAINS
107374182426,55834574986,CONTAINS
107374182426,68719477689,CONTAINS
107374182426,55834574987,CONTAINS
107374182426,90194313579,CONTAINS
107374182426,90194313580,CONTAINS
107374182426,68719477697,CONTAINS
107374182426,55834574988,CONTAINS
107374182426,68719477701,CONTAINS
107374182426,55834574989,CONTAINS
107374182427,25769804007,CONTAINS
107374182427,107374182428,CONTAINS
107374182427,167503724572,CONTAINS
107374182427,107374182429,CONTAINS
107374182427,167503724573,CONTAINS
107374182427,107374182430,CONTAINS
107374182427,167503724574,CONTAINS
107374182427,30064772065,CONTAINS
107374182427,30064772066,CONTAINS
107374182427,30064772067,CONTAINS
107374182427,30064772068,CONTAINS
107374182427,30064772069,CONTAINS
107374182427,90194313586,CONTAINS
107374182427,25769804008,CONTAINS
107374182427,30064772121,CONTAINS
107374182427,30064772136,CONTAINS
107374182427,30064772138,CONTAINS
107374182427,30064772140,CONTAINS
107374182427,30064772142,CONTAINS
107374182427,30064772144,CONTAINS
107374182427,30064772147,CONTAINS
107374182427,30064772151,CONTAINS
107374182427,68719477704,CONTAINS
107374182427,176093659148,CONTAINS
107374182427,68719477705,CONTAINS
107374182427,176093659149,CONTAINS
107374182427,68719477706,CONTAINS
107374182427,176093659150,CONTAINS
107374182427,68719477707,CONTAINS
107374182427,176093659151,CONTAINS
107374182427,68719477708,CONTAINS
107374182427,176093659152,CONTAINS
107374182427,30064772071,CONTAINS
107374182427,30064772073,CONTAINS
107374182427,30064772075,CONTAINS
107374182427,30064772077,CONTAINS
107374182427,68719477717,CONTAINS
107374182427,120259084313,CONTAINS
107374182427,68719477761,CONTAINS
107374182427,120259084314,CONTAINS
107374182427,68719477776,CONTAINS
107374182427,120259084315,CONTAINS
107374182427,68719477780,CONTAINS
107374182427,30064772139,CONTAINS
107374182427,68719477783,CONTAINS
107374182427,30064772141,CONTAINS
107374182427,68719477786,CONTAINS
107374182427,30064772143,CONTAINS
107374182427,68719477788,CONTAINS
107374182427,30064772146,CONTAINS
107374182427,68719477790,CONTAINS
107374182427,30064772150,CONTAINS
107374182427,68719477709,CONTAINS
107374182427,30064772070,CONTAINS
107374182427,68719477711,CONTAINS
107374182427,30064772072,CONTAINS
107374182427,68719477713,CONTAINS
107374182427,30064772074,CONTAINS
107374182427,68719477715,CONTAINS
107374182427,30064772076,CONTAINS
107374182427,68719477779,CONTAINS
107374182427,90194313611,CONTAINS
107374182427,68719477782,CONTAINS
107374182427,68719477781,CONTAINS
107374182427,68719477785,CONTAINS
107374182427,68719477784,CONTAINS
107374182427,90194313612,CONTAINS
107374182427,30064772145,CONTAINS
107374182427,90194313613,CONTAINS
107374182427,30064772149,CONTAINS
107374182427,68719477710,CONTAINS
107374182427,90194313587,CONTAINS
107374182427,90194313588,CONTAINS
107374182427,68719477712,CONTAINS
107374182427,90194313589,CONTAINS
107374182427,90194313590,CONTAINS
107374182427,68719477714,CONTAINS
107374182427,90194313591,CONTAINS
107374182427,90194313592,CONTAINS
107374182427,68719477716,CONTAINS
107374182427,90194313593,CONTAINS
107374182427,90194313594,CONTAINS
107374182427,68719477787,CONTAINS
107374182427,30064772148,CONTAINS
107374182427,68719477789,CONTAINS
107374182427,90194313614,CONTAINS
107374182427,120259084318,CONTAINS
107374182427,120259084319,CONTAINS
107374182427,120259084320,CONTAINS
107374182427,120259084321,CONTAINS
107374182428,25769804009,CONTAINS
107374182428,90194313595,CONTAINS
107374182428,30064772079,CONTAINS
107374182428,25769804014,CONTAINS
107374182428,141733920800,CONTAINS
107374182428,68719477718,CONTAINS
107374182428,30064772078,CONTAINS
107374182428,30064772117,CONTAINS
107374182428,47244640373,CONTAINS
107374182428,68719477760,CONTAINS
107374182428,68719477756,CONTAINS
107374182428,25769804012,CONTAINS
107374182428,180388626456,CONTAINS
107374182428,25769804013,CONTAINS
107374182428,30064772114,CONTAINS
107374182428,30064772116,CONTAINS
107374182428,30064772120,CONTAINS
107374182428,30064772082,CONTAINS
107374182428,30064772086,CONTAINS
107374182428,30064772089,CONTAINS
107374182428,30064772092,CONTAINS
107374182428,47244640372,CONTAINS
107374182428,68719477753,CONTAINS
107374182428,30064772113,CONTAINS
107374182428,30064772115,CONTAINS
107374182428,68719477755,CONTAINS
107374182428,68719477759,CONTAINS
107374182428,30064772119,CONTAINS
107374182428,68719477720,CONTAINS
107374182428,30064772081,CONTAINS
107374182428,68719477722,CONTAINS
107374182428,30064772085,CONTAINS
107374182428,68719477725,CONTAINS
107374182428,30064772088,CONTAINS
107374182428,68719477727,CONTAINS
107374182428,30064772091,CONTAINS
107374182428,30064772096,CONTAINS
107374182428,25769804011,CONTAINS
107374182428,68719477752,CONTAINS
107374182428,68719477751,CONTAINS
107374182428,68719477754,CONTAINS
107374182428,55834574991,CONTAINS
107374182428,30064772118,CONTAINS
107374182428,68719477758,CONTAINS
107374182428,90194313596,CONTAINS
107374182428,30064772080,CONTAINS
107374182428,90194313597,CONTAINS
107374182428,90194313598,CONTAINS
107374182428,30064772084,CONTAINS
107374182428,68719477724,CONTAINS
107374182428,30064772087,CONTAINS
107374182428,90194313601,CONTAINS
107374182428,30064772090,CONTAINS
107374182428,30064772093,CONTAINS
107374182428,30064772094,CONTAINS
107374182428,30064772095,CONTAINS
107374182428,30064772098,CONTAINS
107374182428,30064772112,CONTAINS
107374182428,68719477757,CONTAINS
107374182428,55834574992,CONTAINS
107374182428,68719477719,CONTAINS
107374182428,30064772083,CONTAINS
107374182428,90194313600,CONTAINS
107374182428,68719477723,CONTAINS
107374182428,68719477726,CONTAINS
107374182428,68719477729,CONTAINS
107374182428,68719477728,CONTAINS
107374182428,68719477731,CONTAINS
107374182428,68719477730,CONTAINS
107374182428,68719477733,CONTAINS
107374182428,68719477732,CONTAINS
107374182428,68719477736,CONTAINS
107374182428,30064772097,CONTAINS
107374182428,30064772111,CONTAINS
107374182428,68719477750,CONTAINS
107374182428,25769804010,CONTAINS
107374182428,68719477721,CONTAINS
107374182428,90194313599,CONTAINS
107374182428,68719477735,CONTAINS
107374182428,68719477734,CONTAINS
107374182428,90194313602,CONTAINS
107374182428,68719477749,CONTAINS
107374182428,55834574990,CONTAINS
107374182428,30064772100,CONTAINS
107374182428,30064772102,CONTAINS
107374182428,30064772104,CONTAINS
107374182428,30064772106,CONTAINS
107374182428,30064772108,CONTAINS
107374182428,30064772110,CONTAINS
107374182428,68719477748,CONTAINS
107374182428,68719477737,CONTAINS
107374182428,30064772099,CONTAINS
107374182428,30064772101,CONTAINS
107374182428,68719477739,CONTAINS
107374182428,30064772103,CONTAINS
107374182428,68719477741,CONTAINS
107374182428,30064772105,CONTAINS
107374182428,68719477743,CONTAINS
107374182428,30064772107,CONTAINS
107374182428,68719477745,CONTAINS
107374182428,30064772109,CONTAINS
107374182428,68719477747,CONTAINS
107374182428,68719477738,CONTAINS
107374182428,90194313603,CONTAINS
107374182428,68719477740,CONTAINS
107374182428,90194313604,CONTAINS
107374182428,68719477742,CONTAINS
107374182428,90194313605,CONTAINS
107374182428,68719477744,CONTAINS
107374182428,90194313606,CONTAINS
107374182428,68719477746,CONTAINS
107374182428,90194313607,CONTAINS
107374182429,25769804015,CONTAINS
107374182429,90194313608,CONTAINS
107374182429,141733920801,CONTAINS
107374182429,25769804019,CONTAINS
107374182429,30064772123,CONTAINS
107374182429,25769804018,CONTAINS
107374182429,68719477775,CONTAINS
107374182429,68719477762,CONTAINS
107374182429,30064772122,CONTAINS
107374182429,30064772132,CONTAINS
107374182429,47244640374,CONTAINS
107374182429,68719477771,CONTAINS
107374182429,30064772131,CONTAINS
107374182429,180388626457,CONTAINS
107374182429,25769804017,CONTAINS
107374182429,30064772130,CONTAINS
107374182429,68719477770,CONTAINS
107374182429,30064772135,CONTAINS
107374182429,30064772129,CONTAINS
107374182429,68719477769,CONTAINS
107374182429,55834574995,CONTAINS
107374182429,68719477774,CONTAINS
107374182429,30064772134,CONTAINS
107374182429,30064772128,CONTAINS
107374182429,68719477768,CONTAINS
107374182429,25769804016,CONTAINS
107374182429,30064772133,CONTAINS
107374182429,68719477773,CONTAINS
107374182429,68719477767,CONTAINS
107374182429,55834574994,CONTAINS
107374182429,30064772125,CONTAINS
107374182429,30064772127,CONTAINS
107374182429,68719477772,CONTAINS
107374182429,55834574996,CONTAINS
107374182429,68719477764,CONTAINS
107374182429,30064772124,CONTAINS
107374182429,30064772126,CONTAINS
107374182429,68719477766,CONTAINS
107374182429,68719477763,CONTAINS
107374182429,90194313609,CONTAINS
107374182429,68719477765,CONTAINS
107374182429,55834574993,CONTAINS
107374182430,25769804020,CONTAINS
107374182430,90194313610,CONTAINS
107374182430,141733920802,CONTAINS
107374182430,30064772137,CONTAINS
107374182430,68719477778,CONTAINS
107374182430,68719477777,CONTAINS
107374182431,25769804021,CONTAINS
107374182431,107374182432,CONTAINS
107374182431,167503724576,CONTAINS
107374182431,107374182433,CONTAINS
107374182431,167503724577,CONTAINS
107374182431,30064772152,CONTAINS
107374182431,90194313615,CONTAINS
107374182431,30064772154,CONTAINS
107374182431,30064772156,CONTAINS
107374182431,25769804022,CONTAINS
107374182431,30064772170,CONTAINS
107374182431,30064772188,CONTAINS
107374182431,30064772194,CONTAINS
107374182431,30064772196,CONTAINS
107374182431,30064772198,CONTAINS
107374182431,30064772200,CONTAINS
107374182431,30064772201,CONTAINS
107374182431,68719477791,CONTAINS
107374182431,176093659153,CONTAINS
107374182431,68719477792,CONTAINS
107374182431,30064772153,CONTAINS
107374182431,68719477794,CONTAINS
107374182431,30064772155,CONTAINS
107374182431,30064772158,CONTAINS
107374182431,30064772160,CONTAINS
107374182431,68719477809,CONTAINS
107374182431,30064772169,CONTAINS
107374182431,68719477810,CONTAINS
107374182431,120259084316,CONTAINS
107374182431,68719477828,CONTAINS
107374182431,120259084317,CONTAINS
107374182431,30064772195,CONTAINS
107374182431,68719477839,CONTAINS
107374182431,68719477837,CONTAINS
107374182431,68719477841,CONTAINS
107374182431,30064772197,CONTAINS
107374182431,30064772199,CONTAINS
107374182431,68719477843,CONTAINS
107374182431,90194313633,CONTAINS
107374182431,68719477845,CONTAINS
107374182431,90194313634,CONTAINS
107374182431,68719477844,CONTAINS
107374182431,68719477793,CONTAINS
107374182431,90194313616,CONTAINS
107374182431,90194313617,CONTAINS
107374182431,68719477795,CONTAINS
107374182431,90194313618,CONTAINS
107374182431,90194313619,CONTAINS
107374182431,68719477796,CONTAINS
107374182431,30064772157,CONTAINS
107374182431,68719477798,CONTAINS
107374182431,30064772159,CONTAINS
107374182431,25769804023,CONTAINS
107374182431,25769804024,CONTAINS
107374182431,68719477838,CONTAINS
107374182431,55834575007,CONTAINS
107374182431,68719477840,CONTAINS
107374182431,90194313631,CONTAINS
107374182431,90194313632,CONTAINS
107374182431,68719477842,CONTAINS
107374182431,55834575008,CONTAINS
107374182431,68719477797,CONTAINS
107374182431,90194313620,CONTAINS
107374182431,90194313621,CONTAINS
107374182431,68719477799,CONTAINS
107374182431,90194313622,CONTAINS
107374182431,90194313623,CONTAINS
107374182431,30064772162,CONTAINS
107374182431,30064772164,CONTAINS
107374182431,30064772166,CONTAINS
107374182431,30064772168,CONTAINS
107374182431,68719477801,CONTAINS
107374182431,30064772161,CONTAINS
107374182431,30064772163,CONTAINS
107374182431,68719477803,CONTAINS
107374182431,90194313624,CONTAINS
107374182431,68719477806,CONTAINS
107374182431,30064772165,CONTAINS
107374182431,30064772167,CONTAINS
107374182431,68719477808,CONTAINS
107374182431,68719477804,CONTAINS
107374182431,68719477800,CONTAINS
107374182431,55834574997,CONTAINS
107374182431,68719477802,CONTAINS
107374182431,55834574998,CONTAINS
107374182431,68719477805,CONTAINS
107374182431,55834574999,CONTAINS
107374182431,68719477807,CONTAINS
107374182431,55834575000,CONTAINS
107374182431,120259084322,CONTAINS
107374182431,120259084323,CONTAINS
107374182432,25769804025,CONTAINS
107374182432,30064772172,CONTAINS
107374182432,47244640375,CONTAINS
107374182432,30064772180,CONTAINS
107374182432,30064772182,CONTAINS
107374182432,30064772187,CONTAINS
107374182432,141733920804,CONTAINS
107374182432,68719477812,CONTAINS
107374182432,30064772171,CONTAINS
107374182432,30064772178,CONTAINS
107374182432,25769804027,CONTAINS
107374182432,68719477820,CONTAINS
107374182432,30064772179,CONTAINS
107374182432,68719477822,CONTAINS
107374182432,30064772181,CONTAINS
107374182432,68719477826,CONTAINS
107374182432,30064772186,CONTAINS
107374182432,68719477827,CONTAINS
107374182432,68719477811,CONTAINS
107374182432,55834575001,CONTAINS
107374182432,25769804026,CONTAINS
107374182432,68719477818,CONTAINS
107374182432,141733920803,CONTAINS
107374182432,68719477819,CONTAINS
107374182432,55834575005,CONTAINS
107374182432,68719477821,CONTAINS
107374182432,55834575006,CONTAINS
107374182432,90194313626,CONTAINS
107374182432,30064772183,CONTAINS
107374182432,90194313627,CONTAINS
107374182432,30064772184,CONTAINS
107374182432,90194313628,CONTAINS
107374182432,30064772185,CONTAINS
107374182432,30064772175,CONTAINS
107374182432,30064772177,CONTAINS
107374182432,90194313625,CONTAINS
107374182432,68719477823,CONTAINS
107374182432,68719477824,CONTAINS
107374182432,68719477825,CONTAINS
107374182432,68719477815,CONTAINS
107374182432,30064772174,CONTAINS
107374182432,30064772176,CONTAINS
107374182432,68719477817,CONTAINS
107374182432,30064772173,CONTAINS
107374182432,68719477814,CONTAINS
107374182432,55834575003,CONTAINS
107374182432,68719477816,CONTAINS
107374182432,55834575004,CONTAINS
107374182432,68719477813,CONTAINS
107374182432,55834575002,CONTAINS
107374182433,25769804028,CONTAINS
107374182433,90194313629,CONTAINS
107374182433,30064772190,CONTAINS
107374182433,30064772192,CONTAINS
107374182433,141733920805,CONTAINS
107374182433,68719477831,CONTAINS
107374182433,30064772189,CONTAINS
107374182433,68719477834,CONTAINS
107374182433,30064772191,CONTAINS
107374182433,30064772193,CONTAINS
107374182433,68719477830,CONTAINS
107374182433,68719477829,CONTAINS
107374182433,68719477833,CONTAINS
107374182433,68719477832,CONTAINS
107374182433,90194313630,CONTAINS
107374182433,68719477835,CONTAINS
107374182433,68719477836,CONTAINS
107374182434,25769804029,CONTAINS
107374182435,25769804030,CONTAINS
107374182436,25769804031,CONTAINS
107374182437,25769804032,CONTAINS
107374182438,25769804033,CONTAINS
107374182439,25769804034,CONTAINS
107374182440,25769804035,CONTAINS
107374182441,25769804036,CONTAINS
107374182442,25769804037,CONTAINS
107374182443,25769804038,CONTAINS
107374182444,25769804039,CONTAINS
107374182445,25769804040,CONTAINS
107374182446,25769804041,CONTAINS
107374182447,25769804042,CONTAINS
107374182448,25769804043,CONTAINS
107374182449,25769804044,CONTAINS
107374182450,25769804045,CONTAINS
107374182451,25769804046,CONTAINS
107374182452,25769804047,CONTAINS
107374182453,25769804048,CONTAINS
107374182454,25769804049,CONTAINS
107374182455,25769804050,CONTAINS
107374182456,25769804051,CONTAINS
