25769803781,90194313240,DOMINATE
25769803784,30064771141,DOMINATE
25769803792,124554051586,DOMINATE
25769803794,30064771161,DOMINATE
25769803795,68719476838,DOMINATE
25769803796,30064771184,DOMINATE
25769803799,68719476862,DOMINATE
25769803800,30064771201,DOMINATE
25769803801,30064771208,DOMINATE
25769803802,30064771228,DOMINATE
25769803804,30064771236,DOMINATE
25769803807,30064771244,DOMINATE
25769803812,30064771256,DOMINATE
25769803816,30064771266,DOMINATE
25769803817,68719476936,DOMINATE
25769803823,30064771279,DOMINATE
25769803824,90194313292,DOMINATE
25769803826,30064771289,DOMINATE
25769803827,141733920775,DOMINATE
25769803834,68719477004,DOMINATE
25769803835,30064771333,DOMINATE
25769803838,68719477017,DOMINATE
25769803839,90194313311,DOMINATE
25769803840,30064771354,DOMINATE
25769803841,30064771373,DOMINATE
25769803845,68719477070,DOMINATE
25769803846,90194313327,DOMINATE
25769803849,30064771415,DOMINATE
25769803851,68719477094,DOMINATE
25769803853,30064771426,DOMINATE
25769803857,68719477129,DOMINATE
25769803858,30064771462,DOMINATE
25769803860,68719477139,DOMINATE
25769803862,30064771488,DOMINATE
25769803863,30064771491,DOMINATE
25769803866,68719477169,DOMINATE
25769803867,30064771498,DOMINATE
25769803870,68719477186,DOMINATE
25769803871,90194313371,DOMINATE
25769803872,30064771528,DOMINATE
25769803877,68719477227,DOMINATE
25769803878,90194313384,DOMINATE
25769803881,68719477246,DOMINATE
25769803882,30064771572,DOMINATE
25769803887,68719477265,DOMINATE
25769803888,30064771593,DOMINATE
25769803895,30064771602,DOMINATE
25769803896,30064771605,DOMINATE
25769803897,30064771622,DOMINATE
25769803900,68719477297,DOMINATE
25769803901,30064771624,DOMINATE
25769803902,30064771645,DOMINATE
25769803910,68719477344,DOMINATE
25769803911,30064771678,DOMINATE
25769803914,68719477364,DOMINATE
25769803915,90194313429,DOMINATE
25769803923,68719477405,DOMINATE
25769803924,90194313444,DOMINATE
25769803927,30064771767,DOMINATE
25769803928,68719477430,DOMINATE
25769803929,30064771782,DOMINATE
25769803936,30064771811,DOMINATE
25769803938,68719477469,DOMINATE
25769803941,68719477485,DOMINATE
25769803942,30064771838,DOMINATE
25769803947,68719477507,DOMINATE
25769803948,90194313482,DOMINATE
25769803950,30064771867,DOMINATE
25769803951,30064771880,DOMINATE
25769803954,68719477535,DOMINATE
25769803955,90194313489,DOMINATE
25769803957,30064771906,DOMINATE
25769803961,68719477571,DOMINATE
25769803962,90194313501,DOMINATE
25769803966,68719477592,DOMINATE
25769803967,90194313507,DOMINATE
25769804008,68719477717,DOMINATE
25769804010,30064772112,DOMINATE
25769804012,30064772117,DOMINATE
25769804014,68719477760,DOMINATE
25769804016,30064772129,DOMINATE
25769804018,68719477775,DOMINATE
25769804019,141733920801,DOMINATE
25769804022,68719477809,DOMINATE
25769804023,68719477806,DOMINATE
25769804024,30064772169,DOMINATE
25769804026,68719477818,DOMINATE
30064771072,68719476737,DOMINATE
30064771073,68719476738,DOMINATE
30064771074,68719476739,DOMINATE
30064771075,68719476740,DOMINATE
30064771076,68719476741,DOMINATE
30064771077,68719476742,DOMINATE
30064771078,68719476743,DOMINATE
30064771079,68719476744,DOMINATE
30064771080,68719476745,DOMINATE
30064771081,68719476746,DOMINATE
30064771082,68719476747,DOMINATE
30064771083,30064771084,DOMINATE
30064771084,68719476749,DOMINATE
30064771085,30064771086,DOMINATE
30064771086,68719476751,DOMINATE
30064771087,30064771088,DOMINATE
30064771088,68719476753,DOMINATE
30064771089,30064771090,DOMINATE
30064771090,68719476755,DOMINATE
30064771091,30064771092,DOMINATE
30064771092,68719476757,DOMINATE
30064771093,30064771094,DOMINATE
30064771094,68719476759,DOMINATE
30064771095,30064771096,DOMINATE
30064771096,68719476762,DOMINATE
30064771097,30064771098,DOMINATE
30064771098,68719476763,DOMINATE
30064771099,68719476764,DOMINATE
30064771100,68719476775,DOMINATE
30064771100,68719476765,DOMINATE
30064771101,30064771102,DOMINATE
30064771102,68719476770,DOMINATE
30064771103,55834574851,DOMINATE
30064771104,90194313233,DOMINATE
30064771105,68719476769,DOMINATE
30064771106,30064771108,DOMINATE
30064771107,68719476768,DOMINATE
30064771108,68719476774,DOMINATE
30064771109,55834574855,DOMINATE
30064771110,90194313234,DOMINATE
30064771111,68719476773,DOMINATE
30064771112,30064771114,DOMINATE
30064771113,68719476772,DOMINATE
30064771115,68719476776,DOMINATE
30064771116,68719476777,DOMINATE
30064771117,68719476778,DOMINATE
30064771118,68719476779,DOMINATE
30064771119,30064771120,DOMINATE
30064771120,68719476783,DOMINATE
30064771121,68719476784,DOMINATE
30064771122,30064771128,DOMINATE
30064771122,68719476787,DOMINATE
30064771123,30064771124,DOMINATE
30064771124,68719476788,DOMINATE
30064771125,68719476789,DOMINATE
30064771126,25769803781,DOMINATE
30064771128,124554051585,DOMINATE
30064771128,30064771142,DOMINATE
30064771128,68719476795,DOMINATE
30064771129,68719476792,DOMINATE
30064771130,68719476805,DOMINATE
30064771130,141733920768,DOMINATE
30064771131,30064771132,DOMINATE
30064771132,68719476797,DOMINATE
30064771133,30064771134,DOMINATE
30064771134,68719476799,DOMINATE
30064771135,30064771136,DOMINATE
30064771136,68719476802,DOMINATE
30064771137,30064771138,DOMINATE
30064771138,68719476804,DOMINATE
30064771139,68719476791,DOMINATE
30064771140,25769803784,DOMINATE
30064771141,141733920769,DOMINATE
30064771142,141733920770,DOMINATE
30064771143,68719476807,DOMINATE
30064771144,68719476811,DOMINATE
30064771145,68719476824,DOMINATE
30064771146,30064771147,DOMINATE
30064771147,68719476816,DOMINATE
30064771148,30064771149,DOMINATE
30064771149,68719476818,DOMINATE
30064771150,30064771151,DOMINATE
30064771151,68719476821,DOMINATE
30064771152,30064771153,DOMINATE
30064771153,68719476823,DOMINATE
30064771154,68719476810,DOMINATE
30064771155,25769803792,DOMINATE
30064771156,68719476826,DOMINATE
30064771157,30064771158,DOMINATE
30064771158,68719476830,DOMINATE
30064771159,68719476831,DOMINATE
30064771160,25769803794,DOMINATE
30064771161,68719476850,DOMINATE
30064771161,68719476844,DOMINATE
30064771162,30064771163,DOMINATE
30064771163,68719476833,DOMINATE
30064771164,90194313247,DOMINATE
30064771165,68719476834,DOMINATE
30064771166,90194313249,DOMINATE
30064771167,68719476835,DOMINATE
30064771168,90194313251,DOMINATE
30064771169,68719476836,DOMINATE
30064771170,90194313253,DOMINATE
30064771171,30064771172,DOMINATE
30064771172,68719476837,DOMINATE
30064771173,30064771174,DOMINATE
30064771174,68719476839,DOMINATE
30064771175,90194313256,DOMINATE
30064771176,68719476840,DOMINATE
30064771177,90194313258,DOMINATE
30064771178,68719476841,DOMINATE
30064771179,90194313260,DOMINATE
30064771180,68719476842,DOMINATE
30064771181,90194313262,DOMINATE
30064771182,30064771183,DOMINATE
30064771183,68719476843,DOMINATE
30064771184,30064771185,DOMINATE
30064771185,68719476847,DOMINATE
30064771187,30064771188,DOMINATE
30064771188,68719476863,DOMINATE
30064771189,30064771190,DOMINATE
30064771190,68719476858,DOMINATE
30064771191,68719476853,DOMINATE
30064771192,30064771194,DOMINATE
30064771193,68719476855,DOMINATE
30064771195,68719476857,DOMINATE
30064771196,30064771197,DOMINATE
30064771197,180388626432,DOMINATE
30064771198,68719476860,DOMINATE
30064771199,30064771200,DOMINATE
30064771200,68719476854,DOMINATE
30064771201,30064771202,DOMINATE
30064771202,68719476892,DOMINATE
30064771202,68719476869,DOMINATE
30064771203,68719476865,DOMINATE
30064771204,30064771205,DOMINATE
30064771205,68719476867,DOMINATE
30064771206,68719476868,DOMINATE
30064771207,25769803801,DOMINATE
30064771208,68719476883,DOMINATE
30064771209,30064771210,DOMINATE
30064771210,68719476871,DOMINATE
30064771211,90194313267,DOMINATE
30064771212,68719476872,DOMINATE
30064771213,90194313269,DOMINATE
30064771214,68719476873,DOMINATE
30064771215,90194313271,DOMINATE
30064771216,68719476874,DOMINATE
30064771217,68719476876,DOMINATE
30064771218,30064771219,DOMINATE
30064771219,68719476877,DOMINATE
30064771220,68719476878,DOMINATE
30064771221,68719476879,DOMINATE
30064771222,90194313276,DOMINATE
30064771223,68719476880,DOMINATE
30064771224,90194313278,DOMINATE
30064771225,68719476881,DOMINATE
30064771226,90194313280,DOMINATE
30064771227,68719476882,DOMINATE
30064771228,68719476885,DOMINATE
30064771229,68719476886,DOMINATE
30064771230,68719476889,DOMINATE
30064771232,30064771233,DOMINATE
30064771233,68719476893,DOMINATE
30064771234,68719476894,DOMINATE
30064771235,25769803804,DOMINATE
30064771236,124554051587,DOMINATE
30064771236,68719476896,DOMINATE
30064771237,30064771238,DOMINATE
30064771239,68719476897,DOMINATE
30064771240,30064771241,DOMINATE
30064771241,68719476901,DOMINATE
30064771242,68719476902,DOMINATE
30064771243,25769803807,DOMINATE
30064771244,68719476904,DOMINATE
30064771245,68719476905,DOMINATE
30064771245,68719476906,DOMINATE
30064771246,47244640268,DOMINATE
30064771247,30064771248,DOMINATE
30064771249,68719476910,DOMINATE
30064771249,68719476911,DOMINATE
30064771250,47244640270,DOMINATE
30064771251,68719476912,DOMINATE
30064771252,30064771253,DOMINATE
30064771253,68719476916,DOMINATE
30064771254,68719476917,DOMINATE
30064771255,25769803812,DOMINATE
30064771256,68719476919,DOMINATE
30064771257,68719476920,DOMINATE
30064771258,68719476922,DOMINATE
30064771258,68719476923,DOMINATE
30064771259,141733920772,DOMINATE
30064771261,68719476924,DOMINATE
30064771262,30064771263,DOMINATE
30064771263,68719476928,DOMINATE
30064771264,68719476929,DOMINATE
30064771265,25769803816,DOMINATE
30064771266,68719476933,DOMINATE
30064771267,30064771268,DOMINATE
30064771268,68719476934,DOMINATE
30064771269,68719476935,DOMINATE
30064771270,25769803817,DOMINATE
30064771271,25769803818,DOMINATE
30064771272,68719476938,DOMINATE
30064771273,90194313291,DOMINATE
30064771274,30064771275,DOMINATE
30064771275,30064771276,DOMINATE
30064771276,68719476942,DOMINATE
30064771277,68719476943,DOMINATE
30064771278,25769803823,DOMINATE
30064771279,68719476945,DOMINATE
30064771280,68719476946,DOMINATE
30064771281,25769803824,DOMINATE
30064771282,141733920774,DOMINATE
30064771283,68719476947,DOMINATE
30064771284,30064771285,DOMINATE
30064771285,68719476951,DOMINATE
30064771286,68719476952,DOMINATE
30064771287,25769803826,DOMINATE
30064771288,68719476954,DOMINATE
30064771289,30064771290,DOMINATE
30064771290,68719476956,DOMINATE
30064771291,68719476957,DOMINATE
30064771292,25769803827,DOMINATE
30064771293,68719476958,DOMINATE
30064771294,68719476961,DOMINATE
30064771295,30064771296,DOMINATE
30064771296,141733920776,DOMINATE
30064771297,68719476963,DOMINATE
30064771298,68719476966,DOMINATE
30064771299,30064771300,DOMINATE
30064771300,141733920777,DOMINATE
30064771301,68719476968,DOMINATE
30064771302,68719476971,DOMINATE
30064771303,30064771304,DOMINATE
30064771304,141733920778,DOMINATE
30064771305,68719476973,DOMINATE
30064771306,68719476976,DOMINATE
30064771307,30064771308,DOMINATE
30064771308,68719476979,DOMINATE
30064771309,30064771310,DOMINATE
30064771310,68719476982,DOMINATE
30064771311,30064771312,DOMINATE
30064771312,68719476985,DOMINATE
30064771313,30064771314,DOMINATE
30064771314,68719476989,DOMINATE
30064771315,90194313306,DOMINATE
30064771316,141733920779,DOMINATE
30064771317,30064771318,DOMINATE
30064771318,68719476992,DOMINATE
30064771319,30064771320,DOMINATE
30064771320,68719477005,DOMINATE
30064771321,30064771322,DOMINATE
30064771322,68719477000,DOMINATE
30064771323,68719476995,DOMINATE
30064771324,30064771326,DOMINATE
30064771325,68719476997,DOMINATE
30064771327,68719476999,DOMINATE
30064771328,30064771329,DOMINATE
30064771329,180388626433,DOMINATE
30064771330,68719477002,DOMINATE
30064771331,30064771332,DOMINATE
30064771332,68719476996,DOMINATE
30064771333,124554051596,DOMINATE
30064771333,68719477006,DOMINATE
30064771333,68719477019,DOMINATE
30064771334,141733920780,DOMINATE
30064771335,30064771336,DOMINATE
30064771336,68719477013,DOMINATE
30064771337,30064771339,DOMINATE
30064771338,68719477010,DOMINATE
30064771340,68719477012,DOMINATE
30064771341,30064771342,DOMINATE
30064771342,180388626434,DOMINATE
30064771343,68719477015,DOMINATE
30064771344,30064771345,DOMINATE
30064771345,68719477009,DOMINATE
30064771346,90194313312,DOMINATE
30064771347,30064771348,DOMINATE
30064771348,68719477025,DOMINATE
30064771349,68719477021,DOMINATE
30064771350,30064771351,DOMINATE
30064771351,68719477023,DOMINATE
30064771352,68719477024,DOMINATE
30064771353,25769803840,DOMINATE
30064771354,68719477044,DOMINATE
30064771355,30064771356,DOMINATE
30064771356,68719477027,DOMINATE
30064771357,68719477028,DOMINATE
30064771358,68719477029,DOMINATE
30064771359,68719477030,DOMINATE
30064771360,68719477031,DOMINATE
30064771361,68719477032,DOMINATE
30064771362,68719477033,DOMINATE
30064771363,68719477036,DOMINATE
30064771364,30064771365,DOMINATE
30064771365,68719477037,DOMINATE
30064771366,68719477038,DOMINATE
30064771367,68719477039,DOMINATE
30064771368,68719477040,DOMINATE
30064771369,68719477041,DOMINATE
30064771370,68719477042,DOMINATE
30064771371,68719477043,DOMINATE
30064771372,68719477045,DOMINATE
30064771373,68719477048,DOMINATE
30064771374,68719477050,DOMINATE
30064771375,90194313322,DOMINATE
30064771376,30064771377,DOMINATE
30064771378,68719477051,DOMINATE
30064771379,68719477090,DOMINATE
30064771380,30064771381,DOMINATE
30064771381,68719477057,DOMINATE
30064771382,30064771383,DOMINATE
30064771383,68719477072,DOMINATE
30064771384,30064771385,DOMINATE
30064771385,68719477064,DOMINATE
30064771386,68719477061,DOMINATE
30064771388,68719477063,DOMINATE
30064771389,30064771390,DOMINATE
30064771390,180388626435,DOMINATE
30064771391,68719477066,DOMINATE
30064771392,30064771393,DOMINATE
30064771393,68719477068,DOMINATE
30064771394,68719477069,DOMINATE
30064771395,30064771396,DOMINATE
30064771396,47244640282,DOMINATE
30064771396,68719477060,DOMINATE
30064771397,30064771398,DOMINATE
30064771398,68719477073,DOMINATE
30064771399,68719477075,DOMINATE
30064771400,30064771401,DOMINATE
30064771401,68719477077,DOMINATE
30064771402,68719477080,DOMINATE
30064771403,30064771404,DOMINATE
30064771404,68719477081,DOMINATE
30064771405,90194313332,DOMINATE
30064771406,90194313334,DOMINATE
30064771407,90194313335,DOMINATE
30064771408,30064771409,DOMINATE
30064771410,30064771411,DOMINATE
30064771411,30064771412,DOMINATE
30064771412,68719477088,DOMINATE
30064771413,68719477089,DOMINATE
30064771414,25769803849,DOMINATE
30064771415,180388626436,DOMINATE
30064771416,68719477092,DOMINATE
30064771417,30064771418,DOMINATE
30064771418,68719477054,DOMINATE
30064771419,90194313339,DOMINATE
30064771420,68719477095,DOMINATE
30064771421,68719477135,DOMINATE
30064771422,30064771423,DOMINATE
30064771423,68719477099,DOMINATE
30064771424,68719477100,DOMINATE
30064771425,25769803853,DOMINATE
30064771426,68719477103,DOMINATE
30064771427,30064771428,DOMINATE
30064771428,68719477106,DOMINATE
30064771429,30064771430,DOMINATE
30064771430,68719477123,DOMINATE
30064771431,68719477108,DOMINATE
30064771432,30064771433,DOMINATE
30064771433,30064771436,DOMINATE
30064771433,68719477109,DOMINATE
30064771434,68719477110,DOMINATE
30064771436,68719477113,DOMINATE
30064771437,68719477112,DOMINATE
30064771438,30064771439,DOMINATE
30064771439,68719477114,DOMINATE
30064771440,68719477117,DOMINATE
30064771441,30064771442,DOMINATE
30064771442,68719477119,DOMINATE
30064771443,30064771444,DOMINATE
30064771444,90194313351,DOMINATE
30064771445,30064771446,DOMINATE
30064771446,68719477120,DOMINATE
30064771447,68719477122,DOMINATE
30064771448,30064771449,DOMINATE
30064771449,180388626437,DOMINATE
30064771450,68719477125,DOMINATE
30064771451,30064771452,DOMINATE
30064771452,68719477107,DOMINATE
30064771453,90194313353,DOMINATE
30064771454,90194313354,DOMINATE
30064771455,30064771456,DOMINATE
30064771457,30064771458,DOMINATE
30064771458,30064771459,DOMINATE
30064771459,68719477133,DOMINATE
30064771460,68719477134,DOMINATE
30064771461,25769803858,DOMINATE
30064771462,180388626438,DOMINATE
30064771463,68719477137,DOMINATE
30064771464,30064771465,DOMINATE
30064771465,68719477101,DOMINATE
30064771466,90194313358,DOMINATE
30064771467,68719477140,DOMINATE
30064771468,68719477142,DOMINATE
30064771469,68719477143,DOMINATE
30064771470,68719477145,DOMINATE
30064771471,30064771472,DOMINATE
30064771472,68719477146,DOMINATE
30064771473,124554051600,DOMINATE
30064771473,68719477148,DOMINATE
30064771473,68719477207,DOMINATE
30064771474,30064771475,DOMINATE
30064771475,68719477150,DOMINATE
30064771476,30064771477,DOMINATE
30064771477,68719477170,DOMINATE
30064771478,30064771479,DOMINATE
30064771479,68719477163,DOMINATE
30064771480,68719477153,DOMINATE
30064771481,30064771483,DOMINATE
30064771482,68719477155,DOMINATE
30064771484,30064771485,DOMINATE
30064771485,68719477158,DOMINATE
30064771486,68719477159,DOMINATE
30064771487,25769803862,DOMINATE
30064771488,68719477161,DOMINATE
30064771489,68719477162,DOMINATE
30064771490,25769803863,DOMINATE
30064771491,180388626439,DOMINATE
30064771492,68719477165,DOMINATE
30064771493,30064771494,DOMINATE
30064771494,68719477167,DOMINATE
30064771495,68719477168,DOMINATE
30064771496,30064771497,DOMINATE
30064771497,47244640292,DOMINATE
30064771497,68719477154,DOMINATE
30064771498,68719477171,DOMINATE
30064771499,68719477172,DOMINATE
30064771499,68719477175,DOMINATE
30064771500,141733920785,DOMINATE
30064771501,30064771502,DOMINATE
30064771502,68719477188,DOMINATE
30064771503,30064771504,DOMINATE
30064771504,68719477182,DOMINATE
30064771505,30064771507,DOMINATE
30064771506,68719477179,DOMINATE
30064771508,68719477181,DOMINATE
30064771509,30064771510,DOMINATE
30064771510,180388626440,DOMINATE
30064771511,68719477184,DOMINATE
30064771512,30064771513,DOMINATE
30064771513,68719477178,DOMINATE
30064771514,90194313372,DOMINATE
30064771515,30064771516,DOMINATE
30064771516,68719477199,DOMINATE
30064771517,30064771518,DOMINATE
30064771518,68719477190,DOMINATE
30064771519,68719477191,DOMINATE
30064771520,68719477192,DOMINATE
30064771521,68719477193,DOMINATE
30064771522,68719477194,DOMINATE
30064771523,68719477195,DOMINATE
30064771524,68719477196,DOMINATE
30064771525,68719477197,DOMINATE
30064771526,68719477198,DOMINATE
30064771527,68719477200,DOMINATE
30064771528,68719477203,DOMINATE
30064771529,68719477206,DOMINATE
30064771530,90194313378,DOMINATE
30064771531,90194313379,DOMINATE
30064771532,30064771533,DOMINATE
30064771534,68719477210,DOMINATE
30064771534,68719477268,DOMINATE
30064771535,30064771536,DOMINATE
30064771536,68719477211,DOMINATE
30064771537,68719477212,DOMINATE
30064771537,68719477214,DOMINATE
30064771538,141733920786,DOMINATE
30064771539,30064771540,DOMINATE
30064771540,68719477229,DOMINATE
30064771541,30064771542,DOMINATE
30064771542,68719477221,DOMINATE
30064771543,68719477218,DOMINATE
30064771545,68719477220,DOMINATE
30064771546,30064771547,DOMINATE
30064771547,180388626441,DOMINATE
30064771548,68719477223,DOMINATE
30064771549,30064771550,DOMINATE
30064771550,68719477225,DOMINATE
30064771551,68719477226,DOMINATE
30064771552,30064771553,DOMINATE
30064771553,47244640299,DOMINATE
30064771553,68719477217,DOMINATE
30064771554,30064771555,DOMINATE
30064771555,68719477230,DOMINATE
30064771556,68719477231,DOMINATE
30064771556,68719477234,DOMINATE
30064771557,141733920787,DOMINATE
30064771558,30064771559,DOMINATE
30064771559,68719477247,DOMINATE
30064771560,30064771561,DOMINATE
30064771561,68719477242,DOMINATE
30064771562,68719477237,DOMINATE
30064771563,30064771565,DOMINATE
30064771564,68719477239,DOMINATE
30064771566,68719477241,DOMINATE
30064771567,30064771568,DOMINATE
30064771568,180388626442,DOMINATE
30064771569,68719477244,DOMINATE
30064771570,30064771571,DOMINATE
30064771571,68719477238,DOMINATE
30064771572,68719477248,DOMINATE
30064771572,68719477250,DOMINATE
30064771573,141733920788,DOMINATE
30064771574,30064771575,DOMINATE
30064771575,90194313390,DOMINATE
30064771576,30064771577,DOMINATE
30064771577,30064771578,DOMINATE
30064771578,68719477251,DOMINATE
30064771578,68719477266,DOMINATE
30064771579,141733920789,DOMINATE
30064771580,30064771581,DOMINATE
30064771581,68719477259,DOMINATE
30064771582,68719477256,DOMINATE
30064771584,68719477258,DOMINATE
30064771585,30064771586,DOMINATE
30064771586,180388626443,DOMINATE
30064771587,68719477261,DOMINATE
30064771588,30064771589,DOMINATE
30064771589,68719477263,DOMINATE
30064771590,68719477264,DOMINATE
30064771591,30064771592,DOMINATE
30064771592,47244640306,DOMINATE
30064771592,68719477255,DOMINATE
30064771593,68719477267,DOMINATE
30064771595,141733920790,DOMINATE
30064771595,68719477269,DOMINATE
30064771597,68719477270,DOMINATE
30064771598,30064771599,DOMINATE
30064771599,68719477273,DOMINATE
30064771600,68719477274,DOMINATE
30064771601,25769803895,DOMINATE
30064771602,68719477276,DOMINATE
30064771603,68719477277,DOMINATE
30064771604,25769803896,DOMINATE
30064771605,68719477281,DOMINATE
30064771606,30064771607,DOMINATE
30064771607,68719477298,DOMINATE
30064771608,30064771609,DOMINATE
30064771609,68719477288,DOMINATE
30064771610,68719477285,DOMINATE
30064771612,68719477287,DOMINATE
30064771613,30064771614,DOMINATE
30064771614,180388626444,DOMINATE
30064771615,68719477290,DOMINATE
30064771616,30064771617,DOMINATE
30064771617,68719477292,DOMINATE
30064771618,30064771619,DOMINATE
30064771619,68719477295,DOMINATE
30064771620,68719477296,DOMINATE
30064771621,25769803897,DOMINATE
30064771622,30064771623,DOMINATE
30064771623,47244640311,DOMINATE
30064771623,68719477284,DOMINATE
30064771624,68719477299,DOMINATE
30064771625,30064771626,DOMINATE
30064771626,90194313400,DOMINATE
30064771627,30064771628,DOMINATE
30064771628,68719477317,DOMINATE
30064771629,30064771630,DOMINATE
30064771630,30064771631,DOMINATE
30064771631,30064771632,DOMINATE
30064771632,68719477306,DOMINATE
30064771633,30064771634,DOMINATE
30064771634,30064771635,DOMINATE
30064771635,30064771636,DOMINATE
30064771636,68719477308,DOMINATE
30064771637,30064771638,DOMINATE
30064771638,30064771639,DOMINATE
30064771639,30064771640,DOMINATE
30064771640,68719477313,DOMINATE
30064771641,30064771644,DOMINATE
30064771642,68719477311,DOMINATE
30064771643,68719477312,DOMINATE
30064771644,25769803902,DOMINATE
30064771645,30064771646,DOMINATE
30064771646,30064771647,DOMINATE
30064771647,68719477314,DOMINATE
30064771648,30064771649,DOMINATE
30064771650,68719477316,DOMINATE
30064771651,30064771652,DOMINATE
30064771652,180388626445,DOMINATE
30064771653,68719477319,DOMINATE
30064771654,30064771655,DOMINATE
30064771655,68719477304,DOMINATE
30064771657,68719477322,DOMINATE
30064771658,30064771659,DOMINATE
30064771659,68719477328,DOMINATE
30064771660,30064771661,DOMINATE
30064771661,68719477331,DOMINATE
30064771662,30064771663,DOMINATE
30064771663,68719477332,DOMINATE
30064771664,124554051602,DOMINATE
30064771664,68719477333,DOMINATE
30064771664,68719477345,DOMINATE
30064771665,141733920791,DOMINATE
30064771666,30064771667,DOMINATE
30064771667,68719477340,DOMINATE
30064771668,30064771669,DOMINATE
30064771669,68719477337,DOMINATE
30064771670,30064771671,DOMINATE
30064771672,68719477339,DOMINATE
30064771673,30064771674,DOMINATE
30064771674,180388626446,DOMINATE
30064771675,68719477342,DOMINATE
30064771676,30064771677,DOMINATE
30064771677,68719477335,DOMINATE
30064771678,68719477346,DOMINATE
30064771679,68719477383,DOMINATE
30064771680,30064771681,DOMINATE
30064771681,90194313420,DOMINATE
30064771682,30064771683,DOMINATE
30064771683,90194313422,DOMINATE
30064771684,90194313423,DOMINATE
30064771685,30064771686,DOMINATE
30064771686,90194313425,DOMINATE
30064771687,30064771688,DOMINATE
30064771688,30064771689,DOMINATE
30064771689,30064771690,DOMINATE
30064771690,30064771691,DOMINATE
30064771691,68719477366,DOMINATE
30064771692,30064771693,DOMINATE
30064771693,68719477358,DOMINATE
30064771694,68719477355,DOMINATE
30064771696,68719477357,DOMINATE
30064771697,30064771698,DOMINATE
30064771698,180388626447,DOMINATE
30064771699,68719477360,DOMINATE
30064771700,30064771701,DOMINATE
30064771701,68719477362,DOMINATE
30064771702,68719477363,DOMINATE
30064771703,30064771704,DOMINATE
30064771704,30064771705,DOMINATE
30064771705,47244640318,DOMINATE
30064771705,68719477354,DOMINATE
30064771706,30064771707,DOMINATE
30064771707,68719477367,DOMINATE
30064771708,90194313431,DOMINATE
30064771709,68719477370,DOMINATE
30064771710,30064771711,DOMINATE
30064771711,68719477374,DOMINATE
30064771712,68719477373,DOMINATE
30064771713,30064771714,DOMINATE
30064771713,90194313433,DOMINATE
30064771714,30064771715,DOMINATE
30064771715,68719477378,DOMINATE
30064771716,30064771717,DOMINATE
30064771717,90194313436,DOMINATE
30064771718,68719477376,DOMINATE
30064771719,90194313437,DOMINATE
30064771720,30064771721,DOMINATE
30064771721,30064771722,DOMINATE
30064771722,30064771723,DOMINATE
30064771725,30064771726,DOMINATE
30064771727,68719477382,DOMINATE
30064771728,30064771729,DOMINATE
30064771729,180388626448,DOMINATE
30064771730,68719477385,DOMINATE
30064771731,30064771732,DOMINATE
30064771732,68719477351,DOMINATE
30064771733,68719477387,DOMINATE
30064771734,30064771735,DOMINATE
30064771735,68719477392,DOMINATE
30064771736,30064771737,DOMINATE
30064771737,68719477407,DOMINATE
30064771738,30064771739,DOMINATE
30064771739,68719477399,DOMINATE
30064771740,68719477396,DOMINATE
30064771742,68719477398,DOMINATE
30064771743,30064771744,DOMINATE
30064771744,180388626449,DOMINATE
30064771745,68719477401,DOMINATE
30064771746,30064771747,DOMINATE
30064771747,68719477403,DOMINATE
30064771748,68719477404,DOMINATE
30064771749,30064771750,DOMINATE
30064771750,47244640323,DOMINATE
30064771750,68719477395,DOMINATE
30064771751,30064771752,DOMINATE
30064771752,68719477408,DOMINATE
30064771753,124554051603,DOMINATE
30064771753,68719477409,DOMINATE
30064771753,68719477410,DOMINATE
30064771754,141733920792,DOMINATE
30064771755,68719477412,DOMINATE
30064771755,68719477413,DOMINATE
30064771756,30064771757,DOMINATE
30064771757,30064771758,DOMINATE
30064771758,30064771759,DOMINATE
30064771759,141733920793,DOMINATE
30064771760,68719477414,DOMINATE
30064771761,68719477415,DOMINATE
30064771762,68719477420,DOMINATE
30064771763,30064771764,DOMINATE
30064771764,68719477418,DOMINATE
30064771765,68719477419,DOMINATE
30064771766,25769803927,DOMINATE
30064771767,68719477421,DOMINATE
30064771768,68719477441,DOMINATE
30064771768,68719477424,DOMINATE
30064771768,68719477436,DOMINATE
30064771769,68719477423,DOMINATE
30064771770,30064771771,DOMINATE
30064771771,68719477435,DOMINATE
30064771772,30064771773,DOMINATE
30064771773,68719477427,DOMINATE
30064771774,68719477428,DOMINATE
30064771775,25769803928,DOMINATE
30064771776,68719477431,DOMINATE
30064771777,30064771778,DOMINATE
30064771778,30064771779,DOMINATE
30064771779,68719477433,DOMINATE
30064771780,68719477434,DOMINATE
30064771781,25769803929,DOMINATE
30064771783,68719477438,DOMINATE
30064771783,68719477439,DOMINATE
30064771784,30064771785,DOMINATE
30064771786,141733920794,DOMINATE
30064771787,68719477440,DOMINATE
30064771788,68719477444,DOMINATE
30064771789,68719477446,DOMINATE
30064771790,30064771791,DOMINATE
30064771791,30064771792,DOMINATE
30064771793,68719477447,DOMINATE
30064771794,30064771795,DOMINATE
30064771795,68719477451,DOMINATE
30064771796,124554051604,DOMINATE
30064771796,68719477452,DOMINATE
30064771796,68719477453,DOMINATE
30064771797,141733920795,DOMINATE
30064771798,68719477465,DOMINATE
30064771799,30064771800,DOMINATE
30064771800,90194313467,DOMINATE
30064771801,30064771802,DOMINATE
30064771802,90194313469,DOMINATE
30064771803,30064771804,DOMINATE
30064771804,30064771805,DOMINATE
30064771805,30064771806,DOMINATE
30064771806,68719477462,DOMINATE
30064771807,30064771810,DOMINATE
30064771808,68719477460,DOMINATE
30064771809,68719477461,DOMINATE
30064771810,25769803936,DOMINATE
30064771811,30064771812,DOMINATE
30064771812,30064771813,DOMINATE
30064771814,68719477464,DOMINATE
30064771815,30064771816,DOMINATE
30064771816,180388626450,DOMINATE
30064771817,68719477467,DOMINATE
30064771818,30064771819,DOMINATE
30064771819,68719477457,DOMINATE
30064771820,30064771821,DOMINATE
30064771822,68719477470,DOMINATE
30064771823,30064771824,DOMINATE
30064771824,68719477486,DOMINATE
30064771825,30064771826,DOMINATE
30064771826,68719477481,DOMINATE
30064771827,68719477476,DOMINATE
30064771828,30064771829,DOMINATE
30064771829,30064771831,DOMINATE
30064771830,68719477478,DOMINATE
30064771832,68719477480,DOMINATE
30064771833,30064771834,DOMINATE
30064771834,180388626451,DOMINATE
30064771835,68719477483,DOMINATE
30064771836,30064771837,DOMINATE
30064771837,68719477477,DOMINATE
30064771838,124554051605,DOMINATE
30064771838,68719477487,DOMINATE
30064771838,68719477488,DOMINATE
30064771839,141733920796,DOMINATE
30064771840,68719477491,DOMINATE
30064771841,30064771842,DOMINATE
30064771842,68719477492,DOMINATE
30064771843,141733920797,DOMINATE
30064771843,68719477494,DOMINATE
30064771844,30064771845,DOMINATE
30064771845,68719477509,DOMINATE
30064771846,30064771847,DOMINATE
30064771847,68719477501,DOMINATE
30064771848,68719477498,DOMINATE
30064771850,68719477500,DOMINATE
30064771851,30064771852,DOMINATE
30064771852,180388626452,DOMINATE
30064771853,68719477503,DOMINATE
30064771854,30064771855,DOMINATE
30064771855,68719477505,DOMINATE
30064771856,68719477506,DOMINATE
30064771857,30064771858,DOMINATE
30064771858,47244640335,DOMINATE
30064771858,68719477497,DOMINATE
30064771859,30064771860,DOMINATE
30064771860,68719477510,DOMINATE
30064771861,68719477511,DOMINATE
30064771861,68719477516,DOMINATE
30064771862,141733920798,DOMINATE
30064771863,30064771866,DOMINATE
30064771864,68719477514,DOMINATE
30064771865,68719477515,DOMINATE
30064771866,25769803950,DOMINATE
30064771867,30064771868,DOMINATE
30064771868,30064771869,DOMINATE
30064771869,68719477518,DOMINATE
30064771870,30064771871,DOMINATE
30064771871,68719477537,DOMINATE
30064771872,30064771873,DOMINATE
30064771873,68719477527,DOMINATE
30064771874,68719477522,DOMINATE
30064771876,30064771877,DOMINATE
30064771877,68719477525,DOMINATE
30064771878,68719477526,DOMINATE
30064771879,25769803951,DOMINATE
30064771880,180388626453,DOMINATE
30064771881,68719477529,DOMINATE
30064771882,30064771883,DOMINATE
30064771883,68719477531,DOMINATE
30064771884,68719477532,DOMINATE
30064771885,68719477533,DOMINATE
30064771886,68719477534,DOMINATE
30064771887,30064771888,DOMINATE
30064771888,30064771889,DOMINATE
30064771889,47244640339,DOMINATE
30064771889,68719477521,DOMINATE
30064771890,30064771891,DOMINATE
30064771891,68719477538,DOMINATE
30064771892,68719477539,DOMINATE
30064771892,68719477549,DOMINATE
30064771893,141733920799,DOMINATE
30064771894,30064771895,DOMINATE
30064771895,68719477541,DOMINATE
30064771896,68719477542,DOMINATE
30064771897,30064771898,DOMINATE
30064771898,68719477543,DOMINATE
30064771899,68719477544,DOMINATE
30064771900,68719477545,DOMINATE
30064771901,68719477546,DOMINATE
30064771902,68719477547,DOMINATE
30064771903,90194313496,DOMINATE
30064771904,68719477548,DOMINATE
30064771905,68719477550,DOMINATE
30064771906,68719477553,DOMINATE
30064771907,68719477554,DOMINATE
30064771909,68719477555,DOMINATE
30064771910,30064771911,DOMINATE
30064771911,68719477573,DOMINATE
30064771912,30064771913,DOMINATE
30064771913,68719477565,DOMINATE
30064771914,68719477562,DOMINATE
30064771916,68719477564,DOMINATE
30064771917,30064771918,DOMINATE
30064771918,180388626454,DOMINATE
30064771919,68719477567,DOMINATE
30064771920,30064771921,DOMINATE
30064771921,68719477569,DOMINATE
30064771922,68719477570,DOMINATE
30064771923,30064771924,DOMINATE
30064771924,30064771925,DOMINATE
30064771925,47244640343,DOMINATE
30064771925,68719477561,DOMINATE
30064771926,30064771927,DOMINATE
30064771927,68719477574,DOMINATE
30064771928,124554051606,DOMINATE
30064771928,68719477575,DOMINATE
30064771928,68719477576,DOMINATE
30064771930,68719477579,DOMINATE
30064771930,68719477599,DOMINATE
30064771931,30064771932,DOMINATE
30064771932,68719477594,DOMINATE
30064771933,30064771934,DOMINATE
30064771934,68719477586,DOMINATE
30064771935,30064771937,DOMINATE
30064771936,68719477583,DOMINATE
30064771938,68719477585,DOMINATE
30064771939,30064771940,DOMINATE
30064771940,180388626455,DOMINATE
30064771941,68719477588,DOMINATE
30064771942,30064771943,DOMINATE
30064771943,68719477590,DOMINATE
30064771944,68719477591,DOMINATE
30064771945,30064771946,DOMINATE
30064771946,30064771947,DOMINATE
30064771947,47244640347,DOMINATE
30064771947,68719477582,DOMINATE
30064771948,30064771949,DOMINATE
30064771949,68719477598,DOMINATE
30064771950,30064771951,DOMINATE
30064771951,90194313510,DOMINATE
30064771952,90194313511,DOMINATE
30064771953,90194313512,DOMINATE
30064771954,30064771955,DOMINATE
30064771955,90194313514,DOMINATE
30064771956,30064771957,DOMINATE
30064771957,30064771958,DOMINATE
30064771960,68719477600,DOMINATE
30064771961,68719477602,DOMINATE
30064771962,68719477603,DOMINATE
30064771963,68719477604,DOMINATE
30064771964,68719477605,DOMINATE
30064771965,68719477606,DOMINATE
30064771966,68719477608,DOMINATE
30064771967,30064771968,DOMINATE
30064771968,68719477609,DOMINATE
30064771969,68719477610,DOMINATE
30064771969,68719477611,DOMINATE
30064771971,68719477612,DOMINATE
30064771971,68719477613,DOMINATE
30064771973,68719477614,DOMINATE
30064771973,68719477615,DOMINATE
30064771975,68719477616,DOMINATE
30064771975,68719477617,DOMINATE
30064771977,68719477618,DOMINATE
30064771977,68719477619,DOMINATE
30064771978,47244640354,DOMINATE
30064771980,68719477620,DOMINATE
30064771981,30064771982,DOMINATE
30064771982,90194313534,DOMINATE
30064771983,30064771984,DOMINATE
30064771984,68719477623,DOMINATE
30064771985,68719477624,DOMINATE
30064771986,68719477625,DOMINATE
30064771987,68719477626,DOMINATE
30064771988,68719477628,DOMINATE
30064771989,30064771990,DOMINATE
30064771990,68719477629,DOMINATE
30064771991,68719477630,DOMINATE
30064771991,68719477631,DOMINATE
30064771993,68719477633,DOMINATE
30064771993,68719477634,DOMINATE
30064771995,68719477636,DOMINATE
30064771995,68719477637,DOMINATE
30064771997,68719477638,DOMINATE
30064771997,68719477639,DOMINATE
30064771998,47244640360,DOMINATE
30064772000,68719477640,DOMINATE
30064772001,90194313546,DOMINATE
30064772002,68719477643,DOMINATE
30064772003,68719477644,DOMINATE
30064772004,68719477645,DOMINATE
30064772005,68719477646,DOMINATE
30064772006,68719477648,DOMINATE
30064772007,30064772008,DOMINATE
30064772008,68719477649,DOMINATE
30064772009,68719477650,DOMINATE
30064772009,68719477651,DOMINATE
30064772011,68719477652,DOMINATE
30064772011,68719477654,DOMINATE
30064772012,68719477653,DOMINATE
30064772014,68719477656,DOMINATE
30064772014,68719477660,DOMINATE
30064772015,30064772016,DOMINATE
30064772016,68719477657,DOMINATE
30064772018,68719477661,DOMINATE
30064772018,68719477662,DOMINATE
30064772019,47244640368,DOMINATE
30064772021,68719477663,DOMINATE
30064772022,124554051584,DOMINATE
30064772022,68719477664,DOMINATE
30064772024,90194313560,DOMINATE
30064772025,30064772026,DOMINATE
30064772026,68719477668,DOMINATE
30064772027,30064772028,DOMINATE
30064772028,68719477669,DOMINATE
30064772029,68719477670,DOMINATE
30064772030,30064772031,DOMINATE
30064772031,68719477671,DOMINATE
30064772032,68719477675,DOMINATE
30064772033,68719477674,DOMINATE
30064772034,30064772035,DOMINATE
30064772035,68719477679,DOMINATE
30064772036,68719477678,DOMINATE
30064772037,30064772038,DOMINATE
30064772038,68719477680,DOMINATE
30064772039,30064772040,DOMINATE
30064772040,30064772041,DOMINATE
30064772041,68719477681,DOMINATE
30064772042,68719477682,DOMINATE
30064772043,30064772044,DOMINATE
30064772044,68719477683,DOMINATE
30064772045,68719477687,DOMINATE
30064772046,68719477686,DOMINATE
30064772047,30064772048,DOMINATE
30064772048,68719477691,DOMINATE
30064772049,68719477690,DOMINATE
30064772050,30064772051,DOMINATE
30064772051,68719477692,DOMINATE
30064772052,30064772053,DOMINATE
30064772053,30064772054,DOMINATE
30064772054,68719477693,DOMINATE
30064772055,68719477694,DOMINATE
30064772056,30064772057,DOMINATE
30064772057,68719477695,DOMINATE
30064772058,68719477699,DOMINATE
30064772059,68719477698,DOMINATE
30064772060,30064772061,DOMINATE
30064772061,68719477703,DOMINATE
30064772062,68719477702,DOMINATE
30064772063,30064772064,DOMINATE
30064772064,124554051610,DOMINATE
30064772065,68719477705,DOMINATE
30064772066,68719477706,DOMINATE
30064772067,68719477707,DOMINATE
30064772068,68719477708,DOMINATE
30064772069,90194313586,DOMINATE
30064772070,30064772071,DOMINATE
30064772071,68719477711,DOMINATE
30064772072,30064772073,DOMINATE
30064772073,68719477713,DOMINATE
30064772074,30064772075,DOMINATE
30064772075,68719477715,DOMINATE
30064772076,30064772077,DOMINATE
30064772077,25769804008,DOMINATE
30064772078,30064772079,DOMINATE
30064772079,68719477756,DOMINATE
30064772080,90194313597,DOMINATE
30064772081,30064772082,DOMINATE
30064772082,68719477722,DOMINATE
30064772083,30064772084,DOMINATE
30064772084,30064772085,DOMINATE
30064772085,30064772086,DOMINATE
30064772086,68719477725,DOMINATE
30064772087,30064772088,DOMINATE
30064772088,30064772089,DOMINATE
30064772089,68719477727,DOMINATE
30064772090,30064772091,DOMINATE
30064772091,30064772092,DOMINATE
30064772092,68719477729,DOMINATE
30064772093,30064772096,DOMINATE
30064772093,68719477731,DOMINATE
30064772096,68719477736,DOMINATE
30064772097,30064772098,DOMINATE
30064772098,68719477749,DOMINATE
30064772099,30064772100,DOMINATE
30064772100,68719477738,DOMINATE
30064772101,68719477739,DOMINATE
30064772102,68719477740,DOMINATE
30064772103,68719477741,DOMINATE
30064772104,68719477742,DOMINATE
30064772105,68719477743,DOMINATE
30064772106,68719477744,DOMINATE
30064772107,68719477745,DOMINATE
30064772108,68719477746,DOMINATE
30064772109,68719477747,DOMINATE
30064772110,68719477748,DOMINATE
30064772111,68719477750,DOMINATE
30064772113,30064772114,DOMINATE
30064772114,68719477754,DOMINATE
30064772115,68719477755,DOMINATE
30064772116,25769804012,DOMINATE
30064772117,180388626456,DOMINATE
30064772118,68719477758,DOMINATE
30064772119,30064772120,DOMINATE
30064772120,68719477720,DOMINATE
30064772121,68719477761,DOMINATE
30064772122,30064772123,DOMINATE
30064772123,68719477771,DOMINATE
30064772124,30064772125,DOMINATE
30064772125,68719477765,DOMINATE
30064772126,68719477766,DOMINATE
30064772127,25769804016,DOMINATE
30064772128,68719477768,DOMINATE
30064772130,68719477770,DOMINATE
30064772131,30064772132,DOMINATE
30064772132,180388626457,DOMINATE
30064772133,68719477773,DOMINATE
30064772134,30064772135,DOMINATE
30064772135,68719477767,DOMINATE
30064772136,68719477776,DOMINATE
30064772137,141733920802,DOMINATE
30064772138,68719477780,DOMINATE
30064772139,30064772140,DOMINATE
30064772140,68719477783,DOMINATE
30064772141,30064772142,DOMINATE
30064772142,68719477786,DOMINATE
30064772143,30064772144,DOMINATE
30064772144,68719477788,DOMINATE
30064772145,30064772146,DOMINATE
30064772146,30064772147,DOMINATE
30064772147,68719477790,DOMINATE
30064772148,30064772149,DOMINATE
30064772149,30064772150,DOMINATE
30064772150,30064772151,DOMINATE
30064772151,124554051611,DOMINATE
30064772152,90194313615,DOMINATE
30064772153,30064772154,DOMINATE
30064772154,68719477794,DOMINATE
30064772155,30064772156,DOMINATE
30064772156,68719477796,DOMINATE
30064772157,30064772158,DOMINATE
30064772158,68719477798,DOMINATE
30064772159,30064772160,DOMINATE
30064772160,25769804022,DOMINATE
30064772161,30064772162,DOMINATE
30064772162,68719477802,DOMINATE
30064772163,68719477803,DOMINATE
30064772164,25769804023,DOMINATE
30064772165,30064772166,DOMINATE
30064772166,68719477807,DOMINATE
30064772167,68719477808,DOMINATE
30064772168,25769804024,DOMINATE
30064772169,30064772170,DOMINATE
30064772170,68719477810,DOMINATE
30064772171,30064772172,DOMINATE
30064772172,68719477815,DOMINATE
30064772173,30064772177,DOMINATE
30064772174,30064772175,DOMINATE
30064772175,68719477816,DOMINATE
30064772176,68719477817,DOMINATE
30064772177,25769804026,DOMINATE
30064772178,124554051616,DOMINATE
30064772178,90194313625,DOMINATE
30064772178,68719477820,DOMINATE
30064772179,30064772180,DOMINATE
30064772180,68719477822,DOMINATE
30064772181,30064772182,DOMINATE
30064772182,68719477826,DOMINATE
30064772183,90194313627,DOMINATE
30064772184,90194313628,DOMINATE
30064772185,30064772186,DOMINATE
30064772186,30064772187,DOMINATE
30064772187,68719477827,DOMINATE
30064772188,68719477828,DOMINATE
30064772189,30064772190,DOMINATE
30064772190,68719477834,DOMINATE
30064772191,30064772192,DOMINATE
30064772192,68719477835,DOMINATE
30064772193,141733920805,DOMINATE
30064772194,68719477838,DOMINATE
30064772195,68719477839,DOMINATE
30064772196,68719477841,DOMINATE
30064772197,30064772198,DOMINATE
30064772198,68719477842,DOMINATE
30064772199,68719477843,DOMINATE
30064772200,68719477845,DOMINATE
30064772201,124554051615,DOMINATE
55834574848,30064771097,DOMINATE
55834574849,30064771099,DOMINATE
55834574850,30064771103,DOMINATE
55834574851,30064771104,DOMINATE
55834574852,30064771105,DOMINATE
55834574853,30064771107,DOMINATE
55834574854,30064771109,DOMINATE
55834574855,30064771110,DOMINATE
55834574856,30064771111,DOMINATE
55834574857,30064771113,DOMINATE
55834574858,30064771119,DOMINATE
55834574859,30064771121,DOMINATE
55834574860,30064771123,DOMINATE
55834574861,30064771125,DOMINATE
55834574862,30064771129,DOMINATE
55834574863,30064771133,DOMINATE
55834574864,30064771135,DOMINATE
55834574865,30064771144,DOMINATE
55834574866,30064771148,DOMINATE
55834574867,30064771150,DOMINATE
55834574868,30064771157,DOMINATE
55834574869,30064771159,DOMINATE
55834574870,30064771191,DOMINATE
55834574871,30064771193,DOMINATE
55834574872,30064771195,DOMINATE
55834574873,30064771198,DOMINATE
55834574874,30064771203,DOMINATE
55834574875,30064771206,DOMINATE
55834574876,30064771229,DOMINATE
55834574877,30064771232,DOMINATE
55834574878,30064771234,DOMINATE
55834574879,30064771242,DOMINATE
55834574880,30064771254,DOMINATE
55834574881,30064771257,DOMINATE
55834574882,30064771264,DOMINATE
55834574883,30064771267,DOMINATE
55834574884,30064771269,DOMINATE
55834574885,30064771277,DOMINATE
55834574886,30064771280,DOMINATE
55834574887,30064771286,DOMINATE
55834574888,30064771288,DOMINATE
55834574889,30064771291,DOMINATE
55834574890,30064771294,DOMINATE
55834574891,30064771298,DOMINATE
55834574892,30064771302,DOMINATE
55834574893,30064771325,DOMINATE
55834574894,30064771327,DOMINATE
55834574895,30064771330,DOMINATE
55834574896,30064771338,DOMINATE
55834574897,30064771340,DOMINATE
55834574898,30064771343,DOMINATE
55834574899,30064771349,DOMINATE
55834574900,30064771352,DOMINATE
55834574901,30064771372,DOMINATE
55834574902,30064771386,DOMINATE
55834574903,30064771388,DOMINATE
55834574904,30064771391,DOMINATE
55834574905,30064771394,DOMINATE
55834574906,30064771399,DOMINATE
55834574907,30064771413,DOMINATE
55834574908,30064771416,DOMINATE
55834574909,30064771424,DOMINATE
55834574910,30064771431,DOMINATE
55834574911,30064771437,DOMINATE
55834574912,30064771447,DOMINATE
55834574913,30064771450,DOMINATE
55834574914,30064771460,DOMINATE
55834574915,30064771463,DOMINATE
55834574916,30064771480,DOMINATE
55834574917,30064771482,DOMINATE
55834574918,30064771486,DOMINATE
55834574919,30064771489,DOMINATE
55834574920,30064771492,DOMINATE
55834574921,30064771495,DOMINATE
55834574922,30064771506,DOMINATE
55834574923,30064771508,DOMINATE
55834574924,30064771511,DOMINATE
55834574925,30064771527,DOMINATE
55834574926,30064771543,DOMINATE
55834574927,30064771545,DOMINATE
55834574928,30064771548,DOMINATE
55834574929,30064771564,DOMINATE
55834574930,30064771566,DOMINATE
55834574931,30064771569,DOMINATE
55834574932,30064771582,DOMINATE
55834574933,30064771584,DOMINATE
55834574934,30064771587,DOMINATE
55834574935,30064771600,DOMINATE
55834574936,30064771603,DOMINATE
55834574937,30064771610,DOMINATE
55834574938,30064771612,DOMINATE
55834574939,30064771615,DOMINATE
55834574940,30064771620,DOMINATE
55834574941,30064771643,DOMINATE
55834574942,30064771650,DOMINATE
55834574943,30064771653,DOMINATE
55834574944,30064771672,DOMINATE
55834574945,30064771675,DOMINATE
55834574946,30064771694,DOMINATE
55834574947,30064771696,DOMINATE
55834574948,30064771699,DOMINATE
55834574949,30064771709,DOMINATE
55834574950,30064771712,DOMINATE
55834574951,30064771727,DOMINATE
55834574952,30064771730,DOMINATE
55834574953,30064771740,DOMINATE
55834574954,30064771742,DOMINATE
55834574955,30064771745,DOMINATE
55834574956,30064771765,DOMINATE
55834574957,30064771769,DOMINATE
55834574958,30064771772,DOMINATE
55834574959,30064771774,DOMINATE
55834574960,30064771776,DOMINATE
55834574961,30064771780,DOMINATE
55834574962,30064771809,DOMINATE
55834574963,30064771814,DOMINATE
55834574964,30064771817,DOMINATE
55834574965,30064771830,DOMINATE
55834574966,30064771832,DOMINATE
55834574967,30064771835,DOMINATE
55834574968,30064771848,DOMINATE
55834574969,30064771850,DOMINATE
55834574970,30064771853,DOMINATE
55834574971,30064771865,DOMINATE
55834574972,30064771874,DOMINATE
55834574973,30064771878,DOMINATE
55834574974,30064771881,DOMINATE
55834574975,30064771884,DOMINATE
55834574976,30064771886,DOMINATE
55834574977,30064771905,DOMINATE
55834574978,30064771914,DOMINATE
55834574979,30064771916,DOMINATE
55834574980,30064771919,DOMINATE
55834574981,30064771936,DOMINATE
55834574982,30064771938,DOMINATE
55834574983,30064771941,DOMINATE
55834574984,30064772033,DOMINATE
55834574985,30064772036,DOMINATE
55834574986,30064772046,DOMINATE
55834574987,30064772049,DOMINATE
55834574988,30064772059,DOMINATE
55834574989,30064772062,DOMINATE
55834574990,30064772111,DOMINATE
55834574991,30064772115,DOMINATE
55834574992,30064772118,DOMINATE
55834574993,30064772126,DOMINATE
55834574994,30064772128,DOMINATE
55834574995,30064772130,DOMINATE
55834574996,30064772133,DOMINATE
55834574997,30064772161,DOMINATE
55834574998,30064772163,DOMINATE
55834574999,30064772165,DOMINATE
55834575000,30064772167,DOMINATE
55834575001,30064772171,DOMINATE
55834575002,30064772173,DOMINATE
55834575003,30064772174,DOMINATE
55834575004,30064772176,DOMINATE
55834575005,30064772179,DOMINATE
55834575006,30064772181,DOMINATE
55834575007,30064772195,DOMINATE
55834575008,30064772199,DOMINATE
68719476736,176093659136,DOMINATE
68719476737,176093659137,DOMINATE
68719476738,176093659138,DOMINATE
68719476739,176093659139,DOMINATE
68719476740,176093659140,DOMINATE
68719476741,176093659141,DOMINATE
68719476742,176093659142,DOMINATE
68719476743,176093659143,DOMINATE
68719476744,176093659144,DOMINATE
68719476745,176093659145,DOMINATE
68719476746,176093659146,DOMINATE
68719476747,68719476748,DOMINATE
68719476748,90194313216,DOMINATE
68719476749,68719476750,DOMINATE
68719476750,90194313218,DOMINATE
68719476751,68719476752,DOMINATE
68719476752,90194313220,DOMINATE
68719476753,68719476754,DOMINATE
68719476754,90194313222,DOMINATE
68719476755,68719476756,DOMINATE
68719476756,90194313224,DOMINATE
68719476757,68719476758,DOMINATE
68719476758,90194313226,DOMINATE
68719476759,68719476760,DOMINATE
68719476760,90194313228,DOMINATE
68719476761,55834574848,DOMINATE
68719476762,68719476761,DOMINATE
68719476763,55834574849,DOMINATE
68719476764,90194313230,DOMINATE
68719476765,68719476766,DOMINATE
68719476766,90194313231,DOMINATE
68719476767,55834574850,DOMINATE
68719476768,55834574852,DOMINATE
68719476769,68719476767,DOMINATE
68719476770,55834574853,DOMINATE
68719476771,55834574854,DOMINATE
68719476772,55834574856,DOMINATE
68719476773,68719476771,DOMINATE
68719476774,55834574857,DOMINATE
68719476775,90194313235,DOMINATE
68719476776,90194313236,DOMINATE
68719476777,90194313237,DOMINATE
68719476778,90194313238,DOMINATE
68719476779,120259084288,DOMINATE
68719476780,30064771122,DOMINATE
68719476781,55834574858,DOMINATE
68719476782,68719476781,DOMINATE
68719476783,55834574859,DOMINATE
68719476784,68719476780,DOMINATE
68719476785,30064771126,DOMINATE
68719476786,55834574860,DOMINATE
68719476787,68719476786,DOMINATE
68719476788,55834574861,DOMINATE
68719476789,68719476785,DOMINATE
68719476790,30064771130,DOMINATE
68719476791,55834574862,DOMINATE
68719476792,68719476790,DOMINATE
68719476793,90194313241,DOMINATE
68719476794,68719476793,DOMINATE
68719476795,68719476794,DOMINATE
68719476796,55834574863,DOMINATE
68719476797,68719476796,DOMINATE
68719476798,55834574864,DOMINATE
68719476799,68719476798,DOMINATE
68719476800,68719476801,DOMINATE
68719476801,30064771137,DOMINATE
68719476802,68719476800,DOMINATE
68719476803,30064771139,DOMINATE
68719476804,68719476803,DOMINATE
68719476805,68719476806,DOMINATE
68719476806,30064771140,DOMINATE
68719476807,120259084289,DOMINATE
68719476808,68719476809,DOMINATE
68719476809,90194313243,DOMINATE
68719476810,55834574865,DOMINATE
68719476811,68719476808,DOMINATE
68719476812,90194313244,DOMINATE
68719476813,68719476812,DOMINATE
68719476814,68719476813,DOMINATE
68719476815,55834574866,DOMINATE
68719476816,68719476815,DOMINATE
68719476817,55834574867,DOMINATE
68719476818,68719476817,DOMINATE
68719476819,68719476820,DOMINATE
68719476820,30064771152,DOMINATE
68719476821,68719476819,DOMINATE
68719476822,30064771154,DOMINATE
68719476823,68719476822,DOMINATE
68719476824,68719476825,DOMINATE
68719476825,30064771155,DOMINATE
68719476826,120259084290,DOMINATE
68719476827,30064771160,DOMINATE
68719476828,55834574868,DOMINATE
68719476829,68719476828,DOMINATE
68719476830,55834574869,DOMINATE
68719476831,68719476827,DOMINATE
68719476832,30064771162,DOMINATE
68719476833,90194313246,DOMINATE
68719476834,90194313248,DOMINATE
68719476835,90194313250,DOMINATE
68719476836,90194313252,DOMINATE
68719476837,25769803795,DOMINATE
68719476838,30064771173,DOMINATE
68719476839,90194313255,DOMINATE
68719476840,90194313257,DOMINATE
68719476841,90194313259,DOMINATE
68719476842,90194313261,DOMINATE
68719476843,25769803796,DOMINATE
68719476844,68719476832,DOMINATE
68719476845,68719476846,DOMINATE
68719476846,30064771186,DOMINATE
68719476847,68719476845,DOMINATE
68719476848,30064771187,DOMINATE
68719476849,68719476848,DOMINATE
68719476850,68719476849,DOMINATE
68719476851,30064771189,DOMINATE
68719476852,55834574870,DOMINATE
68719476853,90194313264,DOMINATE
68719476854,55834574871,DOMINATE
68719476855,68719476852,DOMINATE
68719476856,55834574872,DOMINATE
68719476857,30064771196,DOMINATE
68719476858,68719476856,DOMINATE
68719476859,55834574873,DOMINATE
68719476860,30064771199,DOMINATE
68719476861,68719476859,DOMINATE
68719476862,25769803800,DOMINATE
68719476863,68719476851,DOMINATE
68719476864,55834574874,DOMINATE
68719476865,90194313265,DOMINATE
68719476866,68719476864,DOMINATE
68719476867,55834574875,DOMINATE
68719476868,30064771207,DOMINATE
68719476869,68719476866,DOMINATE
68719476870,30064771209,DOMINATE
68719476871,90194313266,DOMINATE
68719476872,90194313268,DOMINATE
68719476873,90194313270,DOMINATE
68719476874,90194313272,DOMINATE
68719476875,30064771218,DOMINATE
68719476876,90194313273,DOMINATE
68719476877,90194313274,DOMINATE
68719476878,30064771221,DOMINATE
68719476879,90194313275,DOMINATE
68719476880,90194313277,DOMINATE
68719476881,90194313279,DOMINATE
68719476882,25769803802,DOMINATE
68719476883,68719476870,DOMINATE
68719476884,30064771230,DOMINATE
68719476885,55834574876,DOMINATE
68719476886,68719476884,DOMINATE
68719476887,68719476888,DOMINATE
68719476888,30064771231,DOMINATE
68719476889,68719476887,DOMINATE
68719476890,30064771235,DOMINATE
68719476891,55834574877,DOMINATE
68719476892,68719476891,DOMINATE
68719476893,55834574878,DOMINATE
68719476894,68719476890,DOMINATE
68719476895,30064771237,DOMINATE
68719476896,68719476895,DOMINATE
68719476897,120259084291,DOMINATE
68719476898,30064771240,DOMINATE
68719476899,68719476898,DOMINATE
68719476900,68719476899,DOMINATE
68719476901,55834574879,DOMINATE
68719476902,30064771243,DOMINATE
68719476903,68719476900,DOMINATE
68719476904,30064771245,DOMINATE
68719476905,90194313283,DOMINATE
68719476906,30064771249,DOMINATE
68719476906,68719476908,DOMINATE
68719476907,30064771247,DOMINATE
68719476908,68719476907,DOMINATE
68719476909,30064771250,DOMINATE
68719476910,68719476909,DOMINATE
68719476911,141733920771,DOMINATE
68719476912,120259084292,DOMINATE
68719476913,30064771252,DOMINATE
68719476914,68719476913,DOMINATE
68719476915,68719476914,DOMINATE
68719476916,55834574880,DOMINATE
68719476917,30064771255,DOMINATE
68719476918,68719476915,DOMINATE
68719476919,55834574881,DOMINATE
68719476920,30064771258,DOMINATE
68719476921,30064771259,DOMINATE
68719476922,68719476921,DOMINATE
68719476923,90194313286,DOMINATE
68719476924,120259084293,DOMINATE
68719476925,30064771262,DOMINATE
68719476926,68719476925,DOMINATE
68719476927,68719476926,DOMINATE
68719476928,55834574882,DOMINATE
68719476929,30064771265,DOMINATE
68719476930,68719476927,DOMINATE
68719476931,30064771270,DOMINATE
68719476932,55834574883,DOMINATE
68719476933,68719476932,DOMINATE
68719476934,55834574884,DOMINATE
68719476935,68719476931,DOMINATE
68719476936,68719476937,DOMINATE
68719476936,141733920773,DOMINATE
68719476937,90194313289,DOMINATE
68719476938,120259084294,DOMINATE
68719476939,30064771273,DOMINATE
68719476940,68719476939,DOMINATE
68719476941,68719476940,DOMINATE
68719476942,55834574885,DOMINATE
68719476943,30064771278,DOMINATE
68719476944,68719476941,DOMINATE
68719476945,55834574886,DOMINATE
68719476946,30064771281,DOMINATE
68719476947,120259084295,DOMINATE
68719476948,68719476949,DOMINATE
68719476949,30064771284,DOMINATE
68719476950,68719476948,DOMINATE
68719476951,55834574887,DOMINATE
68719476952,30064771287,DOMINATE
68719476953,55834574888,DOMINATE
68719476954,68719476950,DOMINATE
68719476955,68719476953,DOMINATE
68719476956,55834574889,DOMINATE
68719476957,30064771292,DOMINATE
68719476958,120259084296,DOMINATE
68719476959,30064771295,DOMINATE
68719476960,55834574890,DOMINATE
68719476961,90194313293,DOMINATE
68719476962,68719476960,DOMINATE
68719476963,120259084297,DOMINATE
68719476964,30064771299,DOMINATE
68719476965,55834574891,DOMINATE
68719476966,90194313294,DOMINATE
68719476967,68719476965,DOMINATE
68719476968,120259084298,DOMINATE
68719476969,30064771303,DOMINATE
68719476970,55834574892,DOMINATE
68719476971,90194313295,DOMINATE
68719476972,68719476970,DOMINATE
68719476973,120259084299,DOMINATE
68719476974,90194313297,DOMINATE
68719476975,90194313298,DOMINATE
68719476976,68719476975,DOMINATE
68719476977,90194313300,DOMINATE
68719476978,90194313299,DOMINATE
68719476979,68719476978,DOMINATE
68719476980,90194313302,DOMINATE
68719476981,90194313301,DOMINATE
68719476982,68719476981,DOMINATE
68719476983,90194313304,DOMINATE
68719476984,90194313303,DOMINATE
68719476985,68719476984,DOMINATE
68719476986,30064771315,DOMINATE
68719476987,68719476986,DOMINATE
68719476988,90194313305,DOMINATE
68719476989,68719476988,DOMINATE
68719476990,30064771319,DOMINATE
68719476991,68719476990,DOMINATE
68719476992,68719476991,DOMINATE
68719476993,30064771321,DOMINATE
68719476994,90194313308,DOMINATE
68719476995,30064771324,DOMINATE
68719476996,55834574893,DOMINATE
68719476997,68719476994,DOMINATE
68719476998,55834574894,DOMINATE
68719476999,30064771328,DOMINATE
68719477000,68719476998,DOMINATE
68719477001,55834574895,DOMINATE
68719477002,30064771331,DOMINATE
68719477003,68719477001,DOMINATE
68719477004,25769803835,DOMINATE
68719477005,68719476993,DOMINATE
68719477006,90194313309,DOMINATE
68719477007,30064771335,DOMINATE
68719477008,90194313310,DOMINATE
68719477009,55834574896,DOMINATE
68719477010,68719477008,DOMINATE
68719477011,55834574897,DOMINATE
68719477012,30064771341,DOMINATE
68719477013,68719477011,DOMINATE
68719477014,55834574898,DOMINATE
68719477015,30064771344,DOMINATE
68719477016,68719477014,DOMINATE
68719477017,25769803839,DOMINATE
68719477018,68719477007,DOMINATE
68719477019,68719477018,DOMINATE
68719477020,55834574899,DOMINATE
68719477021,90194313313,DOMINATE
68719477022,68719477020,DOMINATE
68719477023,55834574900,DOMINATE
68719477024,30064771353,DOMINATE
68719477025,68719477022,DOMINATE
68719477026,30064771355,DOMINATE
68719477027,90194313314,DOMINATE
68719477028,30064771358,DOMINATE
68719477029,90194313315,DOMINATE
68719477030,30064771360,DOMINATE
68719477031,90194313316,DOMINATE
68719477032,30064771362,DOMINATE
68719477033,90194313317,DOMINATE
68719477034,68719477035,DOMINATE
68719477035,30064771364,DOMINATE
68719477036,68719477034,DOMINATE
68719477037,90194313318,DOMINATE
68719477038,30064771367,DOMINATE
68719477039,90194313319,DOMINATE
68719477040,30064771369,DOMINATE
68719477041,90194313320,DOMINATE
68719477042,30064771371,DOMINATE
68719477043,25769803841,DOMINATE
68719477044,55834574901,DOMINATE
68719477045,68719477026,DOMINATE
68719477046,68719477047,DOMINATE
68719477047,30064771374,DOMINATE
68719477048,68719477046,DOMINATE
68719477049,30064771375,DOMINATE
68719477050,90194313321,DOMINATE
68719477051,120259084301,DOMINATE
68719477052,90194313324,DOMINATE
68719477053,90194313325,DOMINATE
68719477054,68719477053,DOMINATE
68719477055,30064771382,DOMINATE
68719477056,68719477055,DOMINATE
68719477057,68719477056,DOMINATE
68719477058,30064771384,DOMINATE
68719477059,30064771387,DOMINATE
68719477060,55834574902,DOMINATE
68719477061,68719477059,DOMINATE
68719477062,55834574903,DOMINATE
68719477063,30064771389,DOMINATE
68719477064,68719477062,DOMINATE
68719477065,55834574904,DOMINATE
68719477066,30064771392,DOMINATE
68719477067,68719477065,DOMINATE
68719477068,55834574905,DOMINATE
68719477069,90194313326,DOMINATE
68719477070,25769803846,DOMINATE
68719477071,68719477058,DOMINATE
68719477072,68719477071,DOMINATE
68719477073,68719477084,DOMINATE
68719477073,68719477076,DOMINATE
68719477074,55834574906,DOMINATE
68719477075,90194313328,DOMINATE
68719477076,68719477074,DOMINATE
68719477077,90194313330,DOMINATE
68719477078,68719477079,DOMINATE
68719477079,30064771403,DOMINATE
68719477080,68719477078,DOMINATE
68719477081,90194313331,DOMINATE
68719477082,30064771406,DOMINATE
68719477083,30064771407,DOMINATE
68719477084,90194313333,DOMINATE
68719477085,90194313337,DOMINATE
68719477086,90194313336,DOMINATE
68719477087,68719477086,DOMINATE
68719477088,55834574907,DOMINATE
68719477089,30064771414,DOMINATE
68719477090,68719477087,DOMINATE
68719477091,55834574908,DOMINATE
68719477092,30064771417,DOMINATE
68719477093,68719477091,DOMINATE
68719477094,90194313338,DOMINATE
68719477095,120259084302,DOMINATE
68719477096,90194313341,DOMINATE
68719477097,90194313342,DOMINATE
68719477098,68719477097,DOMINATE
68719477099,55834574909,DOMINATE
68719477100,30064771425,DOMINATE
68719477101,68719477098,DOMINATE
68719477102,90194313343,DOMINATE
68719477103,68719477102,DOMINATE
68719477104,30064771429,DOMINATE
68719477105,68719477104,DOMINATE
68719477106,68719477105,DOMINATE
68719477107,55834574910,DOMINATE
68719477108,90194313344,DOMINATE
68719477109,90194313345,DOMINATE
68719477110,30064771435,DOMINATE
68719477111,55834574911,DOMINATE
68719477112,90194313346,DOMINATE
68719477113,68719477111,DOMINATE
68719477114,90194313348,DOMINATE
68719477115,68719477116,DOMINATE
68719477116,30064771441,DOMINATE
68719477117,68719477115,DOMINATE
68719477118,90194313350,DOMINATE
68719477119,90194313349,DOMINATE
68719477120,141733920783,DOMINATE
68719477121,55834574912,DOMINATE
68719477122,30064771448,DOMINATE
68719477123,68719477121,DOMINATE
68719477124,55834574913,DOMINATE
68719477125,30064771451,DOMINATE
68719477126,68719477124,DOMINATE
68719477127,30064771453,DOMINATE
68719477128,30064771454,DOMINATE
68719477129,90194313352,DOMINATE
68719477130,90194313356,DOMINATE
68719477131,90194313355,DOMINATE
68719477132,68719477131,DOMINATE
68719477133,55834574914,DOMINATE
68719477134,30064771461,DOMINATE
68719477135,68719477132,DOMINATE
68719477136,55834574915,DOMINATE
68719477137,30064771464,DOMINATE
68719477138,68719477136,DOMINATE
68719477139,90194313357,DOMINATE
68719477140,120259084303,DOMINATE
68719477141,90194313360,DOMINATE
68719477142,90194313361,DOMINATE
68719477143,90194313362,DOMINATE
68719477144,90194313363,DOMINATE
68719477145,68719477144,DOMINATE
68719477146,90194313364,DOMINATE
68719477147,90194313365,DOMINATE
68719477148,68719477147,DOMINATE
68719477149,90194313366,DOMINATE
68719477150,68719477149,DOMINATE
68719477151,30064771478,DOMINATE
68719477152,55834574916,DOMINATE
68719477153,30064771481,DOMINATE
68719477154,55834574917,DOMINATE
68719477155,68719477152,DOMINATE
68719477156,90194313368,DOMINATE
68719477157,68719477156,DOMINATE
68719477158,55834574918,DOMINATE
68719477159,90194313367,DOMINATE
68719477160,68719477157,DOMINATE
68719477161,55834574919,DOMINATE
68719477162,30064771490,DOMINATE
68719477163,68719477160,DOMINATE
68719477164,55834574920,DOMINATE
68719477165,30064771493,DOMINATE
68719477166,68719477164,DOMINATE
68719477167,55834574921,DOMINATE
68719477168,30064771496,DOMINATE
68719477169,25769803867,DOMINATE
68719477170,68719477151,DOMINATE
68719477171,30064771499,DOMINATE
68719477172,90194313369,DOMINATE
68719477173,30064771501,DOMINATE
68719477174,68719477173,DOMINATE
68719477175,68719477174,DOMINATE
68719477176,30064771503,DOMINATE
68719477177,90194313370,DOMINATE
68719477178,55834574922,DOMINATE
68719477179,68719477177,DOMINATE
68719477180,55834574923,DOMINATE
68719477181,30064771509,DOMINATE
68719477182,68719477180,DOMINATE
68719477183,55834574924,DOMINATE
68719477184,30064771512,DOMINATE
68719477185,68719477183,DOMINATE
68719477186,25769803871,DOMINATE
68719477187,68719477176,DOMINATE
68719477188,68719477187,DOMINATE
68719477189,30064771517,DOMINATE
68719477190,90194313373,DOMINATE
68719477191,30064771520,DOMINATE
68719477192,90194313374,DOMINATE
68719477193,30064771522,DOMINATE
68719477194,90194313375,DOMINATE
68719477195,30064771524,DOMINATE
68719477196,90194313376,DOMINATE
68719477197,30064771526,DOMINATE
68719477198,25769803872,DOMINATE
68719477199,55834574925,DOMINATE
68719477200,68719477189,DOMINATE
68719477201,68719477202,DOMINATE
68719477202,30064771529,DOMINATE
68719477203,68719477201,DOMINATE
68719477204,30064771530,DOMINATE
68719477205,30064771531,DOMINATE
68719477206,90194313377,DOMINATE
68719477207,90194313380,DOMINATE
68719477208,30064771535,DOMINATE
68719477209,68719477208,DOMINATE
68719477210,68719477209,DOMINATE
68719477211,30064771537,DOMINATE
68719477212,90194313381,DOMINATE
68719477213,90194313382,DOMINATE
68719477214,68719477213,DOMINATE
68719477215,30064771541,DOMINATE
68719477216,30064771544,DOMINATE
68719477217,55834574926,DOMINATE
68719477218,68719477216,DOMINATE
68719477219,55834574927,DOMINATE
68719477220,30064771546,DOMINATE
68719477221,68719477219,DOMINATE
68719477222,55834574928,DOMINATE
68719477223,30064771549,DOMINATE
68719477224,68719477222,DOMINATE
68719477225,90194313383,DOMINATE
68719477226,30064771552,DOMINATE
68719477227,25769803878,DOMINATE
68719477228,68719477215,DOMINATE
68719477229,68719477228,DOMINATE
68719477230,30064771556,DOMINATE
68719477231,90194313385,DOMINATE
68719477232,30064771558,DOMINATE
68719477233,68719477232,DOMINATE
68719477234,68719477233,DOMINATE
68719477235,30064771560,DOMINATE
68719477236,90194313386,DOMINATE
68719477237,30064771563,DOMINATE
68719477238,55834574929,DOMINATE
68719477239,68719477236,DOMINATE
68719477240,55834574930,DOMINATE
68719477241,30064771567,DOMINATE
68719477242,68719477240,DOMINATE
68719477243,55834574931,DOMINATE
68719477244,30064771570,DOMINATE
68719477245,68719477243,DOMINATE
68719477246,25769803882,DOMINATE
68719477247,68719477235,DOMINATE
68719477248,90194313387,DOMINATE
68719477249,90194313389,DOMINATE
68719477250,90194313388,DOMINATE
68719477251,90194313391,DOMINATE
68719477252,68719477253,DOMINATE
68719477253,30064771580,DOMINATE
68719477254,30064771583,DOMINATE
68719477255,55834574932,DOMINATE
68719477256,68719477254,DOMINATE
68719477257,55834574933,DOMINATE
68719477258,30064771585,DOMINATE
68719477259,68719477257,DOMINATE
68719477260,55834574934,DOMINATE
68719477261,30064771588,DOMINATE
68719477262,68719477260,DOMINATE
68719477263,90194313392,DOMINATE
68719477264,30064771591,DOMINATE
68719477265,25769803888,DOMINATE
68719477266,68719477252,DOMINATE
68719477267,90194313393,DOMINATE
68719477268,90194313394,DOMINATE
68719477269,90194313395,DOMINATE
68719477270,120259084304,DOMINATE
68719477271,90194313397,DOMINATE
68719477272,68719477271,DOMINATE
68719477273,55834574935,DOMINATE
68719477274,30064771601,DOMINATE
68719477275,68719477272,DOMINATE
68719477276,55834574936,DOMINATE
68719477277,30064771604,DOMINATE
68719477278,68719477275,DOMINATE
68719477279,30064771606,DOMINATE
68719477280,68719477279,DOMINATE
68719477281,68719477280,DOMINATE
68719477282,30064771608,DOMINATE
68719477283,30064771611,DOMINATE
68719477284,55834574937,DOMINATE
68719477285,68719477283,DOMINATE
68719477286,55834574938,DOMINATE
68719477287,30064771613,DOMINATE
68719477288,68719477286,DOMINATE
68719477289,55834574939,DOMINATE
68719477290,30064771616,DOMINATE
68719477291,68719477289,DOMINATE
68719477292,68719477294,DOMINATE
68719477293,90194313398,DOMINATE
68719477294,68719477293,DOMINATE
68719477295,55834574940,DOMINATE
68719477296,30064771621,DOMINATE
68719477297,25769803901,DOMINATE
68719477298,68719477282,DOMINATE
68719477299,124554051601,DOMINATE
68719477299,68719477302,DOMINATE
68719477299,68719477321,DOMINATE
68719477300,30064771625,DOMINATE
68719477301,68719477300,DOMINATE
68719477302,90194313399,DOMINATE
68719477303,90194313402,DOMINATE
68719477304,90194313401,DOMINATE
68719477305,90194313404,DOMINATE
68719477306,90194313403,DOMINATE
68719477307,90194313406,DOMINATE
68719477308,90194313405,DOMINATE
68719477309,90194313408,DOMINATE
68719477310,90194313409,DOMINATE
68719477311,55834574941,DOMINATE
68719477312,68719477309,DOMINATE
68719477313,90194313407,DOMINATE
68719477314,90194313410,DOMINATE
68719477315,55834574942,DOMINATE
68719477316,30064771651,DOMINATE
68719477317,68719477315,DOMINATE
68719477318,55834574943,DOMINATE
68719477319,30064771654,DOMINATE
68719477320,68719477318,DOMINATE
68719477321,90194313412,DOMINATE
68719477322,120259084305,DOMINATE
68719477323,30064771658,DOMINATE
68719477324,68719477323,DOMINATE
68719477325,68719477324,DOMINATE
68719477326,30064771660,DOMINATE
68719477327,68719477326,DOMINATE
68719477328,68719477327,DOMINATE
68719477329,30064771662,DOMINATE
68719477330,68719477329,DOMINATE
68719477331,68719477330,DOMINATE
68719477332,30064771664,DOMINATE
68719477333,90194313414,DOMINATE
68719477334,30064771666,DOMINATE
68719477335,68719477336,DOMINATE
68719477336,90194313415,DOMINATE
68719477337,90194313416,DOMINATE
68719477338,55834574944,DOMINATE
68719477339,30064771673,DOMINATE
68719477340,68719477338,DOMINATE
68719477341,55834574945,DOMINATE
68719477342,30064771676,DOMINATE
68719477343,68719477341,DOMINATE
68719477344,25769803911,DOMINATE
68719477345,68719477334,DOMINATE
68719477346,90194313417,DOMINATE
68719477347,90194313419,DOMINATE
68719477348,90194313421,DOMINATE
68719477349,90194313424,DOMINATE
68719477350,90194313426,DOMINATE
68719477351,90194313418,DOMINATE
68719477352,30064771692,DOMINATE
68719477353,30064771695,DOMINATE
68719477354,55834574946,DOMINATE
68719477355,68719477353,DOMINATE
68719477356,55834574947,DOMINATE
68719477357,30064771697,DOMINATE
68719477358,68719477356,DOMINATE
68719477359,55834574948,DOMINATE
68719477360,30064771700,DOMINATE
68719477361,68719477359,DOMINATE
68719477362,90194313427,DOMINATE
68719477363,90194313428,DOMINATE
68719477364,25769803915,DOMINATE
68719477365,68719477352,DOMINATE
68719477366,68719477365,DOMINATE
68719477367,68719477380,DOMINATE
68719477367,68719477371,DOMINATE
68719477367,68719477379,DOMINATE
68719477368,90194313430,DOMINATE
68719477369,55834574949,DOMINATE
68719477370,68719477368,DOMINATE
68719477371,68719477369,DOMINATE
68719477372,55834574950,DOMINATE
68719477373,90194313432,DOMINATE
68719477374,68719477372,DOMINATE
68719477375,90194313435,DOMINATE
68719477376,30064771719,DOMINATE
68719477377,30064771720,DOMINATE
68719477378,90194313434,DOMINATE
68719477379,90194313438,DOMINATE
68719477380,90194313439,DOMINATE
68719477381,55834574951,DOMINATE
68719477382,30064771728,DOMINATE
68719477383,68719477381,DOMINATE
68719477384,55834574952,DOMINATE
68719477385,30064771731,DOMINATE
68719477386,68719477384,DOMINATE
68719477387,120259084306,DOMINATE
68719477388,30064771734,DOMINATE
68719477389,68719477388,DOMINATE
68719477390,68719477389,DOMINATE
68719477391,90194313442,DOMINATE
68719477392,68719477391,DOMINATE
68719477393,30064771738,DOMINATE
68719477394,30064771741,DOMINATE
68719477395,55834574953,DOMINATE
68719477396,68719477394,DOMINATE
68719477397,55834574954,DOMINATE
68719477398,30064771743,DOMINATE
68719477399,68719477397,DOMINATE
68719477400,55834574955,DOMINATE
68719477401,30064771746,DOMINATE
68719477402,68719477400,DOMINATE
68719477403,90194313443,DOMINATE
68719477404,30064771749,DOMINATE
68719477405,25769803924,DOMINATE
68719477406,68719477393,DOMINATE
68719477407,68719477406,DOMINATE
68719477408,30064771753,DOMINATE
68719477409,90194313445,DOMINATE
68719477410,90194313446,DOMINATE
68719477411,90194313448,DOMINATE
68719477412,90194313447,DOMINATE
68719477413,90194313449,DOMINATE
68719477414,90194313450,DOMINATE
68719477415,90194313451,DOMINATE
68719477416,90194313452,DOMINATE
68719477417,68719477416,DOMINATE
68719477418,55834574956,DOMINATE
68719477419,30064771766,DOMINATE
68719477420,68719477417,DOMINATE
68719477421,90194313453,DOMINATE
68719477422,55834574957,DOMINATE
68719477423,90194313454,DOMINATE
68719477424,68719477422,DOMINATE
68719477425,55834574958,DOMINATE
68719477426,68719477425,DOMINATE
68719477427,55834574959,DOMINATE
68719477428,30064771775,DOMINATE
68719477429,30064771777,DOMINATE
68719477430,55834574960,DOMINATE
68719477431,68719477429,DOMINATE
68719477432,68719477426,DOMINATE
68719477433,55834574961,DOMINATE
68719477434,90194313456,DOMINATE
68719477435,68719477432,DOMINATE
68719477436,90194313457,DOMINATE
68719477437,90194313458,DOMINATE
68719477438,68719477437,DOMINATE
68719477439,90194313459,DOMINATE
68719477440,30064771788,DOMINATE
68719477441,90194313460,DOMINATE
68719477442,68719477443,DOMINATE
68719477443,30064771789,DOMINATE
68719477444,68719477442,DOMINATE
68719477445,30064771790,DOMINATE
68719477446,90194313461,DOMINATE
68719477447,120259084307,DOMINATE
68719477448,30064771794,DOMINATE
68719477449,68719477448,DOMINATE
68719477450,68719477449,DOMINATE
68719477451,30064771796,DOMINATE
68719477452,90194313463,DOMINATE
68719477453,90194313464,DOMINATE
68719477454,90194313466,DOMINATE
68719477455,90194313468,DOMINATE
68719477456,90194313470,DOMINATE
68719477457,90194313465,DOMINATE
68719477458,90194313472,DOMINATE
68719477459,90194313473,DOMINATE
68719477460,55834574962,DOMINATE
68719477461,68719477458,DOMINATE
68719477462,90194313471,DOMINATE
68719477463,55834574963,DOMINATE
68719477464,30064771815,DOMINATE
68719477465,68719477463,DOMINATE
68719477466,55834574964,DOMINATE
68719477467,30064771818,DOMINATE
68719477468,68719477466,DOMINATE
68719477469,90194313474,DOMINATE
68719477470,120259084308,DOMINATE
68719477471,30064771823,DOMINATE
68719477472,68719477471,DOMINATE
68719477473,68719477472,DOMINATE
68719477474,30064771825,DOMINATE
68719477475,90194313477,DOMINATE
68719477476,90194313478,DOMINATE
68719477477,55834574965,DOMINATE
68719477478,68719477475,DOMINATE
68719477479,55834574966,DOMINATE
68719477480,30064771833,DOMINATE
68719477481,68719477479,DOMINATE
68719477482,55834574967,DOMINATE
68719477483,30064771836,DOMINATE
68719477484,68719477482,DOMINATE
68719477485,25769803942,DOMINATE
68719477486,68719477474,DOMINATE
68719477487,90194313479,DOMINATE
68719477488,30064771840,DOMINATE
68719477489,30064771841,DOMINATE
68719477490,68719477489,DOMINATE
68719477491,68719477490,DOMINATE
68719477492,30064771843,DOMINATE
68719477493,90194313480,DOMINATE
68719477494,68719477493,DOMINATE
68719477495,30064771846,DOMINATE
68719477496,30064771849,DOMINATE
68719477497,55834574968,DOMINATE
68719477498,68719477496,DOMINATE
68719477499,55834574969,DOMINATE
68719477500,30064771851,DOMINATE
68719477501,68719477499,DOMINATE
68719477502,55834574970,DOMINATE
68719477503,30064771854,DOMINATE
68719477504,68719477502,DOMINATE
68719477505,90194313481,DOMINATE
68719477506,30064771857,DOMINATE
68719477507,25769803948,DOMINATE
68719477508,68719477495,DOMINATE
68719477509,68719477508,DOMINATE
68719477510,30064771861,DOMINATE
68719477511,90194313483,DOMINATE
68719477512,90194313485,DOMINATE
68719477513,90194313486,DOMINATE
68719477514,55834574971,DOMINATE
68719477515,68719477512,DOMINATE
68719477516,90194313484,DOMINATE
68719477517,90194313487,DOMINATE
68719477518,68719477517,DOMINATE
68719477519,30064771872,DOMINATE
68719477520,30064771875,DOMINATE
68719477521,55834574972,DOMINATE
68719477522,68719477520,DOMINATE
68719477523,90194313488,DOMINATE
68719477524,68719477523,DOMINATE
68719477525,55834574973,DOMINATE
68719477526,30064771879,DOMINATE
68719477527,68719477524,DOMINATE
68719477528,55834574974,DOMINATE
68719477529,30064771882,DOMINATE
68719477530,68719477528,DOMINATE
68719477531,55834574975,DOMINATE
68719477532,30064771885,DOMINATE
68719477533,55834574976,DOMINATE
68719477534,30064771887,DOMINATE
68719477535,25769803955,DOMINATE
68719477536,68719477519,DOMINATE
68719477537,68719477536,DOMINATE
68719477538,30064771892,DOMINATE
68719477539,90194313490,DOMINATE
68719477540,30064771894,DOMINATE
68719477541,90194313491,DOMINATE
68719477542,90194313492,DOMINATE
68719477543,90194313493,DOMINATE
68719477544,30064771900,DOMINATE
68719477545,90194313494,DOMINATE
68719477546,30064771902,DOMINATE
68719477547,90194313495,DOMINATE
68719477548,25769803957,DOMINATE
68719477549,55834574977,DOMINATE
68719477550,68719477540,DOMINATE
68719477551,68719477552,DOMINATE
68719477552,30064771907,DOMINATE
68719477553,68719477551,DOMINATE
68719477554,90194313497,DOMINATE
68719477555,120259084309,DOMINATE
68719477556,30064771910,DOMINATE
68719477557,68719477556,DOMINATE
68719477558,68719477557,DOMINATE
68719477559,30064771912,DOMINATE
68719477560,30064771915,DOMINATE
68719477561,55834574978,DOMINATE
68719477562,68719477560,DOMINATE
68719477563,55834574979,DOMINATE
68719477564,30064771917,DOMINATE
68719477565,68719477563,DOMINATE
68719477566,55834574980,DOMINATE
68719477567,30064771920,DOMINATE
68719477568,68719477566,DOMINATE
68719477569,90194313499,DOMINATE
68719477570,90194313500,DOMINATE
68719477571,25769803962,DOMINATE
68719477572,68719477559,DOMINATE
68719477573,68719477572,DOMINATE
68719477574,30064771928,DOMINATE
68719477575,90194313502,DOMINATE
68719477576,90194313503,DOMINATE
68719477577,30064771931,DOMINATE
68719477578,68719477577,DOMINATE
68719477579,68719477578,DOMINATE
68719477580,30064771933,DOMINATE
68719477581,90194313504,DOMINATE
68719477582,55834574981,DOMINATE
68719477583,68719477581,DOMINATE
68719477584,55834574982,DOMINATE
68719477585,30064771939,DOMINATE
68719477586,68719477584,DOMINATE
68719477587,55834574983,DOMINATE
68719477588,30064771942,DOMINATE
68719477589,68719477587,DOMINATE
68719477590,90194313505,DOMINATE
68719477591,90194313506,DOMINATE
68719477592,25769803967,DOMINATE
68719477593,68719477580,DOMINATE
68719477594,68719477593,DOMINATE
68719477595,90194313509,DOMINATE
68719477596,30064771952,DOMINATE
68719477597,90194313513,DOMINATE
68719477598,90194313508,DOMINATE
68719477599,90194313515,DOMINATE
68719477600,120259084310,DOMINATE
68719477601,90194313517,DOMINATE
68719477602,90194313518,DOMINATE
68719477603,90194313519,DOMINATE
68719477604,90194313520,DOMINATE
68719477605,90194313521,DOMINATE
68719477606,90194313522,DOMINATE
68719477607,90194313523,DOMINATE
68719477608,68719477607,DOMINATE
68719477609,90194313524,DOMINATE
68719477610,30064771970,DOMINATE
68719477611,90194313525,DOMINATE
68719477612,30064771972,DOMINATE
68719477613,90194313526,DOMINATE
68719477614,30064771974,DOMINATE
68719477615,90194313527,DOMINATE
68719477616,30064771976,DOMINATE
68719477617,90194313528,DOMINATE
68719477618,90194313529,DOMINATE
68719477619,90194313530,DOMINATE
68719477620,120259084311,DOMINATE
68719477621,90194313533,DOMINATE
68719477622,90194313532,DOMINATE
68719477623,90194313535,DOMINATE
68719477624,90194313536,DOMINATE
68719477625,90194313537,DOMINATE
68719477626,90194313538,DOMINATE
68719477627,90194313539,DOMINATE
68719477628,68719477627,DOMINATE
68719477629,90194313540,DOMINATE
68719477630,30064771992,DOMINATE
68719477631,90194313541,DOMINATE
68719477632,30064771994,DOMINATE
68719477633,68719477632,DOMINATE
68719477634,90194313542,DOMINATE
68719477635,30064771996,DOMINATE
68719477636,68719477635,DOMINATE
68719477637,90194313543,DOMINATE
68719477638,90194313544,DOMINATE
68719477639,90194313545,DOMINATE
68719477640,120259084312,DOMINATE
68719477641,30064772001,DOMINATE
68719477642,90194313547,DOMINATE
68719477643,90194313548,DOMINATE
68719477644,90194313549,DOMINATE
68719477645,90194313550,DOMINATE
68719477646,90194313551,DOMINATE
68719477647,90194313552,DOMINATE
68719477648,68719477647,DOMINATE
68719477649,90194313553,DOMINATE
68719477650,30064772010,DOMINATE
68719477651,90194313554,DOMINATE
68719477652,30064772012,DOMINATE
68719477653,30064772013,DOMINATE
68719477654,90194313555,DOMINATE
68719477655,30064772015,DOMINATE
68719477656,68719477655,DOMINATE
68719477657,68719477659,DOMINATE
68719477658,30064772017,DOMINATE
68719477659,68719477658,DOMINATE
68719477660,90194313556,DOMINATE
68719477661,90194313557,DOMINATE
68719477662,90194313558,DOMINATE
68719477663,90194313559,DOMINATE
68719477664,30064772023,DOMINATE
68719477665,176093659147,DOMINATE
68719477666,68719477667,DOMINATE
68719477667,90194313561,DOMINATE
68719477668,90194313563,DOMINATE
68719477669,90194313565,DOMINATE
68719477670,90194313566,DOMINATE
68719477671,90194313568,DOMINATE
68719477672,30064772034,DOMINATE
68719477673,55834574984,DOMINATE
68719477674,68719477672,DOMINATE
68719477675,68719477673,DOMINATE
68719477676,90194313569,DOMINATE
68719477677,55834574985,DOMINATE
68719477678,68719477676,DOMINATE
68719477679,68719477677,DOMINATE
68719477680,90194313570,DOMINATE
68719477681,90194313573,DOMINATE
68719477682,90194313574,DOMINATE
68719477683,90194313576,DOMINATE
68719477684,30064772047,DOMINATE
68719477685,55834574986,DOMINATE
68719477686,68719477684,DOMINATE
68719477687,68719477685,DOMINATE
68719477688,90194313577,DOMINATE
68719477689,55834574987,DOMINATE
68719477690,68719477688,DOMINATE
68719477691,68719477689,DOMINATE
68719477692,90194313578,DOMINATE
68719477693,90194313581,DOMINATE
68719477694,90194313582,DOMINATE
68719477695,90194313584,DOMINATE
68719477696,30064772060,DOMINATE
68719477697,55834574988,DOMINATE
68719477698,68719477696,DOMINATE
68719477699,68719477697,DOMINATE
68719477700,90194313585,DOMINATE
68719477701,55834574989,DOMINATE
68719477702,68719477700,DOMINATE
68719477703,68719477701,DOMINATE
68719477704,176093659148,DOMINATE
68719477705,176093659149,DOMINATE
68719477706,176093659150,DOMINATE
68719477707,176093659151,DOMINATE
68719477708,176093659152,DOMINATE
68719477709,68719477710,DOMINATE
68719477710,90194313587,DOMINATE
68719477711,68719477712,DOMINATE
68719477712,90194313589,DOMINATE
68719477713,68719477714,DOMINATE
68719477714,90194313591,DOMINATE
68719477715,68719477716,DOMINATE
68719477716,90194313593,DOMINATE
68719477717,120259084313,DOMINATE
68719477718,30064772078,DOMINATE
68719477719,30064772080,DOMINATE
68719477720,90194313596,DOMINATE
68719477721,90194313599,DOMINATE
68719477722,90194313598,DOMINATE
68719477723,30064772087,DOMINATE
68719477724,90194313600,DOMINATE
68719477725,68719477724,DOMINATE
68719477726,30064772090,DOMINATE
68719477727,90194313601,DOMINATE
68719477728,30064772093,DOMINATE
68719477729,68719477728,DOMINATE
68719477730,30064772094,DOMINATE
68719477731,68719477730,DOMINATE
68719477734,90194313602,DOMINATE
68719477735,68719477734,DOMINATE
68719477736,68719477735,DOMINATE
68719477737,30064772099,DOMINATE
68719477738,90194313603,DOMINATE
68719477739,30064772102,DOMINATE
68719477740,90194313604,DOMINATE
68719477741,30064772104,DOMINATE
68719477742,90194313605,DOMINATE
68719477743,30064772106,DOMINATE
68719477744,90194313606,DOMINATE
68719477745,30064772108,DOMINATE
68719477746,90194313607,DOMINATE
68719477747,30064772110,DOMINATE
68719477748,25769804010,DOMINATE
68719477749,55834574990,DOMINATE
68719477750,68719477737,DOMINATE
68719477751,30064772113,DOMINATE
68719477752,68719477751,DOMINATE
68719477753,68719477752,DOMINATE
68719477754,55834574991,DOMINATE
68719477755,30064772116,DOMINATE
68719477756,68719477753,DOMINATE
68719477757,55834574992,DOMINATE
68719477758,30064772119,DOMINATE
68719477759,68719477757,DOMINATE
68719477760,141733920800,DOMINATE
68719477761,120259084314,DOMINATE
68719477762,30064772122,DOMINATE
68719477763,90194313609,DOMINATE
68719477764,68719477763,DOMINATE
68719477765,55834574993,DOMINATE
68719477766,30064772127,DOMINATE
68719477767,55834574994,DOMINATE
68719477768,68719477764,DOMINATE
68719477769,55834574995,DOMINATE
68719477770,30064772131,DOMINATE
68719477771,68719477769,DOMINATE
68719477772,55834574996,DOMINATE
68719477773,30064772134,DOMINATE
68719477774,68719477772,DOMINATE
68719477775,25769804019,DOMINATE
68719477776,120259084315,DOMINATE
68719477777,30064772137,DOMINATE
68719477778,68719477777,DOMINATE
68719477779,90194313611,DOMINATE
68719477780,68719477779,DOMINATE
68719477781,30064772141,DOMINATE
68719477782,68719477781,DOMINATE
68719477783,68719477782,DOMINATE
68719477784,30064772143,DOMINATE
68719477785,68719477784,DOMINATE
68719477786,68719477785,DOMINATE
68719477787,30064772145,DOMINATE
68719477788,90194313612,DOMINATE
68719477789,90194313614,DOMINATE
68719477790,90194313613,DOMINATE
68719477791,176093659153,DOMINATE
68719477792,68719477793,DOMINATE
68719477793,90194313616,DOMINATE
68719477794,68719477795,DOMINATE
68719477795,90194313618,DOMINATE
68719477796,68719477797,DOMINATE
68719477797,90194313620,DOMINATE
68719477798,68719477799,DOMINATE
68719477799,90194313622,DOMINATE
68719477800,55834574997,DOMINATE
68719477801,68719477800,DOMINATE
68719477802,55834574998,DOMINATE
68719477803,90194313624,DOMINATE
68719477804,30064772168,DOMINATE
68719477805,55834574999,DOMINATE
68719477806,68719477805,DOMINATE
68719477807,55834575000,DOMINATE
68719477808,68719477804,DOMINATE
68719477809,68719477801,DOMINATE
68719477810,120259084316,DOMINATE
68719477811,55834575001,DOMINATE
68719477812,68719477811,DOMINATE
68719477813,55834575002,DOMINATE
68719477814,55834575003,DOMINATE
68719477815,68719477814,DOMINATE
68719477816,55834575004,DOMINATE
68719477817,68719477813,DOMINATE
68719477818,30064772178,DOMINATE
68719477819,55834575005,DOMINATE
68719477820,68719477819,DOMINATE
68719477821,55834575006,DOMINATE
68719477822,68719477821,DOMINATE
68719477823,30064772183,DOMINATE
68719477824,30064772184,DOMINATE
68719477825,30064772185,DOMINATE
68719477826,90194313626,DOMINATE
68719477827,141733920804,DOMINATE
68719477828,120259084317,DOMINATE
68719477829,30064772189,DOMINATE
68719477830,68719477829,DOMINATE
68719477831,68719477830,DOMINATE
68719477832,90194313630,DOMINATE
68719477833,68719477832,DOMINATE
68719477834,68719477833,DOMINATE
68719477835,68719477836,DOMINATE
68719477836,30064772193,DOMINATE
68719477837,30064772196,DOMINATE
68719477838,55834575007,DOMINATE
68719477839,68719477837,DOMINATE
68719477840,90194313631,DOMINATE
68719477841,68719477840,DOMINATE
68719477842,55834575008,DOMINATE
68719477843,90194313633,DOMINATE
68719477844,30064772201,DOMINATE
68719477845,90194313634,DOMINATE
90194313216,90194313217,DOMINATE
90194313217,30064771083,DOMINATE
90194313218,90194313219,DOMINATE
90194313219,30064771085,DOMINATE
90194313220,90194313221,DOMINATE
90194313221,30064771087,DOMINATE
90194313222,90194313223,DOMINATE
90194313223,30064771089,DOMINATE
90194313224,90194313225,DOMINATE
90194313225,30064771091,DOMINATE
90194313226,90194313227,DOMINATE
90194313227,30064771093,DOMINATE
90194313228,90194313229,DOMINATE
90194313229,30064771095,DOMINATE
90194313230,30064771100,DOMINATE
90194313231,90194313232,DOMINATE
90194313232,30064771101,DOMINATE
90194313233,30064771106,DOMINATE
90194313234,30064771112,DOMINATE
90194313235,30064771115,DOMINATE
90194313236,30064771116,DOMINATE
90194313237,30064771117,DOMINATE
90194313238,30064771118,DOMINATE
90194313239,68719476782,DOMINATE
90194313240,30064771127,DOMINATE
90194313241,30064771131,DOMINATE
90194313242,68719476814,DOMINATE
90194313243,30064771145,DOMINATE
90194313244,30064771146,DOMINATE
90194313245,68719476829,DOMINATE
90194313246,30064771164,DOMINATE
90194313247,30064771165,DOMINATE
90194313248,30064771166,DOMINATE
90194313249,30064771167,DOMINATE
90194313250,30064771168,DOMINATE
90194313251,30064771169,DOMINATE
90194313252,30064771170,DOMINATE
90194313253,90194313254,DOMINATE
90194313254,30064771171,DOMINATE
90194313255,30064771175,DOMINATE
90194313256,30064771176,DOMINATE
90194313257,30064771177,DOMINATE
90194313258,30064771178,DOMINATE
90194313259,30064771179,DOMINATE
90194313260,30064771180,DOMINATE
90194313261,30064771181,DOMINATE
90194313262,90194313263,DOMINATE
90194313263,30064771182,DOMINATE
90194313264,30064771192,DOMINATE
90194313265,30064771204,DOMINATE
90194313266,30064771211,DOMINATE
90194313267,30064771212,DOMINATE
90194313268,30064771213,DOMINATE
90194313269,30064771214,DOMINATE
90194313270,30064771215,DOMINATE
90194313271,30064771216,DOMINATE
90194313272,30064771217,DOMINATE
90194313273,68719476875,DOMINATE
90194313274,30064771220,DOMINATE
90194313275,30064771222,DOMINATE
90194313276,30064771223,DOMINATE
90194313277,30064771224,DOMINATE
90194313278,30064771225,DOMINATE
90194313279,30064771226,DOMINATE
90194313280,30064771227,DOMINATE
90194313281,90194313282,DOMINATE
90194313282,124554051588,DOMINATE
90194313282,68719476903,DOMINATE
90194313283,30064771246,DOMINATE
90194313284,90194313285,DOMINATE
90194313285,124554051589,DOMINATE
90194313285,68719476918,DOMINATE
90194313286,30064771260,DOMINATE
90194313287,90194313288,DOMINATE
90194313288,124554051590,DOMINATE
90194313288,68719476930,DOMINATE
90194313289,30064771271,DOMINATE
90194313290,68719476944,DOMINATE
90194313291,30064771274,DOMINATE
90194313292,30064771282,DOMINATE
90194313293,68719476959,DOMINATE
90194313294,68719476964,DOMINATE
90194313295,68719476969,DOMINATE
90194313296,68719476974,DOMINATE
90194313297,30064771306,DOMINATE
90194313298,30064771307,DOMINATE
90194313299,68719476977,DOMINATE
90194313300,30064771309,DOMINATE
90194313301,68719476980,DOMINATE
90194313302,30064771311,DOMINATE
90194313303,68719476983,DOMINATE
90194313304,30064771313,DOMINATE
90194313305,120259084300,DOMINATE
90194313306,30064771316,DOMINATE
90194313307,30064771317,DOMINATE
90194313308,30064771323,DOMINATE
90194313309,30064771334,DOMINATE
90194313310,30064771337,DOMINATE
90194313311,30064771346,DOMINATE
90194313312,30064771347,DOMINATE
90194313313,30064771350,DOMINATE
90194313314,30064771357,DOMINATE
90194313315,30064771359,DOMINATE
90194313316,30064771361,DOMINATE
90194313317,30064771363,DOMINATE
90194313318,30064771366,DOMINATE
90194313319,30064771368,DOMINATE
90194313320,30064771370,DOMINATE
90194313321,68719477049,DOMINATE
90194313322,30064771376,DOMINATE
90194313323,68719477052,DOMINATE
90194313324,30064771379,DOMINATE
90194313325,30064771380,DOMINATE
90194313326,30064771395,DOMINATE
90194313327,30064771397,DOMINATE
90194313328,90194313329,DOMINATE
90194313329,30064771400,DOMINATE
90194313330,30064771402,DOMINATE
90194313331,30064771405,DOMINATE
90194313332,141733920781,DOMINATE
90194313333,68719477082,DOMINATE
90194313334,68719477083,DOMINATE
90194313335,30064771408,DOMINATE
90194313336,68719477085,DOMINATE
90194313337,30064771410,DOMINATE
90194313338,30064771419,DOMINATE
90194313339,141733920782,DOMINATE
90194313340,68719477096,DOMINATE
90194313341,30064771421,DOMINATE
90194313342,30064771422,DOMINATE
90194313343,30064771427,DOMINATE
90194313344,30064771432,DOMINATE
90194313345,30064771434,DOMINATE
90194313346,90194313347,DOMINATE
90194313347,30064771438,DOMINATE
90194313348,30064771440,DOMINATE
90194313349,68719477118,DOMINATE
90194313350,30064771443,DOMINATE
90194313351,30064771445,DOMINATE
90194313352,68719477127,DOMINATE
90194313353,68719477128,DOMINATE
90194313354,30064771455,DOMINATE
90194313355,68719477130,DOMINATE
90194313356,30064771457,DOMINATE
90194313357,30064771466,DOMINATE
90194313358,141733920784,DOMINATE
90194313359,68719477141,DOMINATE
90194313360,30064771468,DOMINATE
90194313361,30064771469,DOMINATE
90194313362,30064771470,DOMINATE
90194313363,30064771471,DOMINATE
90194313364,30064771473,DOMINATE
90194313365,30064771474,DOMINATE
90194313366,30064771476,DOMINATE
90194313367,30064771487,DOMINATE
90194313368,30064771484,DOMINATE
90194313369,30064771500,DOMINATE
90194313370,30064771505,DOMINATE
90194313371,30064771514,DOMINATE
90194313372,30064771515,DOMINATE
90194313373,30064771519,DOMINATE
90194313374,30064771521,DOMINATE
90194313375,30064771523,DOMINATE
90194313376,30064771525,DOMINATE
90194313377,68719477204,DOMINATE
90194313378,68719477205,DOMINATE
90194313379,30064771532,DOMINATE
90194313380,30064771534,DOMINATE
90194313381,30064771538,DOMINATE
90194313382,30064771539,DOMINATE
90194313383,30064771551,DOMINATE
90194313384,30064771554,DOMINATE
90194313385,30064771557,DOMINATE
90194313386,30064771562,DOMINATE
90194313387,30064771573,DOMINATE
90194313388,68719477249,DOMINATE
90194313389,30064771574,DOMINATE
90194313390,30064771576,DOMINATE
90194313391,30064771579,DOMINATE
90194313392,30064771590,DOMINATE
90194313393,30064771594,DOMINATE
90194313394,30064771595,DOMINATE
90194313395,30064771596,DOMINATE
90194313396,68719477278,DOMINATE
90194313397,30064771598,DOMINATE
90194313398,30064771618,DOMINATE
90194313399,68719477301,DOMINATE
90194313400,30064771627,DOMINATE
90194313401,68719477303,DOMINATE
90194313402,30064771629,DOMINATE
90194313403,68719477305,DOMINATE
90194313404,30064771633,DOMINATE
90194313405,68719477307,DOMINATE
90194313406,30064771637,DOMINATE
90194313407,68719477310,DOMINATE
90194313408,30064771641,DOMINATE
90194313409,30064771642,DOMINATE
90194313410,90194313411,DOMINATE
90194313411,30064771648,DOMINATE
90194313412,30064771656,DOMINATE
90194313413,68719477325,DOMINATE
90194313414,30064771665,DOMINATE
90194313415,30064771668,DOMINATE
90194313416,30064771670,DOMINATE
90194313417,30064771679,DOMINATE
90194313418,68719477347,DOMINATE
90194313419,30064771680,DOMINATE
90194313420,68719477348,DOMINATE
90194313421,30064771682,DOMINATE
90194313422,30064771684,DOMINATE
90194313423,68719477349,DOMINATE
90194313424,30064771685,DOMINATE
90194313425,68719477350,DOMINATE
90194313426,30064771687,DOMINATE
90194313427,30064771702,DOMINATE
90194313428,30064771703,DOMINATE
90194313429,30064771706,DOMINATE
90194313430,30064771708,DOMINATE
90194313431,30064771710,DOMINATE
90194313432,30064771713,DOMINATE
90194313434,68719477375,DOMINATE
90194313435,30064771716,DOMINATE
90194313436,30064771718,DOMINATE
90194313437,68719477377,DOMINATE
90194313438,30064771724,DOMINATE
90194313439,90194313440,DOMINATE
90194313440,30064771725,DOMINATE
90194313441,68719477390,DOMINATE
90194313442,30064771736,DOMINATE
90194313443,30064771748,DOMINATE
90194313444,30064771751,DOMINATE
90194313445,30064771754,DOMINATE
90194313446,30064771755,DOMINATE
90194313447,68719477411,DOMINATE
90194313448,30064771756,DOMINATE
90194313449,30064771760,DOMINATE
90194313450,30064771761,DOMINATE
90194313451,30064771762,DOMINATE
90194313452,30064771763,DOMINATE
90194313453,30064771768,DOMINATE
90194313454,90194313455,DOMINATE
90194313455,30064771770,DOMINATE
90194313456,30064771781,DOMINATE
90194313457,30064771783,DOMINATE
90194313458,30064771784,DOMINATE
90194313459,30064771786,DOMINATE
90194313460,30064771787,DOMINATE
90194313461,68719477445,DOMINATE
90194313462,68719477450,DOMINATE
90194313463,30064771797,DOMINATE
90194313464,30064771798,DOMINATE
90194313465,68719477454,DOMINATE
90194313466,30064771799,DOMINATE
90194313467,68719477455,DOMINATE
90194313468,30064771801,DOMINATE
90194313469,68719477456,DOMINATE
90194313470,30064771803,DOMINATE
90194313471,68719477459,DOMINATE
90194313472,30064771807,DOMINATE
90194313473,30064771808,DOMINATE
90194313474,90194313475,DOMINATE
90194313475,30064771820,DOMINATE
90194313476,68719477473,DOMINATE
90194313477,30064771827,DOMINATE
90194313478,30064771828,DOMINATE
90194313479,30064771839,DOMINATE
90194313480,30064771844,DOMINATE
90194313481,30064771856,DOMINATE
90194313482,30064771859,DOMINATE
90194313483,30064771862,DOMINATE
90194313484,68719477513,DOMINATE
90194313485,30064771863,DOMINATE
90194313486,30064771864,DOMINATE
90194313487,30064771870,DOMINATE
90194313488,30064771876,DOMINATE
90194313489,30064771890,DOMINATE
90194313490,30064771893,DOMINATE
90194313491,30064771896,DOMINATE
90194313492,30064771897,DOMINATE
90194313493,30064771899,DOMINATE
90194313494,30064771901,DOMINATE
90194313495,30064771903,DOMINATE
90194313496,30064771904,DOMINATE
90194313497,30064771908,DOMINATE
90194313498,68719477558,DOMINATE
90194313499,30064771922,DOMINATE
90194313500,30064771923,DOMINATE
90194313501,30064771926,DOMINATE
90194313502,30064771929,DOMINATE
90194313503,30064771930,DOMINATE
90194313504,30064771935,DOMINATE
90194313505,30064771944,DOMINATE
90194313506,30064771945,DOMINATE
90194313507,30064771948,DOMINATE
90194313508,68719477595,DOMINATE
90194313509,30064771950,DOMINATE
90194313510,68719477596,DOMINATE
90194313511,30064771953,DOMINATE
90194313512,68719477597,DOMINATE
90194313513,30064771954,DOMINATE
90194313514,30064771956,DOMINATE
90194313515,30064771959,DOMINATE
90194313516,124554051607,DOMINATE
90194313516,68719477601,DOMINATE
90194313517,30064771961,DOMINATE
90194313518,30064771962,DOMINATE
90194313519,30064771963,DOMINATE
90194313520,30064771964,DOMINATE
90194313521,30064771965,DOMINATE
90194313522,30064771966,DOMINATE
90194313523,30064771967,DOMINATE
90194313524,30064771969,DOMINATE
90194313525,30064771971,DOMINATE
90194313526,30064771973,DOMINATE
90194313527,30064771975,DOMINATE
90194313528,30064771977,DOMINATE
90194313529,30064771978,DOMINATE
90194313530,30064771979,DOMINATE
90194313531,124554051608,DOMINATE
90194313531,68719477622,DOMINATE
90194313532,68719477621,DOMINATE
90194313533,30064771981,DOMINATE
90194313534,30064771983,DOMINATE
90194313535,30064771985,DOMINATE
90194313536,30064771986,DOMINATE
90194313537,30064771987,DOMINATE
90194313538,30064771988,DOMINATE
90194313539,30064771989,DOMINATE
90194313540,30064771991,DOMINATE
90194313541,30064771993,DOMINATE
90194313542,30064771995,DOMINATE
90194313543,30064771997,DOMINATE
90194313544,30064771998,DOMINATE
90194313545,30064771999,DOMINATE
90194313546,124554051609,DOMINATE
90194313546,68719477642,DOMINATE
90194313547,30064772002,DOMINATE
90194313548,30064772003,DOMINATE
90194313549,30064772004,DOMINATE
90194313550,30064772005,DOMINATE
90194313551,30064772006,DOMINATE
90194313552,30064772007,DOMINATE
90194313553,30064772009,DOMINATE
90194313554,30064772011,DOMINATE
90194313555,30064772014,DOMINATE
90194313556,30064772018,DOMINATE
90194313557,30064772019,DOMINATE
90194313558,30064772020,DOMINATE
90194313559,30064772022,DOMINATE
90194313560,68719477666,DOMINATE
90194313561,90194313562,DOMINATE
90194313562,30064772025,DOMINATE
90194313563,90194313564,DOMINATE
90194313564,30064772027,DOMINATE
90194313565,30064772029,DOMINATE
90194313566,90194313567,DOMINATE
90194313567,30064772030,DOMINATE
90194313568,30064772032,DOMINATE
90194313569,30064772037,DOMINATE
90194313570,90194313571,DOMINATE
90194313571,90194313572,DOMINATE
90194313572,30064772039,DOMINATE
90194313573,30064772042,DOMINATE
90194313574,90194313575,DOMINATE
90194313575,30064772043,DOMINATE
90194313576,30064772045,DOMINATE
90194313577,30064772050,DOMINATE
90194313578,90194313579,DOMINATE
90194313579,90194313580,DOMINATE
90194313580,30064772052,DOMINATE
90194313581,30064772055,DOMINATE
90194313582,90194313583,DOMINATE
90194313583,30064772056,DOMINATE
90194313584,30064772058,DOMINATE
90194313585,30064772063,DOMINATE
90194313586,68719477709,DOMINATE
90194313587,90194313588,DOMINATE
90194313588,30064772070,DOMINATE
90194313589,90194313590,DOMINATE
90194313590,30064772072,DOMINATE
90194313591,90194313592,DOMINATE
90194313592,30064772074,DOMINATE
90194313593,90194313594,DOMINATE
90194313594,30064772076,DOMINATE
90194313595,68719477718,DOMINATE
90194313596,68719477719,DOMINATE
90194313597,30064772081,DOMINATE
90194313598,68719477721,DOMINATE
90194313599,30064772083,DOMINATE
90194313600,68719477723,DOMINATE
90194313601,68719477726,DOMINATE
90194313602,30064772097,DOMINATE
90194313603,30064772101,DOMINATE
90194313604,30064772103,DOMINATE
90194313605,30064772105,DOMINATE
90194313606,30064772107,DOMINATE
90194313607,30064772109,DOMINATE
90194313608,68719477762,DOMINATE
90194313609,30064772124,DOMINATE
90194313610,68719477778,DOMINATE
90194313611,30064772139,DOMINATE
90194313612,68719477787,DOMINATE
90194313613,68719477789,DOMINATE
90194313614,30064772148,DOMINATE
90194313615,68719477792,DOMINATE
90194313616,90194313617,DOMINATE
90194313617,30064772153,DOMINATE
90194313618,90194313619,DOMINATE
90194313619,30064772155,DOMINATE
90194313620,90194313621,DOMINATE
90194313621,30064772157,DOMINATE
90194313622,90194313623,DOMINATE
90194313623,30064772159,DOMINATE
90194313624,30064772164,DOMINATE
90194313625,141733920803,DOMINATE
90194313626,68719477823,DOMINATE
90194313627,68719477824,DOMINATE
90194313628,68719477825,DOMINATE
90194313629,68719477831,DOMINATE
90194313630,30064772191,DOMINATE
90194313631,90194313632,DOMINATE
90194313632,30064772197,DOMINATE
90194313633,30064772200,DOMINATE
90194313634,68719477844,DOMINATE
107374182400,68719476736,DOMINATE
107374182401,90194313239,DOMINATE
107374182402,90194313242,DOMINATE
107374182403,90194313245,DOMINATE
107374182404,90194313281,DOMINATE
107374182405,90194313284,DOMINATE
107374182406,90194313287,DOMINATE
107374182407,90194313290,DOMINATE
107374182408,68719476955,DOMINATE
107374182409,68719476962,DOMINATE
107374182410,68719476967,DOMINATE
107374182411,68719476972,DOMINATE
107374182412,90194313296,DOMINATE
107374182413,68719476987,DOMINATE
107374182414,90194313323,DOMINATE
107374182415,90194313340,DOMINATE
107374182416,90194313359,DOMINATE
107374182417,90194313396,DOMINATE
107374182418,90194313413,DOMINATE
107374182419,90194313441,DOMINATE
107374182420,90194313462,DOMINATE
107374182421,90194313476,DOMINATE
107374182422,90194313498,DOMINATE
107374182423,90194313516,DOMINATE
107374182424,90194313531,DOMINATE
107374182425,68719477641,DOMINATE
107374182426,68719477665,DOMINATE
107374182427,68719477704,DOMINATE
107374182428,90194313595,DOMINATE
107374182429,90194313608,DOMINATE
107374182430,90194313610,DOMINATE
107374182431,68719477791,DOMINATE
107374182432,68719477812,DOMINATE
107374182433,90194313629,DOMINATE
107374182434,124554051618,DOMINATE
107374182435,124554051619,DOMINATE
107374182436,124554051620,DOMINATE
107374182437,124554051621,DOMINATE
107374182438,124554051622,DOMINATE
107374182439,124554051623,DOMINATE
107374182440,124554051624,DOMINATE
107374182441,124554051625,DOMINATE
107374182442,124554051626,DOMINATE
107374182443,124554051627,DOMINATE
107374182444,124554051628,DOMINATE
107374182445,124554051629,DOMINATE
107374182446,124554051630,DOMINATE
107374182447,124554051631,DOMINATE
107374182448,124554051632,DOMINATE
107374182449,124554051633,DOMINATE
107374182450,124554051634,DOMINATE
107374182451,124554051635,DOMINATE
107374182452,124554051636,DOMINATE
107374182453,124554051637,DOMINATE
107374182454,124554051638,DOMINATE
107374182455,124554051639,DOMINATE
107374182456,124554051640,DOMINATE
120259084288,30064771143,DOMINATE
120259084289,30064771156,DOMINATE
120259084290,30064771239,DOMINATE
120259084291,30064771251,DOMINATE
120259084292,30064771261,DOMINATE
120259084293,30064771272,DOMINATE
120259084294,30064771283,DOMINATE
120259084295,30064771293,DOMINATE
120259084296,30064771297,DOMINATE
120259084297,30064771301,DOMINATE
120259084298,30064771305,DOMINATE
120259084299,30064771378,DOMINATE
120259084300,90194313307,DOMINATE
120259084301,30064771420,DOMINATE
120259084302,30064771467,DOMINATE
120259084303,30064771597,DOMINATE
120259084304,30064771657,DOMINATE
120259084305,30064771733,DOMINATE
120259084306,30064771793,DOMINATE
120259084307,30064771822,DOMINATE
120259084308,30064771909,DOMINATE
120259084309,30064771960,DOMINATE
120259084310,30064771980,DOMINATE
120259084311,30064772000,DOMINATE
120259084312,30064772021,DOMINATE
120259084313,30064772121,DOMINATE
120259084314,30064772136,DOMINATE
120259084315,30064772138,DOMINATE
120259084316,30064772188,DOMINATE
120259084317,30064772194,DOMINATE
141733920774,124554051591,DOMINATE
141733920775,124554051592,DOMINATE
141733920776,124554051593,DOMINATE
141733920777,124554051594,DOMINATE
141733920778,124554051595,DOMINATE
141733920779,124554051597,DOMINATE
141733920800,124554051612,DOMINATE
141733920801,124554051613,DOMINATE
141733920802,124554051614,DOMINATE
141733920805,124554051617,DOMINATE
176093659136,30064771072,DOMINATE
176093659137,30064771073,DOMINATE
176093659138,30064771074,DOMINATE
176093659139,30064771075,DOMINATE
176093659140,30064771076,DOMINATE
176093659141,30064771077,DOMINATE
176093659142,30064771078,DOMINATE
176093659143,30064771079,DOMINATE
176093659144,30064771080,DOMINATE
176093659145,30064771081,DOMINATE
176093659146,30064771082,DOMINATE
176093659147,30064772024,DOMINATE
176093659148,30064772065,DOMINATE
176093659149,30064772066,DOMINATE
176093659150,30064772067,DOMINATE
176093659151,30064772068,DOMINATE
176093659152,30064772069,DOMINATE
176093659153,30064772152,DOMINATE
180388626432,68719476861,DOMINATE
180388626432,25769803799,DOMINATE
180388626433,68719477003,DOMINATE
180388626433,25769803834,DOMINATE
180388626434,68719477016,DOMINATE
180388626434,25769803838,DOMINATE
180388626435,68719477067,DOMINATE
180388626435,25769803845,DOMINATE
180388626436,124554051598,DOMINATE
180388626436,68719477093,DOMINATE
180388626436,25769803851,DOMINATE
180388626437,68719477126,DOMINATE
180388626437,25769803857,DOMINATE
180388626438,124554051599,DOMINATE
180388626438,68719477138,DOMINATE
180388626438,25769803860,DOMINATE
180388626439,68719477166,DOMINATE
180388626439,25769803866,DOMINATE
180388626440,68719477185,DOMINATE
180388626440,25769803870,DOMINATE
180388626441,68719477224,DOMINATE
180388626441,25769803877,DOMINATE
180388626442,68719477245,DOMINATE
180388626442,25769803881,DOMINATE
180388626443,68719477262,DOMINATE
180388626443,25769803887,DOMINATE
180388626444,68719477291,DOMINATE
180388626444,25769803900,DOMINATE
180388626445,68719477320,DOMINATE
180388626445,25769803904,DOMINATE
180388626446,68719477343,DOMINATE
180388626446,25769803910,DOMINATE
180388626447,68719477361,DOMINATE
180388626447,25769803914,DOMINATE
180388626448,68719477386,DOMINATE
180388626448,25769803919,DOMINATE
180388626449,68719477402,DOMINATE
180388626449,25769803923,DOMINATE
180388626450,68719477468,DOMINATE
180388626450,25769803938,DOMINATE
180388626451,68719477484,DOMINATE
180388626451,25769803941,DOMINATE
180388626452,68719477504,DOMINATE
180388626452,25769803947,DOMINATE
180388626453,68719477530,DOMINATE
180388626453,25769803954,DOMINATE
180388626454,68719477568,DOMINATE
180388626454,25769803961,DOMINATE
180388626455,68719477589,DOMINATE
180388626455,25769803966,DOMINATE
180388626456,68719477759,DOMINATE
180388626456,25769804014,DOMINATE
180388626457,68719477774,DOMINATE
180388626457,25769804018,DOMINATE
