25769803780,30064771127,REACHING_DEF,"tmp1 = os.path
os.path.exists(filepath)"
25769803780,30064771128,REACHING_DEF,"tmp1 = os.path
os.path.exists(filepath)"
25769803780,30064771128,REACHING_DEF,
25769803781,30064771127,REACHING_DEF,"tmp2 = os.path
os.path.getsize(filepath)"
25769803781,30064771127,REACHING_DEF,
25769803794,30064771161,REACHING_DEF,"tmp11 = os.path
os.path.exists(CENTERS_FILE)"
25769803794,30064771161,REACHING_DEF,
25769803795,30064771184,REACHING_DEF,"tmp12 = {}
tmp12[""id""] = 1
tmp12[""name""] = ""Center A""
tmp12[""address""] = ""123 Main Street, Cairo""
tmp12[""vaccines""] = [""Pfizer"", ""Moderna""]
tmp12"
25769803795,30064771184,REACHING_DEF,
25769803796,30064771184,REACHING_DEF,"tmp13 = {}
tmp13[""id""] = 2
tmp13[""name""] = ""Center B""
tmp13[""address""] = ""456 Second Avenue, Alexandria""
tmp13[""vaccines""] = [""AstraZeneca"", ""Johnson & Johnson""]
tmp13"
25769803796,30064771184,REACHING_DEF,
25769803800,30064771201,REACHING_DEF,"tmp14 = <operator>.genExp
tmp15 = users.__iter__()
while ... : ...
tmp14"
25769803800,30064771201,REACHING_DEF,
25769803801,68719476869,REACHING_DEF,"tmp16 = os.urandom(16)
os.urandom(16).hex()"
25769803801,30064771208,REACHING_DEF,"tmp16 = os.urandom(16)
os.urandom(16).hex()"
25769803801,30064771208,REACHING_DEF,
25769803802,68719476883,REACHING_DEF,"tmp17 = {}
tmp17[""id""] = 0
tmp17[""name""] = ""Administrator""
tmp17[""email""] = ""admin@system.com""
tmp17[""password""] = _hash(""admin123"", admin_salt)
tmp17[""salt""] = admin_salt
tmp17[""phone""] = ""0000000000""
tmp17[""national_id""] = ""0000000000""
tmp17[""is_admin""] = True
tmp17"
25769803802,30064771228,REACHING_DEF,"tmp17 = {}
tmp17[""id""] = 0
tmp17[""name""] = ""Administrator""
tmp17[""email""] = ""admin@system.com""
tmp17[""password""] = _hash(""admin123"", admin_salt)
tmp17[""salt""] = admin_salt
tmp17[""phone""] = ""0000000000""
tmp17[""national_id""] = ""0000000000""
tmp17[""is_admin""] = True
tmp17"
25769803802,30064771228,REACHING_DEF,
25769803804,30064771236,REACHING_DEF,"tmp18 = os.path
os.path.exists(RESERVATIONS_FILE)"
25769803804,30064771236,REACHING_DEF,
25769803807,68719476903,REACHING_DEF,"tmp19 = input(prompt)
input(prompt).strip()"
25769803807,30064771244,REACHING_DEF,"tmp19 = input(prompt)
input(prompt).strip()"
25769803807,30064771244,REACHING_DEF,
25769803812,68719476918,REACHING_DEF,"tmp20 = input(prompt)
input(prompt).strip()"
25769803812,30064771256,REACHING_DEF,"tmp20 = input(prompt)
input(prompt).strip()"
25769803812,30064771256,REACHING_DEF,
25769803816,68719476930,REACHING_DEF,"tmp21 = input(prompt)
input(prompt).strip()"
25769803816,30064771266,REACHING_DEF,"tmp21 = input(prompt)
input(prompt).strip()"
25769803816,30064771266,REACHING_DEF,
25769803823,68719476944,REACHING_DEF,"tmp24 = input(f""{prompt} (y/n): "")
input(f""{prompt} (y/n): "").strip()"
25769803823,30064771279,REACHING_DEF,"tmp24 = input(f""{prompt} (y/n): "")
input(f""{prompt} (y/n): "").strip()"
25769803823,30064771279,REACHING_DEF,
25769803824,30064771282,REACHING_DEF,"tmp23 = tmp24 = input(f""{prompt} (y/n): "")
input(f""{prompt} (y/n): "").strip()
input(f""{prompt} (y/n): "").strip().lower()"
25769803824,30064771282,REACHING_DEF,
25769803826,68719476954,REACHING_DEF,"tmp26 = password + salt
password + salt.encode()"
25769803826,30064771289,REACHING_DEF,"tmp26 = password + salt
password + salt.encode()"
25769803826,30064771289,REACHING_DEF,
25769803827,141733920775,REACHING_DEF,
25769803827,141733920775,REACHING_DEF,"tmp25 = hashlib.sha256(password + salt.encode())
hashlib.sha256(password + salt.encode()).hexdigest()"
25769803835,30064771333,REACHING_DEF,"tmp27 = <operator>.genExp
tmp28 = users.__iter__()
while ... : ...
tmp27"
25769803835,30064771333,REACHING_DEF,
25769803839,30064771346,REACHING_DEF,"tmp29 = <operator>.genExp
tmp30 = users.__iter__()
while ... : ...
tmp29"
25769803839,30064771346,REACHING_DEF,
25769803840,68719477025,REACHING_DEF,"tmp31 = os.urandom(16)
os.urandom(16).hex()"
25769803840,30064771354,REACHING_DEF,"tmp31 = os.urandom(16)
os.urandom(16).hex()"
25769803840,30064771354,REACHING_DEF,
25769803841,68719477045,REACHING_DEF,"tmp32 = {}
tmp32[""id""] = user_id
tmp32[""name""] = name
tmp32[""email""] = email
tmp32[""password""] = _hash(password, salt)
tmp32[""salt""] = salt
tmp32[""phone""] = phone
tmp32[""national_id""] = national_id
tmp32"
25769803841,30064771373,REACHING_DEF,"tmp32 = {}
tmp32[""id""] = user_id
tmp32[""name""] = name
tmp32[""email""] = email
tmp32[""password""] = _hash(password, salt)
tmp32[""salt""] = salt
tmp32[""phone""] = phone
tmp32[""national_id""] = national_id
tmp32"
25769803841,30064771373,REACHING_DEF,
25769803846,30064771397,REACHING_DEF,"tmp33 = <operator>.genExp
tmp34 = users.__iter__()
while ... : ...
tmp33"
25769803846,30064771397,REACHING_DEF,
25769803849,68719477090,REACHING_DEF,"tmp36 = range(1, MAX_LOGIN_ATTEMPTS + 1)
tmp36.__iter__()"
25769803849,30064771415,REACHING_DEF,"tmp36 = range(1, MAX_LOGIN_ATTEMPTS + 1)
tmp36.__iter__()"
25769803849,30064771415,REACHING_DEF,
25769803853,68719477101,REACHING_DEF,"tmp37 = input(""Email: "")
input(""Email: "").strip()"
25769803853,30064771426,REACHING_DEF,"tmp37 = input(""Email: "")
input(""Email: "").strip()"
25769803853,30064771426,REACHING_DEF,
25769803858,68719477135,REACHING_DEF,"tmp40 = range(1, MAX_LOGIN_ATTEMPTS + 1)
tmp40.__iter__()"
25769803858,30064771462,REACHING_DEF,"tmp40 = range(1, MAX_LOGIN_ATTEMPTS + 1)
tmp40.__iter__()"
25769803858,30064771462,REACHING_DEF,
25769803862,68719477160,REACHING_DEF,"tmp44 = _ask(""Vaccines (comma-separated): "")
_ask(""Vaccines (comma-separated): "").split("","")"
25769803862,30064771488,REACHING_DEF,"tmp44 = _ask(""Vaccines (comma-separated): "")
_ask(""Vaccines (comma-separated): "").split("","")"
25769803862,30064771488,REACHING_DEF,
25769803863,68719477163,REACHING_DEF,"tmp43 = tmp44 = _ask(""Vaccines (comma-separated): "")
_ask(""Vaccines (comma-separated): "").split("","")
tmp43.__iter__()"
25769803863,30064771491,REACHING_DEF,"tmp43 = tmp44 = _ask(""Vaccines (comma-separated): "")
_ask(""Vaccines (comma-separated): "").split("","")
tmp43.__iter__()"
25769803863,30064771491,REACHING_DEF,
25769803867,68719477170,REACHING_DEF,"tmp41 = []
tmp42 = tmp43 = tmp44 = _ask(""Vaccines (comma-separated): "")
_ask(""Vaccines (comma-separated): "").split("","")
tmp43.__iter__()
while ... : ...
tmp41"
25769803867,30064771498,REACHING_DEF,"tmp41 = []
tmp42 = tmp43 = tmp44 = _ask(""Vaccines (comma-separated): "")
_ask(""Vaccines (comma-separated): "").split("","")
tmp43.__iter__()
while ... : ...
tmp41"
25769803867,30064771498,REACHING_DEF,
25769803871,30064771514,REACHING_DEF,"tmp45 = <operator>.genExp
tmp46 = centers.__iter__()
while ... : ...
tmp45"
25769803871,30064771514,REACHING_DEF,
25769803872,68719477200,REACHING_DEF,"tmp47 = {}
tmp47[""id""] = new_id
tmp47[""name""] = name
tmp47[""address""] = address
tmp47[""vaccines""] = vaccines
tmp47"
25769803872,30064771528,REACHING_DEF,"tmp47 = {}
tmp47[""id""] = new_id
tmp47[""name""] = name
tmp47[""address""] = address
tmp47[""vaccines""] = vaccines
tmp47"
25769803872,30064771528,REACHING_DEF,
25769803878,30064771554,REACHING_DEF,"tmp48 = <operator>.genExp
tmp49 = centers.__iter__()
while ... : ...
tmp48"
25769803878,30064771554,REACHING_DEF,
25769803882,30064771572,REACHING_DEF,"tmp50 = <operator>.genExp
tmp51 = reservations.__iter__()
while ... : ...
tmp50"
25769803882,30064771572,REACHING_DEF,
25769803888,68719477252,REACHING_DEF,"tmp52 = []
tmp53 = centers.__iter__()
while ... : ...
tmp52"
25769803888,30064771593,REACHING_DEF,"tmp52 = []
tmp53 = centers.__iter__()
while ... : ...
tmp52"
25769803888,30064771593,REACHING_DEF,
25769803895,68719477275,REACHING_DEF,"tmp55 = input(""Enter center name to search: "")
input(""Enter center name to search: "").strip()"
25769803895,30064771602,REACHING_DEF,"tmp55 = input(""Enter center name to search: "")
input(""Enter center name to search: "").strip()"
25769803895,30064771602,REACHING_DEF,
25769803896,68719477278,REACHING_DEF,"tmp54 = tmp55 = input(""Enter center name to search: "")
input(""Enter center name to search: "").strip()
input(""Enter center name to search: "").strip().lower()"
25769803896,30064771605,REACHING_DEF,"tmp54 = tmp55 = input(""Enter center name to search: "")
input(""Enter center name to search: "").strip()
input(""Enter center name to search: "").strip().lower()"
25769803896,30064771605,REACHING_DEF,
25769803897,68719477292,REACHING_DEF,"tmp58 = c[""name""]
c[""name""].lower()"
25769803897,30064771622,REACHING_DEF,"tmp58 = c[""name""]
c[""name""].lower()"
25769803897,30064771622,REACHING_DEF,
25769803901,68719477298,REACHING_DEF,"tmp56 = []
tmp57 = centers.__iter__()
while ... : ...
tmp56"
25769803901,30064771624,REACHING_DEF,"tmp56 = []
tmp57 = centers.__iter__()
while ... : ...
tmp56"
25769803901,30064771624,REACHING_DEF,
25769803902,30064771645,REACHING_DEF,"tmp59 = ', '
', '.join(c['vaccines'])"
25769803902,30064771645,REACHING_DEF,
25769803911,68719477345,REACHING_DEF,"tmp61 = {}
tmp62 = centers.__iter__()
while ... : ...
tmp61"
25769803911,30064771678,REACHING_DEF,"tmp61 = {}
tmp62 = centers.__iter__()
while ... : ...
tmp61"
25769803911,30064771678,REACHING_DEF,
25769803915,30064771706,REACHING_DEF,"tmp63 = <operator>.genExp
tmp64 = reservations.__iter__()
while ... : ...
tmp63"
25769803915,30064771706,REACHING_DEF,
25769803924,30064771751,REACHING_DEF,"tmp66 = <operator>.genExp
tmp67 = reservations.__iter__()
while ... : ...
tmp66"
25769803924,30064771751,REACHING_DEF,
25769803927,68719477420,REACHING_DEF,"tmp68 = input(""Choice (1-2): "")
input(""Choice (1-2): "").strip()"
25769803927,30064771767,REACHING_DEF,"tmp68 = input(""Choice (1-2): "")
input(""Choice (1-2): "").strip()"
25769803927,30064771767,REACHING_DEF,
25769803928,30064771778,REACHING_DEF,"tmp70 = datetime.date
datetime.date.today()"
25769803928,30064771778,REACHING_DEF,
25769803929,68719477435,REACHING_DEF,"tmp69 = tmp70 = datetime.date
datetime.date.today() + datetime.timedelta(days = delta)
datetime.date.today() + datetime.timedelta(days = delta).strftime(""%Y-%m-%d"")"
25769803929,30064771782,REACHING_DEF,"tmp69 = tmp70 = datetime.date
datetime.date.today() + datetime.timedelta(days = delta)
datetime.date.today() + datetime.timedelta(days = delta).strftime(""%Y-%m-%d"")"
25769803929,30064771782,REACHING_DEF,
25769803936,30064771811,REACHING_DEF,"tmp71 = ', '
', '.join(c['vaccines'])"
25769803936,30064771811,REACHING_DEF,
25769803942,30064771838,REACHING_DEF,"tmp73 = <operator>.genExp
tmp74 = reservations.__iter__()
while ... : ...
tmp73"
25769803942,30064771838,REACHING_DEF,
25769803948,30064771859,REACHING_DEF,"tmp75 = <operator>.genExp
tmp76 = centers.__iter__()
while ... : ...
tmp75"
25769803948,30064771859,REACHING_DEF,
25769803950,30064771867,REACHING_DEF,"tmp77 = ', '
', '.join(center['vaccines'])"
25769803950,30064771867,REACHING_DEF,
25769803951,68719477527,REACHING_DEF,"tmp80 = center[""vaccines""]
tmp80.__iter__()"
25769803951,30064771880,REACHING_DEF,"tmp80 = center[""vaccines""]
tmp80.__iter__()"
25769803951,30064771880,REACHING_DEF,
25769803955,30064771890,REACHING_DEF,"tmp78 = <operator>.genExp
tmp79 = tmp80 = center[""vaccines""]
tmp80.__iter__()
while ... : ...
tmp78"
25769803955,30064771890,REACHING_DEF,
25769803957,68719477550,REACHING_DEF,"tmp81 = {}
tmp81[""user_id""] = user[""id""]
tmp81[""center_id""] = center_id
tmp81[""vaccine""] = matched
tmp81[""date""] = None
tmp81"
25769803957,30064771906,REACHING_DEF,"tmp81 = {}
tmp81[""user_id""] = user[""id""]
tmp81[""center_id""] = center_id
tmp81[""vaccine""] = matched
tmp81[""date""] = None
tmp81"
25769803957,30064771906,REACHING_DEF,
25769803962,30064771926,REACHING_DEF,"tmp82 = <operator>.genExp
tmp83 = reservations.__iter__()
while ... : ...
tmp82"
25769803962,30064771926,REACHING_DEF,
25769803967,30064771948,REACHING_DEF,"tmp84 = <operator>.genExp
tmp85 = centers.__iter__()
while ... : ...
tmp84"
25769803967,30064771948,REACHING_DEF,
25769804010,68719477750,REACHING_DEF,"tmp0 = {}
tmp0[""id""] = i
tmp0[""email""] = email
tmp0[""phone""] = phone
tmp0[""national_id""] = national_id
tmp0[""password""] = hashed
tmp0"
25769804010,30064772112,REACHING_DEF,"tmp0 = {}
tmp0[""id""] = i
tmp0[""email""] = email
tmp0[""phone""] = phone
tmp0[""national_id""] = national_id
tmp0[""password""] = hashed
tmp0"
25769804010,30064772112,REACHING_DEF,
25769804012,68719477756,REACHING_DEF,"tmp2 = range(n)
tmp2.__iter__()"
25769804012,30064772117,REACHING_DEF,"tmp2 = range(n)
tmp2.__iter__()"
25769804012,30064772117,REACHING_DEF,
25769804016,68719477768,REACHING_DEF,"tmp4 = u[""password""]
u[""password""].upper()"
25769804016,30064772129,REACHING_DEF,"tmp4 = u[""password""]
u[""password""].upper()"
25769804016,30064772129,REACHING_DEF,
25769804019,141733920801,REACHING_DEF,
25769804019,141733920801,REACHING_DEF,"tmp3 = []
tmp5 = users.__iter__()
while ... : ...
tmp3"
25769804023,30064772169,REACHING_DEF,"tmp0 = os.path
os.path.abspath(""Project.py"")"
25769804023,30064772169,REACHING_DEF,
25769804024,30064772169,REACHING_DEF,"tmp1 = os.path
os.path.abspath(__file__)"
25769804024,30064772169,REACHING_DEF,
25769804026,68719477818,REACHING_DEF,"tmp2 = os.path
os.path.abspath(code.co_filename)"
25769804026,30064772178,REACHING_DEF,"tmp2 = os.path
os.path.abspath(code.co_filename)"
25769804026,30064772178,REACHING_DEF,
30064771072,124554051584,REACHING_DEF,any = __builtins__.any
30064771073,124554051584,REACHING_DEF,input = __builtins__.input
30064771074,124554051584,REACHING_DEF,len = __builtins__.len
30064771075,124554051584,REACHING_DEF,max = __builtins__.max
30064771076,124554051584,REACHING_DEF,next = __builtins__.next
30064771077,124554051584,REACHING_DEF,open = __builtins__.open
30064771078,124554051584,REACHING_DEF,print = __builtins__.print
30064771080,124554051584,REACHING_DEF,bool = __builtins__.bool
30064771081,124554051584,REACHING_DEF,int = __builtins__.int
30064771082,124554051584,REACHING_DEF,range = __builtins__.range
30064771083,68719476747,REACHING_DEF,import json
30064771083,30064771084,REACHING_DEF,import json
30064771083,124554051584,REACHING_DEF,import json
30064771084,124554051584,REACHING_DEF,json = import json
30064771085,68719476749,REACHING_DEF,import os
30064771085,30064771086,REACHING_DEF,import os
30064771085,124554051584,REACHING_DEF,import os
30064771086,124554051584,REACHING_DEF,os = import os
30064771087,68719476751,REACHING_DEF,import re
30064771087,30064771088,REACHING_DEF,import re
30064771087,124554051584,REACHING_DEF,import re
30064771088,124554051584,REACHING_DEF,re = import re
30064771089,68719476753,REACHING_DEF,import random
30064771089,30064771090,REACHING_DEF,import random
30064771089,124554051584,REACHING_DEF,import random
30064771090,124554051584,REACHING_DEF,random = import random
30064771091,68719476755,REACHING_DEF,import datetime
30064771091,30064771092,REACHING_DEF,import datetime
30064771091,124554051584,REACHING_DEF,import datetime
30064771092,124554051584,REACHING_DEF,datetime = import datetime
30064771093,68719476757,REACHING_DEF,import hashlib
30064771093,30064771094,REACHING_DEF,import hashlib
30064771093,124554051584,REACHING_DEF,import hashlib
30064771094,124554051584,REACHING_DEF,hashlib = import hashlib
30064771095,68719476759,REACHING_DEF,import sys
30064771095,30064771096,REACHING_DEF,import sys
30064771095,124554051584,REACHING_DEF,import sys
30064771096,124554051584,REACHING_DEF,sys = import sys
30064771097,68719476774,REACHING_DEF,sys.platform
30064771097,68719476770,REACHING_DEF,sys.platform
30064771097,68719476767,REACHING_DEF,sys.platform
30064771097,68719476762,REACHING_DEF,sys.platform
30064771097,30064771098,REACHING_DEF,sys.platform
30064771097,68719476771,REACHING_DEF,sys.platform
30064771097,124554051584,REACHING_DEF,sys.platform
30064771098,124554051584,REACHING_DEF,tmp0 = sys.platform
30064771100,124554051584,REACHING_DEF,sys.platform.startswith('win')
30064771101,68719476765,REACHING_DEF,import io
30064771101,30064771102,REACHING_DEF,import io
30064771101,124554051584,REACHING_DEF,import io
30064771102,124554051584,REACHING_DEF,io = import io
30064771104,68719476769,REACHING_DEF,sys.stdout.buffer
30064771104,30064771106,REACHING_DEF,sys.stdout.buffer
30064771104,124554051584,REACHING_DEF,sys.stdout.buffer
30064771106,30064771107,REACHING_DEF,"io.TextIOWrapper(sys.stdout.buffer, encoding = 'utf-8')"
30064771106,30064771108,REACHING_DEF,"io.TextIOWrapper(sys.stdout.buffer, encoding = 'utf-8')"
30064771106,124554051584,REACHING_DEF,"io.TextIOWrapper(sys.stdout.buffer, encoding = 'utf-8')"
30064771107,68719476774,REACHING_DEF,sys.stdout
30064771107,30064771108,REACHING_DEF,sys.stdout
30064771107,68719476771,REACHING_DEF,sys.stdout
30064771107,124554051584,REACHING_DEF,sys.stdout
30064771108,124554051584,REACHING_DEF,"sys.stdout = io.TextIOWrapper(sys.stdout.buffer, encoding = 'utf-8')"
30064771110,68719476773,REACHING_DEF,sys.stderr.buffer
30064771110,30064771112,REACHING_DEF,sys.stderr.buffer
30064771110,124554051584,REACHING_DEF,sys.stderr.buffer
30064771112,30064771113,REACHING_DEF,"io.TextIOWrapper(sys.stderr.buffer, encoding = 'utf-8')"
30064771112,30064771114,REACHING_DEF,"io.TextIOWrapper(sys.stderr.buffer, encoding = 'utf-8')"
30064771112,124554051584,REACHING_DEF,"io.TextIOWrapper(sys.stderr.buffer, encoding = 'utf-8')"
30064771113,30064771114,REACHING_DEF,sys.stderr
30064771113,124554051584,REACHING_DEF,sys.stderr
30064771114,124554051584,REACHING_DEF,"sys.stderr = io.TextIOWrapper(sys.stderr.buffer, encoding = 'utf-8')"
30064771115,124554051584,REACHING_DEF,"USERS_FILE = ""users.json"""
30064771116,124554051584,REACHING_DEF,"CENTERS_FILE = ""vaccination_centers.json"""
30064771117,124554051584,REACHING_DEF,"RESERVATIONS_FILE = ""reservations.json"""
30064771118,124554051584,REACHING_DEF,MAX_LOGIN_ATTEMPTS = 3
30064771119,68719476786,REACHING_DEF,os.path
30064771119,68719476782,REACHING_DEF,os.path
30064771119,30064771120,REACHING_DEF,os.path
30064771119,30064771123,REACHING_DEF,os.path
30064771119,124554051585,REACHING_DEF,os.path
30064771120,124554051585,REACHING_DEF,tmp1 = os.path
30064771122,25769803780,REACHING_DEF,os.path.exists(filepath)
30064771122,124554051585,REACHING_DEF,os.path.exists(filepath)
30064771123,68719476787,REACHING_DEF,os.path
30064771123,30064771124,REACHING_DEF,os.path
30064771123,124554051585,REACHING_DEF,os.path
30064771124,124554051585,REACHING_DEF,tmp2 = os.path
30064771126,25769803781,REACHING_DEF,os.path.getsize(filepath)
30064771126,124554051585,REACHING_DEF,os.path.getsize(filepath)
30064771127,30064771128,REACHING_DEF,"tmp2 = os.path
os.path.getsize(filepath) > 0"
30064771127,124554051585,REACHING_DEF,"tmp2 = os.path
os.path.getsize(filepath) > 0"
30064771128,124554051585,REACHING_DEF,"tmp1 = os.path
os.path.exists(filepath) and tmp2 = os.path
os.path.getsize(filepath) > 0"
30064771130,141733920768,REACHING_DEF,json.load(f)
30064771130,124554051585,REACHING_DEF,json.load(f)
30064771131,68719476795,REACHING_DEF,"open(filepath, ""r"")"
30064771131,30064771132,REACHING_DEF,"open(filepath, ""r"")"
30064771131,124554051585,REACHING_DEF,"open(filepath, ""r"")"
30064771132,124554051585,REACHING_DEF,"manager_tmp3 = open(filepath, ""r"")"
30064771133,68719476798,REACHING_DEF,manager_tmp3.__enter__
30064771133,68719476797,REACHING_DEF,manager_tmp3.__enter__
30064771133,30064771134,REACHING_DEF,manager_tmp3.__enter__
30064771133,68719476801,REACHING_DEF,manager_tmp3.__enter__
30064771134,124554051585,REACHING_DEF,enter_tmp4 = manager_tmp3.__enter__
30064771135,68719476801,REACHING_DEF,manager_tmp3.__exit__
30064771135,68719476799,REACHING_DEF,manager_tmp3.__exit__
30064771135,30064771136,REACHING_DEF,manager_tmp3.__exit__
30064771136,124554051585,REACHING_DEF,exit_tmp5 = manager_tmp3.__exit__
30064771137,68719476802,REACHING_DEF,enter_tmp4()
30064771137,30064771138,REACHING_DEF,enter_tmp4()
30064771137,124554051585,REACHING_DEF,enter_tmp4()
30064771138,124554051585,REACHING_DEF,value_tmp6 = enter_tmp4()
30064771139,124554051585,REACHING_DEF,f = value_tmp6
30064771141,141733920769,REACHING_DEF,[]
30064771142,141733920770,REACHING_DEF,[]
30064771143,124554051584,REACHING_DEF,_load = def _load(...)
30064771145,124554051586,REACHING_DEF,"json.dump(data, f, indent = 2)"
30064771146,68719476814,REACHING_DEF,"open(filepath, ""w"")"
30064771146,30064771147,REACHING_DEF,"open(filepath, ""w"")"
30064771146,124554051586,REACHING_DEF,"open(filepath, ""w"")"
30064771147,124554051586,REACHING_DEF,"manager_tmp7 = open(filepath, ""w"")"
30064771148,68719476816,REACHING_DEF,manager_tmp7.__enter__
30064771148,30064771149,REACHING_DEF,manager_tmp7.__enter__
30064771148,68719476820,REACHING_DEF,manager_tmp7.__enter__
30064771148,68719476817,REACHING_DEF,manager_tmp7.__enter__
30064771149,124554051586,REACHING_DEF,enter_tmp8 = manager_tmp7.__enter__
30064771150,68719476820,REACHING_DEF,manager_tmp7.__exit__
30064771150,68719476818,REACHING_DEF,manager_tmp7.__exit__
30064771150,30064771151,REACHING_DEF,manager_tmp7.__exit__
30064771151,124554051586,REACHING_DEF,exit_tmp9 = manager_tmp7.__exit__
30064771152,68719476821,REACHING_DEF,enter_tmp8()
30064771152,30064771153,REACHING_DEF,enter_tmp8()
30064771152,124554051586,REACHING_DEF,enter_tmp8()
30064771153,124554051586,REACHING_DEF,value_tmp10 = enter_tmp8()
30064771154,124554051586,REACHING_DEF,f = value_tmp10
30064771155,124554051586,REACHING_DEF,__exit__()
30064771156,124554051584,REACHING_DEF,_save = def _save(...)
30064771157,68719476864,REACHING_DEF,os.path
30064771157,68719476891,REACHING_DEF,os.path
30064771157,68719476865,REACHING_DEF,os.path
30064771157,68719476829,REACHING_DEF,os.path
30064771157,30064771158,REACHING_DEF,os.path
30064771157,30064771232,REACHING_DEF,os.path
30064771158,124554051587,REACHING_DEF,tmp11 = os.path
30064771160,25769803794,REACHING_DEF,os.path.exists(CENTERS_FILE)
30064771160,124554051587,REACHING_DEF,os.path.exists(CENTERS_FILE)
30064771161,124554051587,REACHING_DEF,"not tmp11 = os.path
os.path.exists(CENTERS_FILE)"
30064771162,68719476832,REACHING_DEF,{}
30064771162,30064771163,REACHING_DEF,{}
30064771163,124554051587,REACHING_DEF,tmp12 = {}
30064771164,68719476835,REACHING_DEF,"tmp12[""id""]"
30064771164,25769803795,REACHING_DEF,"tmp12[""id""]"
30064771164,68719476836,REACHING_DEF,"tmp12[""id""]"
30064771164,30064771165,REACHING_DEF,"tmp12[""id""]"
30064771164,68719476834,REACHING_DEF,"tmp12[""id""]"
30064771164,124554051587,REACHING_DEF,"tmp12[""id""]"
30064771165,124554051587,REACHING_DEF,"tmp12[""id""] = 1"
30064771166,68719476835,REACHING_DEF,"tmp12[""name""]"
30064771166,25769803795,REACHING_DEF,"tmp12[""name""]"
30064771166,30064771167,REACHING_DEF,"tmp12[""name""]"
30064771166,68719476836,REACHING_DEF,"tmp12[""name""]"
30064771166,124554051587,REACHING_DEF,"tmp12[""name""]"
30064771167,124554051587,REACHING_DEF,"tmp12[""name""] = ""Center A"""
30064771168,25769803795,REACHING_DEF,"tmp12[""address""]"
30064771168,68719476836,REACHING_DEF,"tmp12[""address""]"
30064771168,30064771169,REACHING_DEF,"tmp12[""address""]"
30064771168,124554051587,REACHING_DEF,"tmp12[""address""]"
30064771169,124554051587,REACHING_DEF,"tmp12[""address""] = ""123 Main Street, Cairo"""
30064771170,25769803795,REACHING_DEF,"tmp12[""vaccines""]"
30064771170,30064771172,REACHING_DEF,"tmp12[""vaccines""]"
30064771170,124554051587,REACHING_DEF,"tmp12[""vaccines""]"
30064771171,30064771170,REACHING_DEF,"[""Pfizer"", ""Moderna""]"
30064771171,30064771172,REACHING_DEF,"[""Pfizer"", ""Moderna""]"
30064771171,124554051587,REACHING_DEF,"[""Pfizer"", ""Moderna""]"
30064771172,124554051587,REACHING_DEF,"tmp12[""vaccines""] = [""Pfizer"", ""Moderna""]"
30064771173,68719476838,REACHING_DEF,{}
30064771173,30064771174,REACHING_DEF,{}
30064771173,124554051587,REACHING_DEF,{}
30064771174,124554051587,REACHING_DEF,tmp13 = {}
30064771175,68719476840,REACHING_DEF,"tmp13[""id""]"
30064771175,25769803796,REACHING_DEF,"tmp13[""id""]"
30064771175,68719476841,REACHING_DEF,"tmp13[""id""]"
30064771175,68719476842,REACHING_DEF,"tmp13[""id""]"
30064771175,30064771176,REACHING_DEF,"tmp13[""id""]"
30064771175,124554051587,REACHING_DEF,"tmp13[""id""]"
30064771176,124554051587,REACHING_DEF,"tmp13[""id""] = 2"
30064771177,25769803796,REACHING_DEF,"tmp13[""name""]"
30064771177,68719476841,REACHING_DEF,"tmp13[""name""]"
30064771177,30064771178,REACHING_DEF,"tmp13[""name""]"
30064771177,68719476842,REACHING_DEF,"tmp13[""name""]"
30064771177,124554051587,REACHING_DEF,"tmp13[""name""]"
30064771178,124554051587,REACHING_DEF,"tmp13[""name""] = ""Center B"""
30064771179,30064771180,REACHING_DEF,"tmp13[""address""]"
30064771179,25769803796,REACHING_DEF,"tmp13[""address""]"
30064771179,68719476842,REACHING_DEF,"tmp13[""address""]"
30064771179,124554051587,REACHING_DEF,"tmp13[""address""]"
30064771180,124554051587,REACHING_DEF,"tmp13[""address""] = ""456 Second Avenue, Alexandria"""
30064771181,25769803796,REACHING_DEF,"tmp13[""vaccines""]"
30064771181,30064771183,REACHING_DEF,"tmp13[""vaccines""]"
30064771181,124554051587,REACHING_DEF,"tmp13[""vaccines""]"
30064771182,30064771181,REACHING_DEF,"[""AstraZeneca"", ""Johnson & Johnson""]"
30064771182,30064771183,REACHING_DEF,"[""AstraZeneca"", ""Johnson & Johnson""]"
30064771182,124554051587,REACHING_DEF,"[""AstraZeneca"", ""Johnson & Johnson""]"
30064771183,124554051587,REACHING_DEF,"tmp13[""vaccines""] = [""AstraZeneca"", ""Johnson & Johnson""]"
30064771184,68719476844,REACHING_DEF,"[tmp12 = {}
tmp12[""id""] = 1
tmp12[""name""] = ""Center A""
tmp12[""address""] = ""123 Main Street, Cairo""
tmp12[""vaccines""] = [""Pfizer"", ""Moderna""]
tmp12, tmp13 = {}
tmp13[""id""] = 2
tmp13[""name""] = ""Center B""
tmp13[""address""] = ""456 Second Avenue, Alexandria""
tmp13[""vaccines""] = [""AstraZeneca"", ""Johnson & Johnson""]
tmp13]"
30064771184,30064771185,REACHING_DEF,"[tmp12 = {}
tmp12[""id""] = 1
tmp12[""name""] = ""Center A""
tmp12[""address""] = ""123 Main Street, Cairo""
tmp12[""vaccines""] = [""Pfizer"", ""Moderna""]
tmp12, tmp13 = {}
tmp13[""id""] = 2
tmp13[""name""] = ""Center B""
tmp13[""address""] = ""456 Second Avenue, Alexandria""
tmp13[""vaccines""] = [""AstraZeneca"", ""Johnson & Johnson""]
tmp13]"
30064771184,124554051587,REACHING_DEF,"[tmp12 = {}
tmp12[""id""] = 1
tmp12[""name""] = ""Center A""
tmp12[""address""] = ""123 Main Street, Cairo""
tmp12[""vaccines""] = [""Pfizer"", ""Moderna""]
tmp12, tmp13 = {}
tmp13[""id""] = 2
tmp13[""name""] = ""Center B""
tmp13[""address""] = ""456 Second Avenue, Alexandria""
tmp13[""vaccines""] = [""AstraZeneca"", ""Johnson & Johnson""]
tmp13]"
30064771185,124554051587,REACHING_DEF,"default_centers = [tmp12 = {}
tmp12[""id""] = 1
tmp12[""name""] = ""Center A""
tmp12[""address""] = ""123 Main Street, Cairo""
tmp12[""vaccines""] = [""Pfizer"", ""Moderna""]
tmp12, tmp13 = {}
tmp13[""id""] = 2
tmp13[""name""] = ""Center B""
tmp13[""address""] = ""456 Second Avenue, Alexandria""
tmp13[""vaccines""] = [""AstraZeneca"", ""Johnson & Johnson""]
tmp13]"
30064771186,124554051587,REACHING_DEF,"_save(CENTERS_FILE, default_centers)"
30064771187,68719476850,REACHING_DEF,_load(USERS_FILE)
30064771187,30064771188,REACHING_DEF,_load(USERS_FILE)
30064771187,124554051587,REACHING_DEF,_load(USERS_FILE)
30064771188,124554051587,REACHING_DEF,users = _load(USERS_FILE)
30064771189,68719476851,REACHING_DEF,<operator>.genExp
30064771189,30064771190,REACHING_DEF,<operator>.genExp
30064771189,124554051587,REACHING_DEF,<operator>.genExp
30064771190,124554051587,REACHING_DEF,tmp14 = <operator>.genExp
30064771192,68719476855,REACHING_DEF,"u.get(""is_admin"")"
30064771192,30064771194,REACHING_DEF,"u.get(""is_admin"")"
30064771192,124554051587,REACHING_DEF,"u.get(""is_admin"")"
30064771194,124554051587,REACHING_DEF,"tmp14.append(u.get(""is_admin""))"
30064771196,68719476858,REACHING_DEF,users.__iter__()
30064771196,30064771197,REACHING_DEF,users.__iter__()
30064771196,124554051587,REACHING_DEF,users.__iter__()
30064771197,124554051587,REACHING_DEF,tmp15 = users.__iter__()
30064771199,68719476861,REACHING_DEF,tmp15.__next__()
30064771199,30064771200,REACHING_DEF,tmp15.__next__()
30064771199,124554051587,REACHING_DEF,tmp15.__next__()
30064771200,124554051587,REACHING_DEF,u = tmp15.__next__()
30064771201,30064771202,REACHING_DEF,"any(u.get(""is_admin"") for u in users)"
30064771201,124554051587,REACHING_DEF,"any(u.get(""is_admin"") for u in users)"
30064771202,124554051587,REACHING_DEF,"not any(u.get(""is_admin"") for u in users)"
30064771204,68719476866,REACHING_DEF,os.urandom(16)
30064771204,30064771205,REACHING_DEF,os.urandom(16)
30064771204,124554051587,REACHING_DEF,os.urandom(16)
30064771205,124554051587,REACHING_DEF,tmp16 = os.urandom(16)
30064771207,25769803801,REACHING_DEF,os.urandom(16).hex()
30064771207,124554051587,REACHING_DEF,os.urandom(16).hex()
30064771208,124554051587,REACHING_DEF,"admin_salt = tmp16 = os.urandom(16)
os.urandom(16).hex()"
30064771209,68719476870,REACHING_DEF,{}
30064771209,30064771210,REACHING_DEF,{}
30064771209,124554051587,REACHING_DEF,{}
30064771210,124554051587,REACHING_DEF,tmp17 = {}
30064771211,30064771212,REACHING_DEF,"tmp17[""id""]"
30064771211,68719476880,REACHING_DEF,"tmp17[""id""]"
30064771211,68719476874,REACHING_DEF,"tmp17[""id""]"
30064771211,68719476877,REACHING_DEF,"tmp17[""id""]"
30064771211,68719476881,REACHING_DEF,"tmp17[""id""]"
30064771211,68719476873,REACHING_DEF,"tmp17[""id""]"
30064771211,68719476879,REACHING_DEF,"tmp17[""id""]"
30064771211,25769803802,REACHING_DEF,"tmp17[""id""]"
30064771211,68719476872,REACHING_DEF,"tmp17[""id""]"
30064771211,124554051587,REACHING_DEF,"tmp17[""id""]"
30064771212,124554051587,REACHING_DEF,"tmp17[""id""] = 0"
30064771213,68719476880,REACHING_DEF,"tmp17[""name""]"
30064771213,68719476874,REACHING_DEF,"tmp17[""name""]"
30064771213,68719476877,REACHING_DEF,"tmp17[""name""]"
30064771213,68719476881,REACHING_DEF,"tmp17[""name""]"
30064771213,68719476873,REACHING_DEF,"tmp17[""name""]"
30064771213,68719476879,REACHING_DEF,"tmp17[""name""]"
30064771213,25769803802,REACHING_DEF,"tmp17[""name""]"
30064771213,30064771214,REACHING_DEF,"tmp17[""name""]"
30064771213,124554051587,REACHING_DEF,"tmp17[""name""]"
30064771214,124554051587,REACHING_DEF,"tmp17[""name""] = ""Administrator"""
30064771215,68719476880,REACHING_DEF,"tmp17[""email""]"
30064771215,68719476874,REACHING_DEF,"tmp17[""email""]"
30064771215,68719476877,REACHING_DEF,"tmp17[""email""]"
30064771215,30064771216,REACHING_DEF,"tmp17[""email""]"
30064771215,68719476881,REACHING_DEF,"tmp17[""email""]"
30064771215,68719476879,REACHING_DEF,"tmp17[""email""]"
30064771215,25769803802,REACHING_DEF,"tmp17[""email""]"
30064771215,124554051587,REACHING_DEF,"tmp17[""email""]"
30064771216,124554051587,REACHING_DEF,"tmp17[""email""] = ""admin@system.com"""
30064771217,68719476880,REACHING_DEF,"tmp17[""password""]"
30064771217,68719476877,REACHING_DEF,"tmp17[""password""]"
30064771217,68719476881,REACHING_DEF,"tmp17[""password""]"
30064771217,68719476879,REACHING_DEF,"tmp17[""password""]"
30064771217,25769803802,REACHING_DEF,"tmp17[""password""]"
30064771217,30064771219,REACHING_DEF,"tmp17[""password""]"
30064771217,124554051587,REACHING_DEF,"tmp17[""password""]"
30064771218,30064771217,REACHING_DEF,"_hash(""admin123"", admin_salt)"
30064771218,30064771219,REACHING_DEF,"_hash(""admin123"", admin_salt)"
30064771218,124554051587,REACHING_DEF,"_hash(""admin123"", admin_salt)"
30064771219,124554051587,REACHING_DEF,"tmp17[""password""] = _hash(""admin123"", admin_salt)"
30064771220,68719476880,REACHING_DEF,"tmp17[""salt""]"
30064771220,68719476881,REACHING_DEF,"tmp17[""salt""]"
30064771220,30064771221,REACHING_DEF,"tmp17[""salt""]"
30064771220,68719476879,REACHING_DEF,"tmp17[""salt""]"
30064771220,25769803802,REACHING_DEF,"tmp17[""salt""]"
30064771220,124554051587,REACHING_DEF,"tmp17[""salt""]"
30064771221,124554051587,REACHING_DEF,"tmp17[""salt""] = admin_salt"
30064771222,68719476880,REACHING_DEF,"tmp17[""phone""]"
30064771222,68719476881,REACHING_DEF,"tmp17[""phone""]"
30064771222,25769803802,REACHING_DEF,"tmp17[""phone""]"
30064771222,30064771223,REACHING_DEF,"tmp17[""phone""]"
30064771222,124554051587,REACHING_DEF,"tmp17[""phone""]"
30064771223,124554051587,REACHING_DEF,"tmp17[""phone""] = ""0000000000"""
30064771224,30064771225,REACHING_DEF,"tmp17[""national_id""]"
30064771224,68719476881,REACHING_DEF,"tmp17[""national_id""]"
30064771224,25769803802,REACHING_DEF,"tmp17[""national_id""]"
30064771224,124554051587,REACHING_DEF,"tmp17[""national_id""]"
30064771225,124554051587,REACHING_DEF,"tmp17[""national_id""] = ""0000000000"""
30064771226,30064771227,REACHING_DEF,"tmp17[""is_admin""]"
30064771226,25769803802,REACHING_DEF,"tmp17[""is_admin""]"
30064771226,124554051587,REACHING_DEF,"tmp17[""is_admin""]"
30064771227,124554051587,REACHING_DEF,"tmp17[""is_admin""] = True"
30064771228,124554051587,REACHING_DEF,"admin_user = tmp17 = {}
tmp17[""id""] = 0
tmp17[""name""] = ""Administrator""
tmp17[""email""] = ""admin@system.com""
tmp17[""password""] = _hash(""admin123"", admin_salt)
tmp17[""salt""] = admin_salt
tmp17[""phone""] = ""0000000000""
tmp17[""national_id""] = ""0000000000""
tmp17[""is_admin""] = True
tmp17"
30064771230,124554051587,REACHING_DEF,users.append(admin_user)
30064771231,124554051587,REACHING_DEF,"_save(USERS_FILE, users)"
30064771232,68719476892,REACHING_DEF,os.path
30064771232,30064771233,REACHING_DEF,os.path
30064771232,124554051587,REACHING_DEF,os.path
30064771233,124554051587,REACHING_DEF,tmp18 = os.path
30064771235,25769803804,REACHING_DEF,os.path.exists(RESERVATIONS_FILE)
30064771235,124554051587,REACHING_DEF,os.path.exists(RESERVATIONS_FILE)
30064771236,124554051587,REACHING_DEF,"not tmp18 = os.path
os.path.exists(RESERVATIONS_FILE)"
30064771237,68719476895,REACHING_DEF,[]
30064771237,30064771238,REACHING_DEF,[]
30064771237,124554051587,REACHING_DEF,[]
30064771238,124554051587,REACHING_DEF,"_save(RESERVATIONS_FILE, [])"
30064771239,124554051584,REACHING_DEF,init_data = def init_data(...)
30064771240,68719476900,REACHING_DEF,input(prompt)
30064771240,30064771241,REACHING_DEF,input(prompt)
30064771240,124554051588,REACHING_DEF,input(prompt)
30064771241,124554051588,REACHING_DEF,tmp19 = input(prompt)
30064771243,25769803807,REACHING_DEF,input(prompt).strip()
30064771243,124554051588,REACHING_DEF,input(prompt).strip()
30064771244,124554051588,REACHING_DEF,"value = tmp19 = input(prompt)
input(prompt).strip()"
30064771245,124554051588,REACHING_DEF,not value
30064771246,124554051588,REACHING_DEF,"print(""This field cannot be empty."")"
30064771247,30064771248,REACHING_DEF,validator(value)
30064771247,124554051588,REACHING_DEF,validator(value)
30064771248,68719476906,REACHING_DEF,not validator(value)
30064771248,30064771249,REACHING_DEF,not validator(value)
30064771248,124554051588,REACHING_DEF,not validator(value)
30064771249,124554051588,REACHING_DEF,validator and not validator(value)
30064771250,124554051588,REACHING_DEF,print(error_msg)
30064771251,124554051584,REACHING_DEF,_ask = def _ask(...)
30064771252,68719476915,REACHING_DEF,input(prompt)
30064771252,30064771253,REACHING_DEF,input(prompt)
30064771252,124554051589,REACHING_DEF,input(prompt)
30064771253,124554051589,REACHING_DEF,tmp20 = input(prompt)
30064771255,25769803812,REACHING_DEF,input(prompt).strip()
30064771255,124554051589,REACHING_DEF,input(prompt).strip()
30064771256,124554051589,REACHING_DEF,"raw = tmp20 = input(prompt)
input(prompt).strip()"
30064771258,124554051589,REACHING_DEF,raw.isdigit()
30064771259,141733920772,REACHING_DEF,int(raw)
30064771259,124554051589,REACHING_DEF,int(raw)
30064771260,124554051589,REACHING_DEF,"print(""Please enter a valid number."")"
30064771261,124554051584,REACHING_DEF,_ask_int = def _ask_int(...)
30064771262,68719476927,REACHING_DEF,input(prompt)
30064771262,30064771263,REACHING_DEF,input(prompt)
30064771262,124554051590,REACHING_DEF,input(prompt)
30064771263,124554051590,REACHING_DEF,tmp21 = input(prompt)
30064771265,25769803816,REACHING_DEF,input(prompt).strip()
30064771265,124554051590,REACHING_DEF,input(prompt).strip()
30064771266,124554051590,REACHING_DEF,"raw = tmp21 = input(prompt)
input(prompt).strip()"
30064771267,68719476932,REACHING_DEF,datetime.date
30064771267,68719476933,REACHING_DEF,datetime.date
30064771267,30064771268,REACHING_DEF,datetime.date
30064771267,124554051590,REACHING_DEF,datetime.date
30064771268,124554051590,REACHING_DEF,tmp22 = datetime.date
30064771270,124554051590,REACHING_DEF,datetime.date.fromisoformat(raw)
30064771271,124554051590,REACHING_DEF,"print(""Invalid date. Use YYYY-MM-DD format."")"
30064771272,124554051584,REACHING_DEF,_ask_date = def _ask_date(...)
30064771273,30064771274,REACHING_DEF,{prompt}
30064771273,124554051591,REACHING_DEF,{prompt}
30064771274,30064771275,REACHING_DEF,"f""{prompt} (y/n): """
30064771274,124554051591,REACHING_DEF,"f""{prompt} (y/n): """
30064771275,68719476941,REACHING_DEF,"input(f""{prompt} (y/n): "")"
30064771275,30064771276,REACHING_DEF,"input(f""{prompt} (y/n): "")"
30064771275,124554051591,REACHING_DEF,"input(f""{prompt} (y/n): "")"
30064771276,124554051591,REACHING_DEF,"tmp24 = input(f""{prompt} (y/n): "")"
30064771278,25769803823,REACHING_DEF,"input(f""{prompt} (y/n): "").strip()"
30064771278,124554051591,REACHING_DEF,"input(f""{prompt} (y/n): "").strip()"
30064771279,124554051591,REACHING_DEF,"tmp23 = tmp24 = input(f""{prompt} (y/n): "")
input(f""{prompt} (y/n): "").strip()"
30064771281,25769803824,REACHING_DEF,"input(f""{prompt} (y/n): "").strip().lower()"
30064771281,124554051591,REACHING_DEF,"input(f""{prompt} (y/n): "").strip().lower()"
30064771282,141733920774,REACHING_DEF,"tmp23 = tmp24 = input(f""{prompt} (y/n): "")
input(f""{prompt} (y/n): "").strip()
input(f""{prompt} (y/n): "").strip().lower() == ""y"""
30064771282,124554051591,REACHING_DEF,"tmp23 = tmp24 = input(f""{prompt} (y/n): "")
input(f""{prompt} (y/n): "").strip()
input(f""{prompt} (y/n): "").strip().lower() == ""y"""
30064771283,124554051584,REACHING_DEF,_confirm = def _confirm(...)
30064771284,68719476950,REACHING_DEF,password + salt
30064771284,30064771285,REACHING_DEF,password + salt
30064771284,124554051592,REACHING_DEF,password + salt
30064771285,124554051592,REACHING_DEF,tmp26 = password + salt
30064771287,25769803826,REACHING_DEF,password + salt.encode()
30064771287,124554051592,REACHING_DEF,password + salt.encode()
30064771289,68719476955,REACHING_DEF,hashlib.sha256(password + salt.encode())
30064771289,30064771290,REACHING_DEF,hashlib.sha256(password + salt.encode())
30064771289,124554051592,REACHING_DEF,hashlib.sha256(password + salt.encode())
30064771290,124554051592,REACHING_DEF,tmp25 = hashlib.sha256(password + salt.encode())
30064771292,25769803827,REACHING_DEF,hashlib.sha256(password + salt.encode()).hexdigest()
30064771292,124554051592,REACHING_DEF,hashlib.sha256(password + salt.encode()).hexdigest()
30064771293,124554051584,REACHING_DEF,_hash = def _hash(...)
30064771295,30064771296,REACHING_DEF,"re.match(r""^[\w.\-+]+@[\w\-]+\.[a-zA-Z]{2,}$"", email)"
30064771295,124554051593,REACHING_DEF,"re.match(r""^[\w.\-+]+@[\w\-]+\.[a-zA-Z]{2,}$"", email)"
30064771296,141733920776,REACHING_DEF,"bool(re.match(r""^[\w.\-+]+@[\w\-]+\.[a-zA-Z]{2,}$"", email))"
30064771296,124554051593,REACHING_DEF,"bool(re.match(r""^[\w.\-+]+@[\w\-]+\.[a-zA-Z]{2,}$"", email))"
30064771297,124554051584,REACHING_DEF,_valid_email = def _valid_email(...)
30064771299,30064771300,REACHING_DEF,"re.match(r""^\+?[\d\s\-]{7,15}$"", phone)"
30064771299,124554051594,REACHING_DEF,"re.match(r""^\+?[\d\s\-]{7,15}$"", phone)"
30064771300,141733920777,REACHING_DEF,"bool(re.match(r""^\+?[\d\s\-]{7,15}$"", phone))"
30064771300,124554051594,REACHING_DEF,"bool(re.match(r""^\+?[\d\s\-]{7,15}$"", phone))"
30064771301,124554051584,REACHING_DEF,_valid_phone = def _valid_phone(...)
30064771303,30064771304,REACHING_DEF,"re.match(r""^\d{10,20}$"", nid)"
30064771303,124554051595,REACHING_DEF,"re.match(r""^\d{10,20}$"", nid)"
30064771304,141733920778,REACHING_DEF,"bool(re.match(r""^\d{10,20}$"", nid))"
30064771304,124554051595,REACHING_DEF,"bool(re.match(r""^\d{10,20}$"", nid))"
30064771305,124554051584,REACHING_DEF,_valid_national_id = def _valid_national_id(...)
30064771306,124554051596,REACHING_DEF,"print(""\n── Register ──────────────────────────────────"")"
30064771307,68719476976,REACHING_DEF,"_ask(""Full name: "")"
30064771307,30064771308,REACHING_DEF,"_ask(""Full name: "")"
30064771307,124554051596,REACHING_DEF,"_ask(""Full name: "")"
30064771308,124554051596,REACHING_DEF,"name = _ask(""Full name: "")"
30064771309,68719476979,REACHING_DEF,"_ask(""Email: "", _valid_email, ""Enter a valid email address."")"
30064771309,30064771310,REACHING_DEF,"_ask(""Email: "", _valid_email, ""Enter a valid email address."")"
30064771309,124554051596,REACHING_DEF,"_ask(""Email: "", _valid_email, ""Enter a valid email address."")"
30064771310,124554051596,REACHING_DEF,"email = _ask(""Email: "", _valid_email, ""Enter a valid email address."")"
30064771311,68719476982,REACHING_DEF,"_ask(""Phone: "", _valid_phone, ""Enter a valid phone number (7-15 digits)."")"
30064771311,30064771312,REACHING_DEF,"_ask(""Phone: "", _valid_phone, ""Enter a valid phone number (7-15 digits)."")"
30064771311,124554051596,REACHING_DEF,"_ask(""Phone: "", _valid_phone, ""Enter a valid phone number (7-15 digits)."")"
30064771312,124554051596,REACHING_DEF,"phone = _ask(""Phone: "", _valid_phone, ""Enter a valid phone number (7-15 digits)."")"
30064771313,68719476985,REACHING_DEF,"_ask(""National ID: "", _valid_national_id, ""National ID must be 10-20 digits."")"
30064771313,30064771314,REACHING_DEF,"_ask(""National ID: "", _valid_national_id, ""National ID must be 10-20 digits."")"
30064771313,124554051596,REACHING_DEF,"_ask(""National ID: "", _valid_national_id, ""National ID must be 10-20 digits."")"
30064771314,124554051596,REACHING_DEF,"national_id = _ask(""National ID: "", _valid_national_id, ""National ID must be 10-20 digits."")"
30064771315,30064771316,REACHING_DEF,len(p)
30064771315,124554051597,REACHING_DEF,len(p)
30064771316,141733920779,REACHING_DEF,len(p) >= 6
30064771316,124554051597,REACHING_DEF,len(p) >= 6
30064771317,68719476989,REACHING_DEF,"_ask(""Password (min 6 chars): "", lambda p: len(p) >= 6, ""Password must be at least 6 characters."")"
30064771317,30064771318,REACHING_DEF,"_ask(""Password (min 6 chars): "", lambda p: len(p) >= 6, ""Password must be at least 6 characters."")"
30064771317,124554051596,REACHING_DEF,"_ask(""Password (min 6 chars): "", lambda p: len(p) >= 6, ""Password must be at least 6 characters."")"
30064771318,124554051596,REACHING_DEF,"password = _ask(""Password (min 6 chars): "", lambda p: len(p) >= 6, ""Password must be at least 6 characters."")"
30064771319,68719476992,REACHING_DEF,_load(USERS_FILE)
30064771319,30064771320,REACHING_DEF,_load(USERS_FILE)
30064771319,124554051596,REACHING_DEF,_load(USERS_FILE)
30064771320,124554051596,REACHING_DEF,users = _load(USERS_FILE)
30064771321,68719476993,REACHING_DEF,<operator>.genExp
30064771321,30064771322,REACHING_DEF,<operator>.genExp
30064771321,124554051596,REACHING_DEF,<operator>.genExp
30064771322,124554051596,REACHING_DEF,tmp27 = <operator>.genExp
30064771323,68719476995,REACHING_DEF,"u[""email""]"
30064771323,30064771324,REACHING_DEF,"u[""email""]"
30064771323,68719477008,REACHING_DEF,"u[""email""]"
30064771323,68719476994,REACHING_DEF,"u[""email""]"
30064771323,124554051596,REACHING_DEF,"u[""email""]"
30064771324,68719476997,REACHING_DEF,"u[""email""] == email"
30064771324,30064771326,REACHING_DEF,"u[""email""] == email"
30064771324,124554051596,REACHING_DEF,"u[""email""] == email"
30064771326,124554051596,REACHING_DEF,"tmp27.append(u[""email""] == email)"
30064771328,68719477000,REACHING_DEF,users.__iter__()
30064771328,30064771329,REACHING_DEF,users.__iter__()
30064771328,124554051596,REACHING_DEF,users.__iter__()
30064771329,124554051596,REACHING_DEF,tmp28 = users.__iter__()
30064771331,68719477003,REACHING_DEF,tmp28.__next__()
30064771331,30064771332,REACHING_DEF,tmp28.__next__()
30064771331,124554051596,REACHING_DEF,tmp28.__next__()
30064771332,124554051596,REACHING_DEF,u = tmp28.__next__()
30064771333,124554051596,REACHING_DEF,"any(u[""email""] == email for u in users)"
30064771334,124554051596,REACHING_DEF,"print(""An account with that email already exists."")"
30064771335,68719477007,REACHING_DEF,<operator>.genExp
30064771335,30064771336,REACHING_DEF,<operator>.genExp
30064771337,68719477008,REACHING_DEF,"u[""id""]"
30064771337,68719477010,REACHING_DEF,"u[""id""]"
30064771337,30064771339,REACHING_DEF,"u[""id""]"
30064771341,68719477013,REACHING_DEF,users.__iter__()
30064771341,30064771342,REACHING_DEF,users.__iter__()
30064771344,68719477016,REACHING_DEF,tmp30.__next__()
30064771344,30064771345,REACHING_DEF,tmp30.__next__()
30064771346,30064771347,REACHING_DEF,"max(u[""id""] for u in users)"
30064771347,68719477019,REACHING_DEF,"max(u[""id""] for u in users) + 1"
30064771347,30064771348,REACHING_DEF,"max(u[""id""] for u in users) + 1"
30064771350,68719477022,REACHING_DEF,os.urandom(16)
30064771350,30064771351,REACHING_DEF,os.urandom(16)
30064771353,25769803840,REACHING_DEF,os.urandom(16).hex()
30064771355,68719477026,REACHING_DEF,{}
30064771355,30064771356,REACHING_DEF,{}
30064771357,68719477039,REACHING_DEF,"tmp32[""id""]"
30064771357,25769803841,REACHING_DEF,"tmp32[""id""]"
30064771357,68719477031,REACHING_DEF,"tmp32[""id""]"
30064771357,68719477041,REACHING_DEF,"tmp32[""id""]"
30064771357,68719477033,REACHING_DEF,"tmp32[""id""]"
30064771357,68719477029,REACHING_DEF,"tmp32[""id""]"
30064771357,30064771358,REACHING_DEF,"tmp32[""id""]"
30064771357,68719477037,REACHING_DEF,"tmp32[""id""]"
30064771359,68719477039,REACHING_DEF,"tmp32[""name""]"
30064771359,30064771360,REACHING_DEF,"tmp32[""name""]"
30064771359,25769803841,REACHING_DEF,"tmp32[""name""]"
30064771359,68719477031,REACHING_DEF,"tmp32[""name""]"
30064771359,68719477041,REACHING_DEF,"tmp32[""name""]"
30064771359,68719477033,REACHING_DEF,"tmp32[""name""]"
30064771359,68719477037,REACHING_DEF,"tmp32[""name""]"
30064771361,68719477039,REACHING_DEF,"tmp32[""email""]"
30064771361,25769803841,REACHING_DEF,"tmp32[""email""]"
30064771361,68719477041,REACHING_DEF,"tmp32[""email""]"
30064771361,30064771362,REACHING_DEF,"tmp32[""email""]"
30064771361,68719477033,REACHING_DEF,"tmp32[""email""]"
30064771361,68719477037,REACHING_DEF,"tmp32[""email""]"
30064771363,68719477039,REACHING_DEF,"tmp32[""password""]"
30064771363,30064771365,REACHING_DEF,"tmp32[""password""]"
30064771363,25769803841,REACHING_DEF,"tmp32[""password""]"
30064771363,68719477041,REACHING_DEF,"tmp32[""password""]"
30064771363,68719477037,REACHING_DEF,"tmp32[""password""]"
30064771364,30064771363,REACHING_DEF,"_hash(password, salt)"
30064771364,30064771365,REACHING_DEF,"_hash(password, salt)"
30064771366,68719477039,REACHING_DEF,"tmp32[""salt""]"
30064771366,30064771367,REACHING_DEF,"tmp32[""salt""]"
30064771366,25769803841,REACHING_DEF,"tmp32[""salt""]"
30064771366,68719477041,REACHING_DEF,"tmp32[""salt""]"
30064771368,25769803841,REACHING_DEF,"tmp32[""phone""]"
30064771368,68719477041,REACHING_DEF,"tmp32[""phone""]"
30064771368,30064771369,REACHING_DEF,"tmp32[""phone""]"
30064771370,25769803841,REACHING_DEF,"tmp32[""national_id""]"
30064771370,30064771371,REACHING_DEF,"tmp32[""national_id""]"
30064771375,30064771376,REACHING_DEF,{user_id}
30064771376,30064771377,REACHING_DEF,"f""Registered successfully! Your user ID is {user_id}."""
30064771378,124554051584,REACHING_DEF,register_user = def register_user(...)
30064771379,124554051598,REACHING_DEF,"print(""\n── Admin Login ───────────────────────────────"")"
30064771380,68719477054,REACHING_DEF,"input(""Admin password: "")"
30064771380,30064771381,REACHING_DEF,"input(""Admin password: "")"
30064771380,124554051598,REACHING_DEF,"input(""Admin password: "")"
30064771381,124554051598,REACHING_DEF,"password = input(""Admin password: "")"
30064771382,68719477057,REACHING_DEF,_load(USERS_FILE)
30064771382,30064771383,REACHING_DEF,_load(USERS_FILE)
30064771382,124554051598,REACHING_DEF,_load(USERS_FILE)
30064771383,124554051598,REACHING_DEF,users = _load(USERS_FILE)
30064771384,68719477058,REACHING_DEF,<operator>.genExp
30064771384,30064771385,REACHING_DEF,<operator>.genExp
30064771384,124554051598,REACHING_DEF,<operator>.genExp
30064771385,124554051598,REACHING_DEF,tmp33 = <operator>.genExp
30064771387,124554051598,REACHING_DEF,tmp33.append(u)
30064771389,68719477064,REACHING_DEF,users.__iter__()
30064771389,30064771390,REACHING_DEF,users.__iter__()
30064771389,124554051598,REACHING_DEF,users.__iter__()
30064771390,124554051598,REACHING_DEF,tmp34 = users.__iter__()
30064771392,68719477067,REACHING_DEF,tmp34.__next__()
30064771392,30064771393,REACHING_DEF,tmp34.__next__()
30064771392,124554051598,REACHING_DEF,tmp34.__next__()
30064771393,124554051598,REACHING_DEF,u = tmp34.__next__()
30064771395,30064771396,REACHING_DEF,"u.get(""is_admin"")"
30064771395,124554051598,REACHING_DEF,"u.get(""is_admin"")"
30064771396,124554051598,REACHING_DEF,"not u.get(""is_admin"")"
30064771397,68719477072,REACHING_DEF,"next((u for u in users if u.get(""is_admin"")), None)"
30064771397,30064771398,REACHING_DEF,"next((u for u in users if u.get(""is_admin"")), None)"
30064771397,124554051598,REACHING_DEF,"next((u for u in users if u.get(""is_admin"")), None)"
30064771398,124554051598,REACHING_DEF,"admin = next((u for u in users if u.get(""is_admin"")), None)"
30064771400,68719477076,REACHING_DEF,"admin.get(""salt"", """")"
30064771400,30064771401,REACHING_DEF,"admin.get(""salt"", """")"
30064771400,124554051598,REACHING_DEF,"admin.get(""salt"", """")"
30064771401,124554051598,REACHING_DEF,"salt = admin.get(""salt"", """")"
30064771402,30064771403,REACHING_DEF,"admin[""password""]"
30064771402,30064771404,REACHING_DEF,"admin[""password""]"
30064771402,68719477074,REACHING_DEF,"admin[""password""]"
30064771402,68719477077,REACHING_DEF,"admin[""password""]"
30064771402,68719477075,REACHING_DEF,"admin[""password""]"
30064771402,124554051598,REACHING_DEF,"admin[""password""]"
30064771403,30064771402,REACHING_DEF,"_hash(password, salt)"
30064771403,30064771404,REACHING_DEF,"_hash(password, salt)"
30064771403,124554051598,REACHING_DEF,"_hash(password, salt)"
30064771404,124554051598,REACHING_DEF,"admin[""password""] == _hash(password, salt)"
30064771405,124554051598,REACHING_DEF,"print(""Login successful."")"
30064771406,30064771407,REACHING_DEF,{attempt}
30064771406,30064771408,REACHING_DEF,{attempt}
30064771406,124554051598,REACHING_DEF,{attempt}
30064771407,30064771406,REACHING_DEF,{MAX_LOGIN_ATTEMPTS}
30064771407,30064771408,REACHING_DEF,{MAX_LOGIN_ATTEMPTS}
30064771407,124554051598,REACHING_DEF,{MAX_LOGIN_ATTEMPTS}
30064771408,30064771409,REACHING_DEF,"f""Wrong password. ({attempt}/{MAX_LOGIN_ATTEMPTS})"""
30064771408,124554051598,REACHING_DEF,"f""Wrong password. ({attempt}/{MAX_LOGIN_ATTEMPTS})"""
30064771409,124554051598,REACHING_DEF,"print(f""Wrong password. ({attempt}/{MAX_LOGIN_ATTEMPTS})"")"
30064771410,30064771411,REACHING_DEF,MAX_LOGIN_ATTEMPTS + 1
30064771410,124554051598,REACHING_DEF,MAX_LOGIN_ATTEMPTS + 1
30064771411,68719477087,REACHING_DEF,"range(1, MAX_LOGIN_ATTEMPTS + 1)"
30064771411,30064771412,REACHING_DEF,"range(1, MAX_LOGIN_ATTEMPTS + 1)"
30064771411,124554051598,REACHING_DEF,"range(1, MAX_LOGIN_ATTEMPTS + 1)"
30064771412,124554051598,REACHING_DEF,"tmp36 = range(1, MAX_LOGIN_ATTEMPTS + 1)"
30064771414,25769803849,REACHING_DEF,tmp36.__iter__()
30064771414,124554051598,REACHING_DEF,tmp36.__iter__()
30064771415,124554051598,REACHING_DEF,"tmp35 = tmp36 = range(1, MAX_LOGIN_ATTEMPTS + 1)
tmp36.__iter__()"
30064771417,68719477093,REACHING_DEF,tmp35.__next__()
30064771417,30064771418,REACHING_DEF,tmp35.__next__()
30064771417,124554051598,REACHING_DEF,tmp35.__next__()
30064771418,124554051598,REACHING_DEF,attempt = tmp35.__next__()
30064771420,124554051584,REACHING_DEF,login_admin = def login_admin(...)
30064771421,124554051599,REACHING_DEF,"print(""\n── User Login ────────────────────────────────"")"
30064771422,68719477098,REACHING_DEF,"input(""Email: "")"
30064771422,30064771423,REACHING_DEF,"input(""Email: "")"
30064771422,124554051599,REACHING_DEF,"input(""Email: "")"
30064771423,124554051599,REACHING_DEF,"tmp37 = input(""Email: "")"
30064771425,25769803853,REACHING_DEF,"input(""Email: "").strip()"
30064771425,124554051599,REACHING_DEF,"input(""Email: "").strip()"
30064771426,124554051599,REACHING_DEF,"email = tmp37 = input(""Email: "")
input(""Email: "").strip()"
30064771427,68719477103,REACHING_DEF,"input(""Password: "")"
30064771427,30064771428,REACHING_DEF,"input(""Password: "")"
30064771427,124554051599,REACHING_DEF,"input(""Password: "")"
30064771428,124554051599,REACHING_DEF,"password = input(""Password: "")"
30064771429,68719477106,REACHING_DEF,_load(USERS_FILE)
30064771429,30064771430,REACHING_DEF,_load(USERS_FILE)
30064771429,124554051599,REACHING_DEF,_load(USERS_FILE)
30064771430,124554051599,REACHING_DEF,users = _load(USERS_FILE)
30064771432,30064771433,REACHING_DEF,"user.get(""is_admin"")"
30064771432,124554051599,REACHING_DEF,"user.get(""is_admin"")"
30064771433,30064771435,REACHING_DEF,"not user.get(""is_admin"")"
30064771433,30064771436,REACHING_DEF,"not user.get(""is_admin"")"
30064771433,124554051599,REACHING_DEF,"not user.get(""is_admin"")"
30064771434,68719477108,REACHING_DEF,"user[""email""]"
30064771434,68719477111,REACHING_DEF,"user[""email""]"
30064771434,68719477107,REACHING_DEF,"user[""email""]"
30064771434,68719477112,REACHING_DEF,"user[""email""]"
30064771434,68719477109,REACHING_DEF,"user[""email""]"
30064771434,68719477120,REACHING_DEF,"user[""email""]"
30064771434,68719477110,REACHING_DEF,"user[""email""]"
30064771434,30064771435,REACHING_DEF,"user[""email""]"
30064771434,68719477118,REACHING_DEF,"user[""email""]"
30064771434,68719477114,REACHING_DEF,"user[""email""]"
30064771434,124554051599,REACHING_DEF,"user[""email""]"
30064771435,30064771433,REACHING_DEF,"user[""email""] == email"
30064771435,30064771436,REACHING_DEF,"user[""email""] == email"
30064771435,124554051599,REACHING_DEF,"user[""email""] == email"
30064771436,124554051599,REACHING_DEF,"not user.get(""is_admin"") and user[""email""] == email"
30064771438,68719477113,REACHING_DEF,"user.get(""salt"", """")"
30064771438,30064771439,REACHING_DEF,"user.get(""salt"", """")"
30064771438,124554051599,REACHING_DEF,"user.get(""salt"", """")"
30064771439,124554051599,REACHING_DEF,"salt = user.get(""salt"", """")"
30064771440,68719477108,REACHING_DEF,"user[""password""]"
30064771440,68719477111,REACHING_DEF,"user[""password""]"
30064771440,68719477107,REACHING_DEF,"user[""password""]"
30064771440,30064771441,REACHING_DEF,"user[""password""]"
30064771440,30064771442,REACHING_DEF,"user[""password""]"
30064771440,68719477112,REACHING_DEF,"user[""password""]"
30064771440,68719477109,REACHING_DEF,"user[""password""]"
30064771440,68719477120,REACHING_DEF,"user[""password""]"
30064771440,68719477118,REACHING_DEF,"user[""password""]"
30064771440,68719477114,REACHING_DEF,"user[""password""]"
30064771440,124554051599,REACHING_DEF,"user[""password""]"
30064771441,30064771440,REACHING_DEF,"_hash(password, salt)"
30064771441,30064771442,REACHING_DEF,"_hash(password, salt)"
30064771441,124554051599,REACHING_DEF,"_hash(password, salt)"
30064771442,124554051599,REACHING_DEF,"user[""password""] == _hash(password, salt)"
30064771443,30064771444,REACHING_DEF,user['name']
30064771443,68719477120,REACHING_DEF,user['name']
30064771443,124554051599,REACHING_DEF,user['name']
30064771444,30064771445,REACHING_DEF,{user['name']}
30064771444,124554051599,REACHING_DEF,{user['name']}
30064771445,30064771446,REACHING_DEF,"f""Welcome, {user['name']}!"""
30064771445,124554051599,REACHING_DEF,"f""Welcome, {user['name']}!"""
30064771446,124554051599,REACHING_DEF,"print(f""Welcome, {user['name']}!"")"
30064771448,68719477123,REACHING_DEF,users.__iter__()
30064771448,30064771449,REACHING_DEF,users.__iter__()
30064771448,124554051599,REACHING_DEF,users.__iter__()
30064771449,124554051599,REACHING_DEF,tmp38 = users.__iter__()
30064771451,68719477126,REACHING_DEF,tmp38.__next__()
30064771451,30064771452,REACHING_DEF,tmp38.__next__()
30064771451,124554051599,REACHING_DEF,tmp38.__next__()
30064771452,124554051599,REACHING_DEF,user = tmp38.__next__()
30064771453,30064771454,REACHING_DEF,{attempt}
30064771453,30064771455,REACHING_DEF,{attempt}
30064771453,124554051599,REACHING_DEF,{attempt}
30064771454,30064771453,REACHING_DEF,{MAX_LOGIN_ATTEMPTS}
30064771454,30064771455,REACHING_DEF,{MAX_LOGIN_ATTEMPTS}
30064771454,124554051599,REACHING_DEF,{MAX_LOGIN_ATTEMPTS}
30064771455,30064771456,REACHING_DEF,"f""Wrong email or password. ({attempt}/{MAX_LOGIN_ATTEMPTS})"""
30064771455,124554051599,REACHING_DEF,"f""Wrong email or password. ({attempt}/{MAX_LOGIN_ATTEMPTS})"""
30064771456,124554051599,REACHING_DEF,"print(f""Wrong email or password. ({attempt}/{MAX_LOGIN_ATTEMPTS})"")"
30064771457,30064771458,REACHING_DEF,MAX_LOGIN_ATTEMPTS + 1
30064771457,124554051599,REACHING_DEF,MAX_LOGIN_ATTEMPTS + 1
30064771458,68719477132,REACHING_DEF,"range(1, MAX_LOGIN_ATTEMPTS + 1)"
30064771458,30064771459,REACHING_DEF,"range(1, MAX_LOGIN_ATTEMPTS + 1)"
30064771458,124554051599,REACHING_DEF,"range(1, MAX_LOGIN_ATTEMPTS + 1)"
30064771459,124554051599,REACHING_DEF,"tmp40 = range(1, MAX_LOGIN_ATTEMPTS + 1)"
30064771461,25769803858,REACHING_DEF,tmp40.__iter__()
30064771461,124554051599,REACHING_DEF,tmp40.__iter__()
30064771462,124554051599,REACHING_DEF,"tmp39 = tmp40 = range(1, MAX_LOGIN_ATTEMPTS + 1)
tmp40.__iter__()"
30064771464,68719477138,REACHING_DEF,tmp39.__next__()
30064771464,30064771465,REACHING_DEF,tmp39.__next__()
30064771464,124554051599,REACHING_DEF,tmp39.__next__()
30064771465,124554051599,REACHING_DEF,attempt = tmp39.__next__()
30064771467,124554051584,REACHING_DEF,login_user = def login_user(...)
30064771468,124554051600,REACHING_DEF,"print(""\n1. Add a new center"")"
30064771469,124554051600,REACHING_DEF,"print(""2. Remove an existing center"")"
30064771470,124554051600,REACHING_DEF,"print(""3. Back"")"
30064771471,68719477145,REACHING_DEF,"input(""Choice (1-3): "")"
30064771471,30064771472,REACHING_DEF,"input(""Choice (1-3): "")"
30064771471,124554051600,REACHING_DEF,"input(""Choice (1-3): "")"
30064771472,124554051600,REACHING_DEF,"choice = input(""Choice (1-3): "")"
30064771473,124554051600,REACHING_DEF,"choice == ""1"""
30064771474,68719477148,REACHING_DEF,"_ask(""Center name: "")"
30064771474,30064771475,REACHING_DEF,"_ask(""Center name: "")"
30064771474,124554051600,REACHING_DEF,"_ask(""Center name: "")"
30064771475,124554051600,REACHING_DEF,"name = _ask(""Center name: "")"
30064771476,68719477150,REACHING_DEF,"_ask(""Address: "")"
30064771476,30064771477,REACHING_DEF,"_ask(""Address: "")"
30064771476,124554051600,REACHING_DEF,"_ask(""Address: "")"
30064771477,124554051600,REACHING_DEF,"address = _ask(""Address: "")"
30064771478,68719477151,REACHING_DEF,[]
30064771478,30064771479,REACHING_DEF,[]
30064771478,124554051600,REACHING_DEF,[]
30064771479,124554051600,REACHING_DEF,tmp41 = []
30064771481,68719477155,REACHING_DEF,v.strip()
30064771481,30064771483,REACHING_DEF,v.strip()
30064771481,124554051600,REACHING_DEF,v.strip()
30064771483,124554051600,REACHING_DEF,tmp41.append(v.strip())
30064771484,68719477157,REACHING_DEF,"_ask(""Vaccines (comma-separated): "")"
30064771484,30064771485,REACHING_DEF,"_ask(""Vaccines (comma-separated): "")"
30064771484,124554051600,REACHING_DEF,"_ask(""Vaccines (comma-separated): "")"
30064771485,124554051600,REACHING_DEF,"tmp44 = _ask(""Vaccines (comma-separated): "")"
30064771487,25769803862,REACHING_DEF,"_ask(""Vaccines (comma-separated): "").split("","")"
30064771487,124554051600,REACHING_DEF,"_ask(""Vaccines (comma-separated): "").split("","")"
30064771488,124554051600,REACHING_DEF,"tmp43 = tmp44 = _ask(""Vaccines (comma-separated): "")
_ask(""Vaccines (comma-separated): "").split("","")"
30064771490,25769803863,REACHING_DEF,tmp43.__iter__()
30064771490,124554051600,REACHING_DEF,tmp43.__iter__()
30064771491,124554051600,REACHING_DEF,"tmp42 = tmp43 = tmp44 = _ask(""Vaccines (comma-separated): "")
_ask(""Vaccines (comma-separated): "").split("","")
tmp43.__iter__()"
30064771493,68719477166,REACHING_DEF,tmp42.__next__()
30064771493,30064771494,REACHING_DEF,tmp42.__next__()
30064771493,124554051600,REACHING_DEF,tmp42.__next__()
30064771494,124554051600,REACHING_DEF,v = tmp42.__next__()
30064771496,30064771497,REACHING_DEF,v.strip()
30064771496,124554051600,REACHING_DEF,v.strip()
30064771497,124554051600,REACHING_DEF,not v.strip()
30064771498,124554051600,REACHING_DEF,"vaccines = tmp41 = []
tmp42 = tmp43 = tmp44 = _ask(""Vaccines (comma-separated): "")
_ask(""Vaccines (comma-separated): "").split("","")
tmp43.__iter__()
while ... : ...
tmp41"
30064771499,124554051600,REACHING_DEF,not vaccines
30064771500,124554051600,REACHING_DEF,"print(""You must enter at least one vaccine."")"
30064771501,68719477175,REACHING_DEF,_load(CENTERS_FILE)
30064771501,30064771502,REACHING_DEF,_load(CENTERS_FILE)
30064771503,68719477176,REACHING_DEF,<operator>.genExp
30064771503,30064771504,REACHING_DEF,<operator>.genExp
30064771505,68719477177,REACHING_DEF,"c[""id""]"
30064771505,68719477179,REACHING_DEF,"c[""id""]"
30064771505,30064771507,REACHING_DEF,"c[""id""]"
30064771509,68719477182,REACHING_DEF,centers.__iter__()
30064771509,30064771510,REACHING_DEF,centers.__iter__()
30064771512,68719477185,REACHING_DEF,tmp46.__next__()
30064771512,30064771513,REACHING_DEF,tmp46.__next__()
30064771514,30064771515,REACHING_DEF,"max(c[""id""] for c in centers)"
30064771515,68719477188,REACHING_DEF,"max(c[""id""] for c in centers) + 1"
30064771515,30064771516,REACHING_DEF,"max(c[""id""] for c in centers) + 1"
30064771517,68719477189,REACHING_DEF,{}
30064771517,30064771518,REACHING_DEF,{}
30064771519,30064771520,REACHING_DEF,"tmp47[""id""]"
30064771519,68719477196,REACHING_DEF,"tmp47[""id""]"
30064771519,25769803872,REACHING_DEF,"tmp47[""id""]"
30064771519,68719477192,REACHING_DEF,"tmp47[""id""]"
30064771519,68719477194,REACHING_DEF,"tmp47[""id""]"
30064771521,68719477196,REACHING_DEF,"tmp47[""name""]"
30064771521,25769803872,REACHING_DEF,"tmp47[""name""]"
30064771521,30064771522,REACHING_DEF,"tmp47[""name""]"
30064771521,68719477194,REACHING_DEF,"tmp47[""name""]"
30064771523,68719477196,REACHING_DEF,"tmp47[""address""]"
30064771523,25769803872,REACHING_DEF,"tmp47[""address""]"
30064771523,30064771524,REACHING_DEF,"tmp47[""address""]"
30064771525,25769803872,REACHING_DEF,"tmp47[""vaccines""]"
30064771525,30064771526,REACHING_DEF,"tmp47[""vaccines""]"
30064771530,30064771531,REACHING_DEF,{name}
30064771530,30064771532,REACHING_DEF,{name}
30064771531,30064771530,REACHING_DEF,{new_id}
30064771531,30064771532,REACHING_DEF,{new_id}
30064771532,30064771533,REACHING_DEF,"f""Center '{name}' added with ID {new_id}."""
30064771535,68719477210,REACHING_DEF,_load(CENTERS_FILE)
30064771535,30064771536,REACHING_DEF,_load(CENTERS_FILE)
30064771539,68719477214,REACHING_DEF,"_ask_int(""Enter center ID to remove: "")"
30064771539,30064771540,REACHING_DEF,"_ask_int(""Enter center ID to remove: "")"
30064771541,68719477215,REACHING_DEF,<operator>.genExp
30064771541,30064771542,REACHING_DEF,<operator>.genExp
30064771546,68719477221,REACHING_DEF,centers.__iter__()
30064771546,30064771547,REACHING_DEF,centers.__iter__()
30064771549,68719477224,REACHING_DEF,tmp49.__next__()
30064771549,30064771550,REACHING_DEF,tmp49.__next__()
30064771551,68719477226,REACHING_DEF,"c[""id""]"
30064771551,30064771552,REACHING_DEF,"c[""id""]"
30064771551,30064771590,REACHING_DEF,"c[""id""]"
30064771551,68719477263,REACHING_DEF,"c[""id""]"
30064771551,68719477225,REACHING_DEF,"c[""id""]"
30064771551,68719477216,REACHING_DEF,"c[""id""]"
30064771552,30064771553,REACHING_DEF,"c[""id""] == center_id"
30064771554,68719477229,REACHING_DEF,"next((c for c in centers if c[""id""] == center_id), None)"
30064771554,30064771555,REACHING_DEF,"next((c for c in centers if c[""id""] == center_id), None)"
30064771558,68719477234,REACHING_DEF,_load(RESERVATIONS_FILE)
30064771558,30064771559,REACHING_DEF,_load(RESERVATIONS_FILE)
30064771560,68719477235,REACHING_DEF,<operator>.genExp
30064771560,30064771561,REACHING_DEF,<operator>.genExp
30064771562,68719477236,REACHING_DEF,"r[""center_id""]"
30064771562,68719477237,REACHING_DEF,"r[""center_id""]"
30064771562,30064771563,REACHING_DEF,"r[""center_id""]"
30064771563,68719477239,REACHING_DEF,"r[""center_id""] == center_id"
30064771563,30064771565,REACHING_DEF,"r[""center_id""] == center_id"
30064771567,68719477242,REACHING_DEF,reservations.__iter__()
30064771567,30064771568,REACHING_DEF,reservations.__iter__()
30064771570,68719477245,REACHING_DEF,tmp51.__next__()
30064771570,30064771571,REACHING_DEF,tmp51.__next__()
30064771574,30064771575,REACHING_DEF,target['name']
30064771575,30064771576,REACHING_DEF,{target['name']}
30064771576,30064771577,REACHING_DEF,"f""Remove '{target['name']}'?"""
30064771577,30064771578,REACHING_DEF,"_confirm(f""Remove '{target['name']}'?"")"
30064771580,68719477253,REACHING_DEF,[]
30064771580,30064771581,REACHING_DEF,[]
30064771585,68719477259,REACHING_DEF,centers.__iter__()
30064771585,30064771586,REACHING_DEF,centers.__iter__()
30064771588,68719477262,REACHING_DEF,tmp53.__next__()
30064771588,30064771589,REACHING_DEF,tmp53.__next__()
30064771590,68719477264,REACHING_DEF,"c[""id""]"
30064771590,30064771591,REACHING_DEF,"c[""id""]"
30064771590,68719477263,REACHING_DEF,"c[""id""]"
30064771590,68719477254,REACHING_DEF,"c[""id""]"
30064771591,30064771592,REACHING_DEF,"c[""id""] != center_id"
30064771597,124554051584,REACHING_DEF,add_or_remove_center = def add_or_remove_center(...)
30064771598,68719477272,REACHING_DEF,"input(""Enter center name to search: "")"
30064771598,30064771599,REACHING_DEF,"input(""Enter center name to search: "")"
30064771598,124554051601,REACHING_DEF,"input(""Enter center name to search: "")"
30064771599,124554051601,REACHING_DEF,"tmp55 = input(""Enter center name to search: "")"
30064771601,25769803895,REACHING_DEF,"input(""Enter center name to search: "").strip()"
30064771601,124554051601,REACHING_DEF,"input(""Enter center name to search: "").strip()"
30064771602,124554051601,REACHING_DEF,"tmp54 = tmp55 = input(""Enter center name to search: "")
input(""Enter center name to search: "").strip()"
30064771604,25769803896,REACHING_DEF,"input(""Enter center name to search: "").strip().lower()"
30064771604,124554051601,REACHING_DEF,"input(""Enter center name to search: "").strip().lower()"
30064771605,124554051601,REACHING_DEF,"query = tmp54 = tmp55 = input(""Enter center name to search: "")
input(""Enter center name to search: "").strip()
input(""Enter center name to search: "").strip().lower()"
30064771606,68719477281,REACHING_DEF,_load(CENTERS_FILE)
30064771606,30064771607,REACHING_DEF,_load(CENTERS_FILE)
30064771606,124554051601,REACHING_DEF,_load(CENTERS_FILE)
30064771607,124554051601,REACHING_DEF,centers = _load(CENTERS_FILE)
30064771608,68719477282,REACHING_DEF,[]
30064771608,30064771609,REACHING_DEF,[]
30064771608,124554051601,REACHING_DEF,[]
30064771609,124554051601,REACHING_DEF,tmp56 = []
30064771611,124554051601,REACHING_DEF,tmp56.append(c)
30064771613,68719477288,REACHING_DEF,centers.__iter__()
30064771613,30064771614,REACHING_DEF,centers.__iter__()
30064771613,124554051601,REACHING_DEF,centers.__iter__()
30064771614,124554051601,REACHING_DEF,tmp57 = centers.__iter__()
30064771616,68719477291,REACHING_DEF,tmp57.__next__()
30064771616,30064771617,REACHING_DEF,tmp57.__next__()
30064771616,124554051601,REACHING_DEF,tmp57.__next__()
30064771617,124554051601,REACHING_DEF,c = tmp57.__next__()
30064771618,68719477309,REACHING_DEF,"c[""name""]"
30064771618,68719477294,REACHING_DEF,"c[""name""]"
30064771618,30064771619,REACHING_DEF,"c[""name""]"
30064771618,68719477303,REACHING_DEF,"c[""name""]"
30064771618,68719477305,REACHING_DEF,"c[""name""]"
30064771618,68719477307,REACHING_DEF,"c[""name""]"
30064771618,68719477283,REACHING_DEF,"c[""name""]"
30064771618,68719477293,REACHING_DEF,"c[""name""]"
30064771618,124554051601,REACHING_DEF,"c[""name""]"
30064771619,124554051601,REACHING_DEF,"tmp58 = c[""name""]"
30064771621,25769803897,REACHING_DEF,"c[""name""].lower()"
30064771621,124554051601,REACHING_DEF,"c[""name""].lower()"
30064771622,30064771623,REACHING_DEF,"query in tmp58 = c[""name""]
c[""name""].lower()"
30064771622,124554051601,REACHING_DEF,"query in tmp58 = c[""name""]
c[""name""].lower()"
30064771623,124554051601,REACHING_DEF,"not query in tmp58 = c[""name""]
c[""name""].lower()"
30064771624,124554051601,REACHING_DEF,"found = tmp56 = []
tmp57 = centers.__iter__()
while ... : ...
tmp56"
30064771625,30064771626,REACHING_DEF,len(found)
30064771625,124554051601,REACHING_DEF,len(found)
30064771626,30064771627,REACHING_DEF,{len(found)}
30064771626,124554051601,REACHING_DEF,{len(found)}
30064771627,30064771628,REACHING_DEF,"f""\nFound {len(found)} center(s):"""
30064771627,124554051601,REACHING_DEF,"f""\nFound {len(found)} center(s):"""
30064771628,124554051601,REACHING_DEF,"print(f""\nFound {len(found)} center(s):"")"
30064771629,68719477309,REACHING_DEF,c['id']
30064771629,68719477303,REACHING_DEF,c['id']
30064771629,68719477305,REACHING_DEF,c['id']
30064771629,68719477307,REACHING_DEF,c['id']
30064771629,30064771630,REACHING_DEF,c['id']
30064771629,124554051601,REACHING_DEF,c['id']
30064771630,30064771631,REACHING_DEF,{c['id']}
30064771630,124554051601,REACHING_DEF,{c['id']}
30064771631,30064771632,REACHING_DEF,"f""\nID:       {c['id']}"""
30064771631,124554051601,REACHING_DEF,"f""\nID:       {c['id']}"""
30064771632,124554051601,REACHING_DEF,"print(f""\nID:       {c['id']}"")"
30064771633,68719477309,REACHING_DEF,c['name']
30064771633,68719477303,REACHING_DEF,c['name']
30064771633,68719477305,REACHING_DEF,c['name']
30064771633,68719477307,REACHING_DEF,c['name']
30064771633,30064771634,REACHING_DEF,c['name']
30064771633,124554051601,REACHING_DEF,c['name']
30064771634,30064771635,REACHING_DEF,{c['name']}
30064771634,124554051601,REACHING_DEF,{c['name']}
30064771635,30064771636,REACHING_DEF,"f""Name:     {c['name']}"""
30064771635,124554051601,REACHING_DEF,"f""Name:     {c['name']}"""
30064771636,124554051601,REACHING_DEF,"print(f""Name:     {c['name']}"")"
30064771637,68719477309,REACHING_DEF,c['address']
30064771637,68719477303,REACHING_DEF,c['address']
30064771637,68719477305,REACHING_DEF,c['address']
30064771637,68719477307,REACHING_DEF,c['address']
30064771637,30064771638,REACHING_DEF,c['address']
30064771637,124554051601,REACHING_DEF,c['address']
30064771638,30064771639,REACHING_DEF,{c['address']}
30064771638,124554051601,REACHING_DEF,{c['address']}
30064771639,30064771640,REACHING_DEF,"f""Address:  {c['address']}"""
30064771639,124554051601,REACHING_DEF,"f""Address:  {c['address']}"""
30064771640,124554051601,REACHING_DEF,"print(f""Address:  {c['address']}"")"
30064771641,68719477309,REACHING_DEF,c['vaccines']
30064771641,68719477303,REACHING_DEF,c['vaccines']
30064771641,68719477305,REACHING_DEF,c['vaccines']
30064771641,68719477312,REACHING_DEF,c['vaccines']
30064771641,30064771644,REACHING_DEF,c['vaccines']
30064771641,68719477307,REACHING_DEF,c['vaccines']
30064771641,124554051601,REACHING_DEF,c['vaccines']
30064771642,124554051601,REACHING_DEF,"tmp59 = ', '"
30064771644,25769803902,REACHING_DEF,"', '.join(c['vaccines'])"
30064771644,124554051601,REACHING_DEF,"', '.join(c['vaccines'])"
30064771645,30064771646,REACHING_DEF,"{tmp59 = ', '
', '.join(c['vaccines'])}"
30064771645,124554051601,REACHING_DEF,"{tmp59 = ', '
', '.join(c['vaccines'])}"
30064771646,30064771647,REACHING_DEF,"f""Vaccines: {tmp59 = ', '
', '.join(c['vaccines'])}"""
30064771646,124554051601,REACHING_DEF,"f""Vaccines: {tmp59 = ', '
', '.join(c['vaccines'])}"""
30064771647,124554051601,REACHING_DEF,"print(f""Vaccines: {', '.join(c['vaccines'])}"")"
30064771648,30064771649,REACHING_DEF,"""-"" * 20"
30064771648,124554051601,REACHING_DEF,"""-"" * 20"
30064771649,124554051601,REACHING_DEF,"print(""-"" * 20)"
30064771651,68719477317,REACHING_DEF,found.__iter__()
30064771651,30064771652,REACHING_DEF,found.__iter__()
30064771651,124554051601,REACHING_DEF,found.__iter__()
30064771652,124554051601,REACHING_DEF,tmp60 = found.__iter__()
30064771654,68719477320,REACHING_DEF,tmp60.__next__()
30064771654,30064771655,REACHING_DEF,tmp60.__next__()
30064771654,124554051601,REACHING_DEF,tmp60.__next__()
30064771655,124554051601,REACHING_DEF,c = tmp60.__next__()
30064771657,124554051584,REACHING_DEF,search_center_by_name = def search_center_by_name(...)
30064771658,68719477325,REACHING_DEF,_load(USERS_FILE)
30064771658,30064771659,REACHING_DEF,_load(USERS_FILE)
30064771658,124554051602,REACHING_DEF,_load(USERS_FILE)
30064771659,124554051602,REACHING_DEF,users = _load(USERS_FILE)
30064771660,68719477328,REACHING_DEF,_load(RESERVATIONS_FILE)
30064771660,30064771661,REACHING_DEF,_load(RESERVATIONS_FILE)
30064771660,124554051602,REACHING_DEF,_load(RESERVATIONS_FILE)
30064771661,124554051602,REACHING_DEF,reservations = _load(RESERVATIONS_FILE)
30064771662,68719477331,REACHING_DEF,_load(CENTERS_FILE)
30064771662,30064771663,REACHING_DEF,_load(CENTERS_FILE)
30064771662,124554051602,REACHING_DEF,_load(CENTERS_FILE)
30064771663,124554051602,REACHING_DEF,centers = _load(CENTERS_FILE)
30064771664,124554051602,REACHING_DEF,not users
30064771665,124554051602,REACHING_DEF,"print(""No users registered yet."")"
30064771666,68719477334,REACHING_DEF,{}
30064771666,30064771667,REACHING_DEF,{}
30064771669,68719477335,REACHING_DEF,"tmp61[c[""id""]]"
30064771669,30064771671,REACHING_DEF,"tmp61[c[""id""]]"
30064771669,25769803911,REACHING_DEF,"tmp61[c[""id""]]"
30064771670,68719477336,REACHING_DEF,"c[""name""]"
30064771670,30064771669,REACHING_DEF,"c[""name""]"
30064771670,30064771671,REACHING_DEF,"c[""name""]"
30064771670,68719477337,REACHING_DEF,"c[""name""]"
30064771673,68719477340,REACHING_DEF,centers.__iter__()
30064771673,30064771674,REACHING_DEF,centers.__iter__()
30064771676,68719477343,REACHING_DEF,tmp62.__next__()
30064771676,30064771677,REACHING_DEF,tmp62.__next__()
30064771680,30064771681,REACHING_DEF,u['id']
30064771680,68719477347,REACHING_DEF,u['id']
30064771680,68719477350,REACHING_DEF,u['id']
30064771680,68719477349,REACHING_DEF,u['id']
30064771680,68719477363,REACHING_DEF,u['id']
30064771680,68719477348,REACHING_DEF,u['id']
30064771681,30064771683,REACHING_DEF,{u['id']}
30064771681,30064771684,REACHING_DEF,{u['id']}
30064771682,68719477347,REACHING_DEF,u['name']
30064771682,68719477350,REACHING_DEF,u['name']
30064771682,68719477349,REACHING_DEF,u['name']
30064771682,68719477363,REACHING_DEF,u['name']
30064771682,68719477348,REACHING_DEF,u['name']
30064771682,30064771683,REACHING_DEF,u['name']
30064771683,30064771681,REACHING_DEF,{u['name']}
30064771683,30064771684,REACHING_DEF,{u['name']}
30064771684,30064771689,REACHING_DEF,"f""ID: {u['id']}  |  Name: {u['name']}  |  """
30064771684,30064771690,REACHING_DEF,"f""ID: {u['id']}  |  Name: {u['name']}  |  """
30064771685,68719477347,REACHING_DEF,u['email']
30064771685,68719477350,REACHING_DEF,u['email']
30064771685,68719477349,REACHING_DEF,u['email']
30064771685,30064771686,REACHING_DEF,u['email']
30064771685,68719477363,REACHING_DEF,u['email']
30064771685,68719477348,REACHING_DEF,u['email']
30064771686,30064771688,REACHING_DEF,{u['email']}
30064771686,30064771689,REACHING_DEF,{u['email']}
30064771687,68719477347,REACHING_DEF,u['phone']
30064771687,68719477350,REACHING_DEF,u['phone']
30064771687,68719477349,REACHING_DEF,u['phone']
30064771687,30064771688,REACHING_DEF,u['phone']
30064771687,68719477363,REACHING_DEF,u['phone']
30064771687,68719477348,REACHING_DEF,u['phone']
30064771688,30064771686,REACHING_DEF,{u['phone']}
30064771688,30064771689,REACHING_DEF,{u['phone']}
30064771689,30064771684,REACHING_DEF,"f""Email: {u['email']}  |  Phone: {u['phone']}"""
30064771689,30064771690,REACHING_DEF,"f""Email: {u['email']}  |  Phone: {u['phone']}"""
30064771690,30064771691,REACHING_DEF,"f""ID: {u['id']}  |  Name: {u['name']}  |  "" f""Email: {u['email']}  |  Phone: {u['phone']}"""
30064771692,68719477352,REACHING_DEF,<operator>.genExp
30064771692,30064771693,REACHING_DEF,<operator>.genExp
30064771697,68719477358,REACHING_DEF,reservations.__iter__()
30064771697,30064771698,REACHING_DEF,reservations.__iter__()
30064771700,68719477361,REACHING_DEF,tmp64.__next__()
30064771700,30064771701,REACHING_DEF,tmp64.__next__()
30064771702,68719477362,REACHING_DEF,"r[""user_id""]"
30064771702,68719477353,REACHING_DEF,"r[""user_id""]"
30064771702,30064771703,REACHING_DEF,"r[""user_id""]"
30064771702,30064771704,REACHING_DEF,"r[""user_id""]"
30064771703,68719477347,REACHING_DEF,"u[""id""]"
30064771703,68719477350,REACHING_DEF,"u[""id""]"
30064771703,68719477349,REACHING_DEF,"u[""id""]"
30064771703,68719477363,REACHING_DEF,"u[""id""]"
30064771703,68719477348,REACHING_DEF,"u[""id""]"
30064771703,30064771702,REACHING_DEF,"u[""id""]"
30064771703,30064771704,REACHING_DEF,"u[""id""]"
30064771704,30064771705,REACHING_DEF,"r[""user_id""] == u[""id""]"
30064771706,68719477366,REACHING_DEF,"next((r for r in reservations if r[""user_id""] == u[""id""]), None)"
30064771706,30064771707,REACHING_DEF,"next((r for r in reservations if r[""user_id""] == u[""id""]), None)"
30064771708,68719477368,REACHING_DEF,"res[""center_id""]"
30064771708,68719477373,REACHING_DEF,"res[""center_id""]"
30064771708,68719477375,REACHING_DEF,"res[""center_id""]"
30064771708,68719477372,REACHING_DEF,"res[""center_id""]"
30064771708,68719477370,REACHING_DEF,"res[""center_id""]"
30064771708,30064771710,REACHING_DEF,"res[""center_id""]"
30064771710,68719477371,REACHING_DEF,"center_map.get(res[""center_id""], ""Unknown"")"
30064771710,30064771711,REACHING_DEF,"center_map.get(res[""center_id""], ""Unknown"")"
30064771713,30064771714,REACHING_DEF,"res.get(""date"")"
30064771714,68719477374,REACHING_DEF,"res.get(""date"") or ""pending"""
30064771714,30064771715,REACHING_DEF,"res.get(""date"") or ""pending"""
30064771716,68719477368,REACHING_DEF,res['vaccine']
30064771716,68719477373,REACHING_DEF,res['vaccine']
30064771716,68719477375,REACHING_DEF,res['vaccine']
30064771716,68719477372,REACHING_DEF,res['vaccine']
30064771716,30064771717,REACHING_DEF,res['vaccine']
30064771717,30064771718,REACHING_DEF,{res['vaccine']}
30064771718,30064771721,REACHING_DEF,"f""   ↳ Reservation: {res['vaccine']} at """
30064771718,30064771722,REACHING_DEF,"f""   ↳ Reservation: {res['vaccine']} at """
30064771719,30064771720,REACHING_DEF,{center_name}
30064771719,30064771721,REACHING_DEF,{center_name}
30064771720,30064771719,REACHING_DEF,{date_str}
30064771720,30064771721,REACHING_DEF,{date_str}
30064771721,30064771718,REACHING_DEF,"f""{center_name} | Date: {date_str}"""
30064771721,30064771722,REACHING_DEF,"f""{center_name} | Date: {date_str}"""
30064771722,30064771723,REACHING_DEF,"f""   ↳ Reservation: {res['vaccine']} at "" f""{center_name} | Date: {date_str}"""
30064771725,30064771726,REACHING_DEF,"""-"" * 46"
30064771728,68719477383,REACHING_DEF,users.__iter__()
30064771728,30064771729,REACHING_DEF,users.__iter__()
30064771731,68719477386,REACHING_DEF,tmp65.__next__()
30064771731,30064771732,REACHING_DEF,tmp65.__next__()
30064771733,124554051584,REACHING_DEF,list_users_and_reservations = def list_users_and_reservations(...)
30064771734,68719477390,REACHING_DEF,_load(RESERVATIONS_FILE)
30064771734,30064771735,REACHING_DEF,_load(RESERVATIONS_FILE)
30064771734,124554051603,REACHING_DEF,_load(RESERVATIONS_FILE)
30064771735,124554051603,REACHING_DEF,reservations = _load(RESERVATIONS_FILE)
30064771736,68719477392,REACHING_DEF,"_ask_int(""Enter user ID: "")"
30064771736,30064771737,REACHING_DEF,"_ask_int(""Enter user ID: "")"
30064771736,124554051603,REACHING_DEF,"_ask_int(""Enter user ID: "")"
30064771737,124554051603,REACHING_DEF,"user_id = _ask_int(""Enter user ID: "")"
30064771738,68719477393,REACHING_DEF,<operator>.genExp
30064771738,30064771739,REACHING_DEF,<operator>.genExp
30064771738,124554051603,REACHING_DEF,<operator>.genExp
30064771739,124554051603,REACHING_DEF,tmp66 = <operator>.genExp
30064771741,124554051603,REACHING_DEF,tmp66.append(r)
30064771743,68719477399,REACHING_DEF,reservations.__iter__()
30064771743,30064771744,REACHING_DEF,reservations.__iter__()
30064771743,124554051603,REACHING_DEF,reservations.__iter__()
30064771744,124554051603,REACHING_DEF,tmp67 = reservations.__iter__()
30064771746,68719477402,REACHING_DEF,tmp67.__next__()
30064771746,30064771747,REACHING_DEF,tmp67.__next__()
30064771746,124554051603,REACHING_DEF,tmp67.__next__()
30064771747,124554051603,REACHING_DEF,r = tmp67.__next__()
30064771748,68719477403,REACHING_DEF,"r[""user_id""]"
30064771748,68719477404,REACHING_DEF,"r[""user_id""]"
30064771748,30064771749,REACHING_DEF,"r[""user_id""]"
30064771748,68719477394,REACHING_DEF,"r[""user_id""]"
30064771748,124554051603,REACHING_DEF,"r[""user_id""]"
30064771749,30064771750,REACHING_DEF,"r[""user_id""] == user_id"
30064771749,124554051603,REACHING_DEF,"r[""user_id""] == user_id"
30064771750,124554051603,REACHING_DEF,"not r[""user_id""] == user_id"
30064771751,68719477407,REACHING_DEF,"next((r for r in reservations if r[""user_id""] == user_id), None)"
30064771751,30064771752,REACHING_DEF,"next((r for r in reservations if r[""user_id""] == user_id), None)"
30064771751,124554051603,REACHING_DEF,"next((r for r in reservations if r[""user_id""] == user_id), None)"
30064771752,124554051603,REACHING_DEF,"res = next((r for r in reservations if r[""user_id""] == user_id), None)"
30064771753,124554051603,REACHING_DEF,not res
30064771754,124554051603,REACHING_DEF,"print(""No reservation found for that user."")"
30064771756,30064771757,REACHING_DEF,res['date']
30064771757,30064771758,REACHING_DEF,{res['date']}
30064771758,30064771759,REACHING_DEF,"f""This user already has an assigned date: {res['date']}"""
30064771763,68719477417,REACHING_DEF,"input(""Choice (1-2): "")"
30064771763,30064771764,REACHING_DEF,"input(""Choice (1-2): "")"
30064771766,25769803927,REACHING_DEF,"input(""Choice (1-2): "").strip()"
30064771770,68719477424,REACHING_DEF,"random.randint(10, 30)"
30064771770,30064771771,REACHING_DEF,"random.randint(10, 30)"
30064771772,68719477431,REACHING_DEF,datetime.date
30064771772,68719477430,REACHING_DEF,datetime.date
30064771772,68719477426,REACHING_DEF,datetime.date
30064771772,30064771773,REACHING_DEF,datetime.date
30064771775,25769803928,REACHING_DEF,datetime.date.today()
30064771777,30064771778,REACHING_DEF,datetime.timedelta(days = delta)
30064771778,68719477432,REACHING_DEF,"tmp70 = datetime.date
datetime.date.today() + datetime.timedelta(days = delta)"
30064771778,30064771779,REACHING_DEF,"tmp70 = datetime.date
datetime.date.today() + datetime.timedelta(days = delta)"
30064771781,25769803929,REACHING_DEF,"datetime.date.today() + datetime.timedelta(days = delta).strftime(""%Y-%m-%d"")"
30064771784,68719477438,REACHING_DEF,"_ask_date(""Enter date (YYYY-MM-DD): "")"
30064771784,30064771785,REACHING_DEF,"_ask_date(""Enter date (YYYY-MM-DD): "")"
30064771787,30064771788,REACHING_DEF,"res[""date""]"
30064771790,30064771791,REACHING_DEF,{assigned_date}
30064771791,30064771792,REACHING_DEF,"f""Reservation accepted! Assigned date: {assigned_date}"""
30064771793,124554051584,REACHING_DEF,accept_reservation = def accept_reservation(...)
30064771794,68719477450,REACHING_DEF,_load(CENTERS_FILE)
30064771794,30064771795,REACHING_DEF,_load(CENTERS_FILE)
30064771794,124554051604,REACHING_DEF,_load(CENTERS_FILE)
30064771795,124554051604,REACHING_DEF,centers = _load(CENTERS_FILE)
30064771796,124554051604,REACHING_DEF,not centers
30064771797,124554051604,REACHING_DEF,"print(""No vaccination centers available yet."")"
30064771799,68719477458,REACHING_DEF,c['id']
30064771799,68719477455,REACHING_DEF,c['id']
30064771799,68719477456,REACHING_DEF,c['id']
30064771799,68719477454,REACHING_DEF,c['id']
30064771799,30064771800,REACHING_DEF,c['id']
30064771800,30064771802,REACHING_DEF,{c['id']}
30064771800,30064771804,REACHING_DEF,{c['id']}
30064771800,30064771805,REACHING_DEF,{c['id']}
30064771801,30064771802,REACHING_DEF,c['name']
30064771801,68719477458,REACHING_DEF,c['name']
30064771801,68719477455,REACHING_DEF,c['name']
30064771801,68719477456,REACHING_DEF,c['name']
30064771801,68719477454,REACHING_DEF,c['name']
30064771802,30064771800,REACHING_DEF,{c['name']}
30064771802,30064771804,REACHING_DEF,{c['name']}
30064771802,30064771805,REACHING_DEF,{c['name']}
30064771803,68719477458,REACHING_DEF,c['address']
30064771803,68719477455,REACHING_DEF,c['address']
30064771803,68719477456,REACHING_DEF,c['address']
30064771803,68719477454,REACHING_DEF,c['address']
30064771803,30064771804,REACHING_DEF,c['address']
30064771804,30064771800,REACHING_DEF,{c['address']}
30064771804,30064771802,REACHING_DEF,{c['address']}
30064771804,30064771805,REACHING_DEF,{c['address']}
30064771805,30064771806,REACHING_DEF,"f""ID: {c['id']}  |  {c['name']}  |  {c['address']}"""
30064771807,68719477458,REACHING_DEF,c['vaccines']
30064771807,68719477455,REACHING_DEF,c['vaccines']
30064771807,68719477456,REACHING_DEF,c['vaccines']
30064771807,68719477454,REACHING_DEF,c['vaccines']
30064771807,68719477461,REACHING_DEF,c['vaccines']
30064771807,30064771810,REACHING_DEF,c['vaccines']
30064771810,25769803936,REACHING_DEF,"', '.join(c['vaccines'])"
30064771811,30064771812,REACHING_DEF,"{tmp71 = ', '
', '.join(c['vaccines'])}"
30064771812,30064771813,REACHING_DEF,"f""   Vaccines: {tmp71 = ', '
', '.join(c['vaccines'])}"""
30064771815,68719477465,REACHING_DEF,centers.__iter__()
30064771815,30064771816,REACHING_DEF,centers.__iter__()
30064771818,68719477468,REACHING_DEF,tmp72.__next__()
30064771818,30064771819,REACHING_DEF,tmp72.__next__()
30064771820,30064771821,REACHING_DEF,"""-"" * 46"
30064771822,124554051584,REACHING_DEF,view_centers = def view_centers(...)
30064771823,68719477473,REACHING_DEF,_load(RESERVATIONS_FILE)
30064771823,30064771824,REACHING_DEF,_load(RESERVATIONS_FILE)
30064771823,124554051605,REACHING_DEF,_load(RESERVATIONS_FILE)
30064771824,124554051605,REACHING_DEF,reservations = _load(RESERVATIONS_FILE)
30064771825,68719477474,REACHING_DEF,<operator>.genExp
30064771825,30064771826,REACHING_DEF,<operator>.genExp
30064771825,124554051605,REACHING_DEF,<operator>.genExp
30064771826,124554051605,REACHING_DEF,tmp73 = <operator>.genExp
30064771827,30064771828,REACHING_DEF,"r[""user_id""]"
30064771827,30064771829,REACHING_DEF,"r[""user_id""]"
30064771827,68719477475,REACHING_DEF,"r[""user_id""]"
30064771827,124554051605,REACHING_DEF,"r[""user_id""]"
30064771828,68719477476,REACHING_DEF,"user[""id""]"
30064771828,115964117007,REACHING_DEF,"user[""id""]"
30064771828,30064771827,REACHING_DEF,"user[""id""]"
30064771828,30064771829,REACHING_DEF,"user[""id""]"
30064771828,30064771897,REACHING_DEF,"user[""id""]"
30064771828,68719477542,REACHING_DEF,"user[""id""]"
30064771828,124554051605,REACHING_DEF,"user[""id""]"
30064771829,68719477478,REACHING_DEF,"r[""user_id""] == user[""id""]"
30064771829,30064771831,REACHING_DEF,"r[""user_id""] == user[""id""]"
30064771829,124554051605,REACHING_DEF,"r[""user_id""] == user[""id""]"
30064771831,124554051605,REACHING_DEF,"tmp73.append(r[""user_id""] == user[""id""])"
30064771833,68719477481,REACHING_DEF,reservations.__iter__()
30064771833,30064771834,REACHING_DEF,reservations.__iter__()
30064771833,124554051605,REACHING_DEF,reservations.__iter__()
30064771834,124554051605,REACHING_DEF,tmp74 = reservations.__iter__()
30064771836,68719477484,REACHING_DEF,tmp74.__next__()
30064771836,30064771837,REACHING_DEF,tmp74.__next__()
30064771836,124554051605,REACHING_DEF,tmp74.__next__()
30064771837,124554051605,REACHING_DEF,r = tmp74.__next__()
30064771838,124554051605,REACHING_DEF,"any(r[""user_id""] == user[""id""] for r in reservations)"
30064771839,124554051605,REACHING_DEF,"print(""You already have a reservation. View it with option 3."")"
30064771841,68719477491,REACHING_DEF,_load(CENTERS_FILE)
30064771841,30064771842,REACHING_DEF,_load(CENTERS_FILE)
30064771844,68719477494,REACHING_DEF,"_ask_int(""Center ID: "")"
30064771844,30064771845,REACHING_DEF,"_ask_int(""Center ID: "")"
30064771846,68719477495,REACHING_DEF,<operator>.genExp
30064771846,30064771847,REACHING_DEF,<operator>.genExp
30064771851,68719477501,REACHING_DEF,centers.__iter__()
30064771851,30064771852,REACHING_DEF,centers.__iter__()
30064771854,68719477504,REACHING_DEF,tmp76.__next__()
30064771854,30064771855,REACHING_DEF,tmp76.__next__()
30064771856,68719477496,REACHING_DEF,"c[""id""]"
30064771856,68719477505,REACHING_DEF,"c[""id""]"
30064771856,68719477506,REACHING_DEF,"c[""id""]"
30064771856,30064771857,REACHING_DEF,"c[""id""]"
30064771857,30064771858,REACHING_DEF,"c[""id""] == center_id"
30064771859,68719477509,REACHING_DEF,"next((c for c in centers if c[""id""] == center_id), None)"
30064771859,30064771860,REACHING_DEF,"next((c for c in centers if c[""id""] == center_id), None)"
30064771863,68719477515,REACHING_DEF,center['vaccines']
30064771863,30064771866,REACHING_DEF,center['vaccines']
30064771863,68719477523,REACHING_DEF,center['vaccines']
30064771866,25769803950,REACHING_DEF,"', '.join(center['vaccines'])"
30064771867,30064771868,REACHING_DEF,"{tmp77 = ', '
', '.join(center['vaccines'])}"
30064771868,30064771869,REACHING_DEF,"f""Available vaccines: {tmp77 = ', '
', '.join(center['vaccines'])}"""
30064771870,68719477518,REACHING_DEF,"_ask(""Vaccine name: "")"
30064771870,30064771871,REACHING_DEF,"_ask(""Vaccine name: "")"
30064771872,68719477519,REACHING_DEF,<operator>.genExp
30064771872,30064771873,REACHING_DEF,<operator>.genExp
30064771876,68719477524,REACHING_DEF,"center[""vaccines""]"
30064771876,30064771877,REACHING_DEF,"center[""vaccines""]"
30064771879,25769803951,REACHING_DEF,tmp80.__iter__()
30064771882,68719477530,REACHING_DEF,tmp79.__next__()
30064771882,30064771883,REACHING_DEF,tmp79.__next__()
30064771885,30064771887,REACHING_DEF,v.lower()
30064771885,30064771888,REACHING_DEF,v.lower()
30064771887,30064771885,REACHING_DEF,vaccine.lower()
30064771887,30064771888,REACHING_DEF,vaccine.lower()
30064771888,30064771889,REACHING_DEF,v.lower() == vaccine.lower()
30064771890,68719477537,REACHING_DEF,"next((v for v in center[""vaccines""] if v.lower() == vaccine.lower()), None)"
30064771890,30064771891,REACHING_DEF,"next((v for v in center[""vaccines""] if v.lower() == vaccine.lower()), None)"
30064771894,68719477540,REACHING_DEF,{}
30064771894,30064771895,REACHING_DEF,{}
30064771896,68719477545,REACHING_DEF,"tmp81[""user_id""]"
30064771896,25769803957,REACHING_DEF,"tmp81[""user_id""]"
30064771896,30064771898,REACHING_DEF,"tmp81[""user_id""]"
30064771896,68719477543,REACHING_DEF,"tmp81[""user_id""]"
30064771896,68719477547,REACHING_DEF,"tmp81[""user_id""]"
30064771897,30064771896,REACHING_DEF,"user[""id""]"
30064771897,30064771898,REACHING_DEF,"user[""id""]"
30064771899,30064771900,REACHING_DEF,"tmp81[""center_id""]"
30064771899,68719477545,REACHING_DEF,"tmp81[""center_id""]"
30064771899,25769803957,REACHING_DEF,"tmp81[""center_id""]"
30064771899,68719477547,REACHING_DEF,"tmp81[""center_id""]"
30064771901,25769803957,REACHING_DEF,"tmp81[""vaccine""]"
30064771901,30064771902,REACHING_DEF,"tmp81[""vaccine""]"
30064771901,68719477547,REACHING_DEF,"tmp81[""vaccine""]"
30064771903,25769803957,REACHING_DEF,"tmp81[""date""]"
30064771903,30064771904,REACHING_DEF,"tmp81[""date""]"
30064771909,124554051584,REACHING_DEF,reserve_vaccination = def reserve_vaccination(...)
30064771910,68719477558,REACHING_DEF,_load(RESERVATIONS_FILE)
30064771910,30064771911,REACHING_DEF,_load(RESERVATIONS_FILE)
30064771910,124554051606,REACHING_DEF,_load(RESERVATIONS_FILE)
30064771911,124554051606,REACHING_DEF,reservations = _load(RESERVATIONS_FILE)
30064771912,68719477559,REACHING_DEF,<operator>.genExp
30064771912,30064771913,REACHING_DEF,<operator>.genExp
30064771912,124554051606,REACHING_DEF,<operator>.genExp
30064771913,124554051606,REACHING_DEF,tmp82 = <operator>.genExp
30064771915,124554051606,REACHING_DEF,tmp82.append(r)
30064771917,68719477565,REACHING_DEF,reservations.__iter__()
30064771917,30064771918,REACHING_DEF,reservations.__iter__()
30064771917,124554051606,REACHING_DEF,reservations.__iter__()
30064771918,124554051606,REACHING_DEF,tmp83 = reservations.__iter__()
30064771920,68719477568,REACHING_DEF,tmp83.__next__()
30064771920,30064771921,REACHING_DEF,tmp83.__next__()
30064771920,124554051606,REACHING_DEF,tmp83.__next__()
30064771921,124554051606,REACHING_DEF,r = tmp83.__next__()
30064771922,68719477569,REACHING_DEF,"r[""user_id""]"
30064771922,68719477560,REACHING_DEF,"r[""user_id""]"
30064771922,30064771923,REACHING_DEF,"r[""user_id""]"
30064771922,30064771924,REACHING_DEF,"r[""user_id""]"
30064771922,124554051606,REACHING_DEF,"r[""user_id""]"
30064771923,115964117008,REACHING_DEF,"user[""id""]"
30064771923,68719477570,REACHING_DEF,"user[""id""]"
30064771923,30064771922,REACHING_DEF,"user[""id""]"
30064771923,30064771924,REACHING_DEF,"user[""id""]"
30064771923,124554051606,REACHING_DEF,"user[""id""]"
30064771924,30064771925,REACHING_DEF,"r[""user_id""] == user[""id""]"
30064771924,124554051606,REACHING_DEF,"r[""user_id""] == user[""id""]"
30064771925,124554051606,REACHING_DEF,"not r[""user_id""] == user[""id""]"
30064771926,68719477573,REACHING_DEF,"next((r for r in reservations if r[""user_id""] == user[""id""]), None)"
30064771926,30064771927,REACHING_DEF,"next((r for r in reservations if r[""user_id""] == user[""id""]), None)"
30064771926,124554051606,REACHING_DEF,"next((r for r in reservations if r[""user_id""] == user[""id""]), None)"
30064771927,124554051606,REACHING_DEF,"res = next((r for r in reservations if r[""user_id""] == user[""id""]), None)"
30064771928,124554051606,REACHING_DEF,not res
30064771929,124554051606,REACHING_DEF,"print(""You have no reservation yet."")"
30064771931,68719477579,REACHING_DEF,_load(CENTERS_FILE)
30064771931,30064771932,REACHING_DEF,_load(CENTERS_FILE)
30064771933,68719477580,REACHING_DEF,<operator>.genExp
30064771933,30064771934,REACHING_DEF,<operator>.genExp
30064771935,68719477583,REACHING_DEF,"c[""name""]"
30064771935,30064771937,REACHING_DEF,"c[""name""]"
30064771935,68719477590,REACHING_DEF,"c[""name""]"
30064771935,68719477581,REACHING_DEF,"c[""name""]"
30064771939,68719477586,REACHING_DEF,centers.__iter__()
30064771939,30064771940,REACHING_DEF,centers.__iter__()
30064771942,68719477589,REACHING_DEF,tmp85.__next__()
30064771942,30064771943,REACHING_DEF,tmp85.__next__()
30064771944,68719477590,REACHING_DEF,"c[""id""]"
30064771944,68719477581,REACHING_DEF,"c[""id""]"
30064771944,30064771945,REACHING_DEF,"c[""id""]"
30064771944,30064771946,REACHING_DEF,"c[""id""]"
30064771945,68719477591,REACHING_DEF,"res[""center_id""]"
30064771945,68719477597,REACHING_DEF,"res[""center_id""]"
30064771945,68719477595,REACHING_DEF,"res[""center_id""]"
30064771945,30064771944,REACHING_DEF,"res[""center_id""]"
30064771945,30064771946,REACHING_DEF,"res[""center_id""]"
30064771946,30064771947,REACHING_DEF,"c[""id""] == res[""center_id""]"
30064771948,68719477594,REACHING_DEF,"next((c[""name""] for c in centers if c[""id""] == res[""center_id""]), ""Unknown"")"
30064771948,30064771949,REACHING_DEF,"next((c[""name""] for c in centers if c[""id""] == res[""center_id""]), ""Unknown"")"
30064771950,68719477597,REACHING_DEF,res['vaccine']
30064771950,30064771951,REACHING_DEF,res['vaccine']
30064771951,30064771952,REACHING_DEF,{res['vaccine']}
30064771951,30064771953,REACHING_DEF,{res['vaccine']}
30064771952,30064771951,REACHING_DEF,{center_name}
30064771952,30064771953,REACHING_DEF,{center_name}
30064771953,30064771956,REACHING_DEF,"f""Your vaccination: {res['vaccine']} at {center_name} """
30064771953,30064771957,REACHING_DEF,"f""Your vaccination: {res['vaccine']} at {center_name} """
30064771954,30064771955,REACHING_DEF,res['date']
30064771955,30064771956,REACHING_DEF,{res['date']}
30064771956,30064771953,REACHING_DEF,"f""on {res['date']}."""
30064771956,30064771957,REACHING_DEF,"f""on {res['date']}."""
30064771957,30064771958,REACHING_DEF,"f""Your vaccination: {res['vaccine']} at {center_name} "" f""on {res['date']}."""
30064771960,124554051584,REACHING_DEF,view_vaccination_date = def view_vaccination_date(...)
30064771967,68719477608,REACHING_DEF,"input(""Choice (1-5): "")"
30064771967,30064771968,REACHING_DEF,"input(""Choice (1-5): "")"
30064771980,124554051584,REACHING_DEF,admin_menu = def admin_menu(...)
30064771981,30064771982,REACHING_DEF,user['name']
30064771981,68719477635,REACHING_DEF,user['name']
30064771981,68719477632,REACHING_DEF,user['name']
30064771982,30064771983,REACHING_DEF,{user['name']}
30064771983,30064771984,REACHING_DEF,"f""\n── User Menu ({user['name']}) ────────────────────"""
30064771989,68719477628,REACHING_DEF,"input(""Choice (1-4): "")"
30064771989,30064771990,REACHING_DEF,"input(""Choice (1-4): "")"
30064772000,124554051584,REACHING_DEF,user_menu = def user_menu(...)
30064772001,124554051609,REACHING_DEF,init_data()
30064772002,124554051609,REACHING_DEF,"print(""\n══ Vaccination Scheduling System ══════════════"")"
30064772003,124554051609,REACHING_DEF,"print(""1. Register"")"
30064772004,124554051609,REACHING_DEF,"print(""2. Login as admin"")"
30064772005,124554051609,REACHING_DEF,"print(""3. Login as user"")"
30064772006,124554051609,REACHING_DEF,"print(""4. Exit"")"
30064772007,68719477648,REACHING_DEF,"input(""Choice (1-4): "")"
30064772007,30064772008,REACHING_DEF,"input(""Choice (1-4): "")"
30064772007,124554051609,REACHING_DEF,"input(""Choice (1-4): "")"
30064772008,124554051609,REACHING_DEF,"choice = input(""Choice (1-4): "")"
30064772009,124554051609,REACHING_DEF,"choice == ""1"""
30064772010,124554051609,REACHING_DEF,register_user()
30064772011,124554051609,REACHING_DEF,"choice == ""2"""
30064772012,124554051609,REACHING_DEF,login_admin()
30064772013,124554051609,REACHING_DEF,admin_menu()
30064772014,124554051609,REACHING_DEF,"choice == ""3"""
30064772015,68719477656,REACHING_DEF,login_user()
30064772015,30064772016,REACHING_DEF,login_user()
30064772015,124554051609,REACHING_DEF,login_user()
30064772016,124554051609,REACHING_DEF,user = login_user()
30064772017,124554051609,REACHING_DEF,user_menu(user)
30064772018,124554051609,REACHING_DEF,"choice == ""4"""
30064772020,124554051609,REACHING_DEF,"print(""Invalid choice."")"
30064772021,124554051584,REACHING_DEF,main = def main(...)
30064772022,124554051584,REACHING_DEF,"__name__ == ""__main__"""
30064772023,124554051584,REACHING_DEF,main()
30064772024,124554051610,REACHING_DEF,print = __builtins__.print
30064772025,68719477666,REACHING_DEF,import ast
30064772025,30064772026,REACHING_DEF,import ast
30064772025,124554051610,REACHING_DEF,import ast
30064772026,124554051610,REACHING_DEF,ast = import ast
30064772027,30064772028,REACHING_DEF,"""="" * 60"
30064772029,124554051610,REACHING_DEF,"print(""EXAMPLE 1: Simple Expression (ID assignment)"")"
30064772030,30064772031,REACHING_DEF,"""="" * 60"
30064772032,124554051610,REACHING_DEF,"code1 = ""new_id = max_id + 1"""
30064772034,68719477675,REACHING_DEF,ast.parse(code1)
30064772034,30064772035,REACHING_DEF,ast.parse(code1)
30064772034,124554051610,REACHING_DEF,ast.parse(code1)
30064772035,124554051610,REACHING_DEF,tree1 = ast.parse(code1)
30064772037,30064772038,REACHING_DEF,"ast.dump(tree1, indent = 2)"
30064772037,124554051610,REACHING_DEF,"ast.dump(tree1, indent = 2)"
30064772038,124554051610,REACHING_DEF,"print(ast.dump(tree1, indent = 2))"
30064772039,30064772040,REACHING_DEF,"""="" * 60"
30064772040,30064772041,REACHING_DEF,"""\n"" + ""="" * 60"
30064772042,124554051610,REACHING_DEF,"print(""EXAMPLE 2: Loop and List (vaccine listing)"")"
30064772043,30064772044,REACHING_DEF,"""="" * 60"
30064772045,124554051610,REACHING_DEF,"code2 = """"""
vaccines = [""Pfizer"", ""Moderna""]
name = ""Center A""
for v in vaccines:
    print(""{} offers {}"".format(name, v))
"""""""
30064772047,68719477687,REACHING_DEF,ast.parse(code2)
30064772047,30064772048,REACHING_DEF,ast.parse(code2)
30064772047,124554051610,REACHING_DEF,ast.parse(code2)
30064772048,124554051610,REACHING_DEF,tree2 = ast.parse(code2)
30064772050,30064772051,REACHING_DEF,"ast.dump(tree2, indent = 2)"
30064772050,124554051610,REACHING_DEF,"ast.dump(tree2, indent = 2)"
30064772051,124554051610,REACHING_DEF,"print(ast.dump(tree2, indent = 2))"
30064772052,30064772053,REACHING_DEF,"""="" * 60"
30064772053,30064772054,REACHING_DEF,"""\n"" + ""="" * 60"
30064772053,124554051610,REACHING_DEF,"""\n"" + ""="" * 60"
30064772054,124554051610,REACHING_DEF,"print(""\n"" + ""="" * 60)"
30064772055,124554051610,REACHING_DEF,"print(""EXAMPLE 3: Function Definition (_hash from Project.py)"")"
30064772056,30064772057,REACHING_DEF,"""="" * 60"
30064772056,124554051610,REACHING_DEF,"""="" * 60"
30064772057,124554051610,REACHING_DEF,"print(""="" * 60)"
30064772058,124554051610,REACHING_DEF,"code3 = """"""
def _hash(password, salt):
    return hashlib.sha256((password + salt).encode()).hexdigest()

hashed = _hash(""mypassword"", ""somesalt"")
print(hashed)
"""""""
30064772060,68719477699,REACHING_DEF,ast.parse(code3)
30064772060,30064772061,REACHING_DEF,ast.parse(code3)
30064772060,124554051610,REACHING_DEF,ast.parse(code3)
30064772061,124554051610,REACHING_DEF,tree3 = ast.parse(code3)
30064772063,30064772064,REACHING_DEF,"ast.dump(tree3, indent = 2)"
30064772063,124554051610,REACHING_DEF,"ast.dump(tree3, indent = 2)"
30064772064,124554051610,REACHING_DEF,"print(ast.dump(tree3, indent = 2))"
30064772065,124554051611,REACHING_DEF,len = __builtins__.len
30064772066,124554051611,REACHING_DEF,print = __builtins__.print
30064772068,124554051611,REACHING_DEF,range = __builtins__.range
30064772069,124554051611,REACHING_DEF,str = __builtins__.str
30064772070,68719477709,REACHING_DEF,"from Project import _hash, _valid_email, _valid_phone, _valid_national_id"
30064772070,30064772071,REACHING_DEF,"from Project import _hash, _valid_email, _valid_phone, _valid_national_id"
30064772071,124554051611,REACHING_DEF,"_hash = from Project import _hash, _valid_email, _valid_phone, _valid_national_id"
30064772072,68719477711,REACHING_DEF,"from Project import _hash, _valid_email, _valid_phone, _valid_national_id"
30064772072,30064772073,REACHING_DEF,"from Project import _hash, _valid_email, _valid_phone, _valid_national_id"
30064772073,124554051611,REACHING_DEF,"_valid_email = from Project import _hash, _valid_email, _valid_phone, _valid_national_id"
30064772074,68719477713,REACHING_DEF,"from Project import _hash, _valid_email, _valid_phone, _valid_national_id"
30064772074,30064772075,REACHING_DEF,"from Project import _hash, _valid_email, _valid_phone, _valid_national_id"
30064772075,124554051611,REACHING_DEF,"_valid_phone = from Project import _hash, _valid_email, _valid_phone, _valid_national_id"
30064772076,68719477715,REACHING_DEF,"from Project import _hash, _valid_email, _valid_phone, _valid_national_id"
30064772076,30064772077,REACHING_DEF,"from Project import _hash, _valid_email, _valid_phone, _valid_national_id"
30064772076,124554051611,REACHING_DEF,"from Project import _hash, _valid_email, _valid_phone, _valid_national_id"
30064772077,124554051611,REACHING_DEF,"_valid_national_id = from Project import _hash, _valid_email, _valid_phone, _valid_national_id"
30064772078,68719477718,REACHING_DEF,[]
30064772078,30064772079,REACHING_DEF,[]
30064772078,124554051612,REACHING_DEF,[]
30064772079,124554051612,REACHING_DEF,users = []
30064772080,30064772081,REACHING_DEF,{i}
30064772081,68719477720,REACHING_DEF,"f""user{i}@example.com"""
30064772081,30064772082,REACHING_DEF,"f""user{i}@example.com"""
30064772081,124554051612,REACHING_DEF,"f""user{i}@example.com"""
30064772082,124554051612,REACHING_DEF,"email = f""user{i}@example.com"""
30064772083,30064772084,REACHING_DEF,i % 10000000
30064772083,124554051612,REACHING_DEF,i % 10000000
30064772084,30064772085,REACHING_DEF,{i % 10000000:07d}
30064772084,124554051612,REACHING_DEF,{i % 10000000:07d}
30064772085,68719477722,REACHING_DEF,"f""+2010{i % 10000000:07d}"""
30064772085,30064772086,REACHING_DEF,"f""+2010{i % 10000000:07d}"""
30064772085,124554051612,REACHING_DEF,"f""+2010{i % 10000000:07d}"""
30064772086,124554051612,REACHING_DEF,"phone = f""+2010{i % 10000000:07d}"""
30064772087,30064772088,REACHING_DEF,10000000000000 + i
30064772087,124554051612,REACHING_DEF,10000000000000 + i
30064772088,68719477725,REACHING_DEF,str(10000000000000 + i)
30064772088,30064772089,REACHING_DEF,str(10000000000000 + i)
30064772088,124554051612,REACHING_DEF,str(10000000000000 + i)
30064772089,124554051612,REACHING_DEF,national_id = str(10000000000000 + i)
30064772090,30064772091,REACHING_DEF,{i}
30064772090,124554051612,REACHING_DEF,{i}
30064772091,68719477727,REACHING_DEF,"f""password{i}"""
30064772091,30064772092,REACHING_DEF,"f""password{i}"""
30064772091,124554051612,REACHING_DEF,"f""password{i}"""
30064772092,124554051612,REACHING_DEF,"password = f""password{i}"""
30064772093,30064772094,REACHING_DEF,_valid_email(email)
30064772093,30064772096,REACHING_DEF,_valid_email(email)
30064772093,30064772095,REACHING_DEF,_valid_email(email)
30064772093,124554051612,REACHING_DEF,_valid_email(email)
30064772094,30064772093,REACHING_DEF,_valid_phone(phone)
30064772094,30064772096,REACHING_DEF,_valid_phone(phone)
30064772094,30064772095,REACHING_DEF,_valid_phone(phone)
30064772094,124554051612,REACHING_DEF,_valid_phone(phone)
30064772095,30064772093,REACHING_DEF,_valid_national_id(national_id)
30064772095,30064772094,REACHING_DEF,_valid_national_id(national_id)
30064772095,30064772096,REACHING_DEF,_valid_national_id(national_id)
30064772095,124554051612,REACHING_DEF,_valid_national_id(national_id)
30064772096,124554051612,REACHING_DEF,_valid_email(email) and _valid_phone(phone) and _valid_national_id(national_id)
30064772097,68719477736,REACHING_DEF,"_hash(password, ""demo_salt"")"
30064772097,30064772098,REACHING_DEF,"_hash(password, ""demo_salt"")"
30064772097,124554051612,REACHING_DEF,"_hash(password, ""demo_salt"")"
30064772098,124554051612,REACHING_DEF,"hashed = _hash(password, ""demo_salt"")"
30064772099,68719477737,REACHING_DEF,{}
30064772099,30064772100,REACHING_DEF,{}
30064772099,124554051612,REACHING_DEF,{}
30064772100,124554051612,REACHING_DEF,tmp0 = {}
30064772101,68719477738,REACHING_DEF,"tmp0[""id""]"
30064772101,68719477746,REACHING_DEF,"tmp0[""id""]"
30064772101,68719477740,REACHING_DEF,"tmp0[""id""]"
30064772101,68719477742,REACHING_DEF,"tmp0[""id""]"
30064772101,25769804010,REACHING_DEF,"tmp0[""id""]"
30064772101,68719477744,REACHING_DEF,"tmp0[""id""]"
30064772101,30064772102,REACHING_DEF,"tmp0[""id""]"
30064772101,124554051612,REACHING_DEF,"tmp0[""id""]"
30064772102,124554051612,REACHING_DEF,"tmp0[""id""] = i"
30064772103,68719477738,REACHING_DEF,"tmp0[""email""]"
30064772103,68719477746,REACHING_DEF,"tmp0[""email""]"
30064772103,30064772104,REACHING_DEF,"tmp0[""email""]"
30064772103,68719477740,REACHING_DEF,"tmp0[""email""]"
30064772103,68719477742,REACHING_DEF,"tmp0[""email""]"
30064772103,25769804010,REACHING_DEF,"tmp0[""email""]"
30064772103,68719477744,REACHING_DEF,"tmp0[""email""]"
30064772103,124554051612,REACHING_DEF,"tmp0[""email""]"
30064772104,124554051612,REACHING_DEF,"tmp0[""email""] = email"
30064772105,68719477738,REACHING_DEF,"tmp0[""phone""]"
30064772105,68719477746,REACHING_DEF,"tmp0[""phone""]"
30064772105,68719477740,REACHING_DEF,"tmp0[""phone""]"
30064772105,68719477742,REACHING_DEF,"tmp0[""phone""]"
30064772105,25769804010,REACHING_DEF,"tmp0[""phone""]"
30064772105,68719477744,REACHING_DEF,"tmp0[""phone""]"
30064772105,30064772106,REACHING_DEF,"tmp0[""phone""]"
30064772105,124554051612,REACHING_DEF,"tmp0[""phone""]"
30064772106,124554051612,REACHING_DEF,"tmp0[""phone""] = phone"
30064772107,68719477738,REACHING_DEF,"tmp0[""national_id""]"
30064772107,68719477746,REACHING_DEF,"tmp0[""national_id""]"
30064772107,68719477740,REACHING_DEF,"tmp0[""national_id""]"
30064772107,30064772108,REACHING_DEF,"tmp0[""national_id""]"
30064772107,68719477742,REACHING_DEF,"tmp0[""national_id""]"
30064772107,25769804010,REACHING_DEF,"tmp0[""national_id""]"
30064772107,68719477744,REACHING_DEF,"tmp0[""national_id""]"
30064772107,124554051612,REACHING_DEF,"tmp0[""national_id""]"
30064772108,124554051612,REACHING_DEF,"tmp0[""national_id""] = national_id"
30064772109,68719477738,REACHING_DEF,"tmp0[""password""]"
30064772109,30064772110,REACHING_DEF,"tmp0[""password""]"
30064772109,68719477746,REACHING_DEF,"tmp0[""password""]"
30064772109,68719477740,REACHING_DEF,"tmp0[""password""]"
30064772109,68719477742,REACHING_DEF,"tmp0[""password""]"
30064772109,25769804010,REACHING_DEF,"tmp0[""password""]"
30064772109,68719477744,REACHING_DEF,"tmp0[""password""]"
30064772109,124554051612,REACHING_DEF,"tmp0[""password""]"
30064772110,124554051612,REACHING_DEF,"tmp0[""password""] = hashed"
30064772112,124554051612,REACHING_DEF,"users.append({""id"":i, ""email"":email, ""phone"":phone, ""national_id"":national_id, ""password"":hashed})"
30064772113,68719477753,REACHING_DEF,range(n)
30064772113,30064772114,REACHING_DEF,range(n)
30064772113,124554051612,REACHING_DEF,range(n)
30064772114,124554051612,REACHING_DEF,tmp2 = range(n)
30064772116,25769804012,REACHING_DEF,tmp2.__iter__()
30064772116,124554051612,REACHING_DEF,tmp2.__iter__()
30064772117,124554051612,REACHING_DEF,"tmp1 = tmp2 = range(n)
tmp2.__iter__()"
30064772119,68719477759,REACHING_DEF,tmp1.__next__()
30064772119,30064772120,REACHING_DEF,tmp1.__next__()
30064772119,124554051612,REACHING_DEF,tmp1.__next__()
30064772120,124554051612,REACHING_DEF,i = tmp1.__next__()
30064772121,124554051611,REACHING_DEF,generate_bulk_users = def generate_bulk_users(...)
30064772122,68719477762,REACHING_DEF,[]
30064772122,30064772123,REACHING_DEF,[]
30064772122,124554051613,REACHING_DEF,[]
30064772123,124554051613,REACHING_DEF,tmp3 = []
30064772124,68719477764,REACHING_DEF,"u[""password""]"
30064772124,30064772125,REACHING_DEF,"u[""password""]"
30064772124,68719477763,REACHING_DEF,"u[""password""]"
30064772124,124554051613,REACHING_DEF,"u[""password""]"
30064772125,124554051613,REACHING_DEF,"tmp4 = u[""password""]"
30064772127,25769804016,REACHING_DEF,"u[""password""].upper()"
30064772127,124554051613,REACHING_DEF,"u[""password""].upper()"
30064772129,124554051613,REACHING_DEF,"tmp3.append(tmp4 = u[""password""]
u[""password""].upper())"
30064772131,68719477771,REACHING_DEF,users.__iter__()
30064772131,30064772132,REACHING_DEF,users.__iter__()
30064772131,124554051613,REACHING_DEF,users.__iter__()
30064772132,124554051613,REACHING_DEF,tmp5 = users.__iter__()
30064772134,68719477774,REACHING_DEF,tmp5.__next__()
30064772134,30064772135,REACHING_DEF,tmp5.__next__()
30064772134,124554051613,REACHING_DEF,tmp5.__next__()
30064772135,124554051613,REACHING_DEF,u = tmp5.__next__()
30064772136,124554051611,REACHING_DEF,process_users = def process_users(...)
30064772137,141733920802,REACHING_DEF,len(users)
30064772137,124554051614,REACHING_DEF,len(users)
30064772138,124554051611,REACHING_DEF,calculate_stats = def calculate_stats(...)
30064772139,68719477780,REACHING_DEF,generate_bulk_users(200000)
30064772139,30064772140,REACHING_DEF,generate_bulk_users(200000)
30064772139,124554051611,REACHING_DEF,generate_bulk_users(200000)
30064772140,124554051611,REACHING_DEF,users = generate_bulk_users(200000)
30064772141,68719477783,REACHING_DEF,process_users(users)
30064772141,30064772142,REACHING_DEF,process_users(users)
30064772141,124554051611,REACHING_DEF,process_users(users)
30064772142,124554051611,REACHING_DEF,processed = process_users(users)
30064772143,68719477786,REACHING_DEF,calculate_stats(users)
30064772143,30064772144,REACHING_DEF,calculate_stats(users)
30064772143,124554051611,REACHING_DEF,calculate_stats(users)
30064772144,124554051611,REACHING_DEF,total = calculate_stats(users)
30064772145,30064772146,REACHING_DEF,{total}
30064772145,124554051611,REACHING_DEF,{total}
30064772146,30064772147,REACHING_DEF,"f""Total users generated: {total}"""
30064772146,124554051611,REACHING_DEF,"f""Total users generated: {total}"""
30064772147,124554051611,REACHING_DEF,"print(f""Total users generated: {total}"")"
30064772148,30064772149,REACHING_DEF,processed[0]
30064772148,124554051611,REACHING_DEF,processed[0]
30064772149,30064772150,REACHING_DEF,{processed[0]}
30064772149,124554051611,REACHING_DEF,{processed[0]}
30064772150,30064772151,REACHING_DEF,"f""Sample processed hash: {processed[0]}"""
30064772150,124554051611,REACHING_DEF,"f""Sample processed hash: {processed[0]}"""
30064772151,124554051611,REACHING_DEF,"print(f""Sample processed hash: {processed[0]}"")"
30064772152,124554051615,REACHING_DEF,print = __builtins__.print
30064772153,68719477792,REACHING_DEF,import os
30064772153,30064772154,REACHING_DEF,import os
30064772153,124554051615,REACHING_DEF,import os
30064772154,124554051615,REACHING_DEF,os = import os
30064772155,68719477794,REACHING_DEF,import sys
30064772155,30064772156,REACHING_DEF,import sys
30064772155,124554051615,REACHING_DEF,import sys
30064772156,124554051615,REACHING_DEF,sys = import sys
30064772157,68719477796,REACHING_DEF,"from Project import _valid_email, _hash"
30064772157,30064772158,REACHING_DEF,"from Project import _valid_email, _hash"
30064772158,124554051615,REACHING_DEF,"_valid_email = from Project import _valid_email, _hash"
30064772159,68719477798,REACHING_DEF,"from Project import _valid_email, _hash"
30064772159,30064772160,REACHING_DEF,"from Project import _valid_email, _hash"
30064772159,124554051615,REACHING_DEF,"from Project import _valid_email, _hash"
30064772160,124554051615,REACHING_DEF,"_hash = from Project import _valid_email, _hash"
30064772161,68719477805,REACHING_DEF,os.path
30064772161,30064772165,REACHING_DEF,os.path
30064772161,68719477801,REACHING_DEF,os.path
30064772161,30064772162,REACHING_DEF,os.path
30064772162,124554051615,REACHING_DEF,tmp0 = os.path
30064772164,25769804023,REACHING_DEF,"os.path.abspath(""Project.py"")"
30064772164,124554051615,REACHING_DEF,"os.path.abspath(""Project.py"")"
30064772165,68719477806,REACHING_DEF,os.path
30064772165,30064772166,REACHING_DEF,os.path
30064772165,124554051615,REACHING_DEF,os.path
30064772166,124554051615,REACHING_DEF,tmp1 = os.path
30064772168,25769804024,REACHING_DEF,os.path.abspath(__file__)
30064772168,124554051615,REACHING_DEF,os.path.abspath(__file__)
30064772169,68719477809,REACHING_DEF,"{tmp0 = os.path
os.path.abspath(""Project.py""), tmp1 = os.path
os.path.abspath(__file__)}"
30064772169,30064772170,REACHING_DEF,"{tmp0 = os.path
os.path.abspath(""Project.py""), tmp1 = os.path
os.path.abspath(__file__)}"
30064772169,124554051615,REACHING_DEF,"{tmp0 = os.path
os.path.abspath(""Project.py""), tmp1 = os.path
os.path.abspath(__file__)}"
30064772170,124554051615,REACHING_DEF,"OWN_FILES = {tmp0 = os.path
os.path.abspath(""Project.py""), tmp1 = os.path
os.path.abspath(__file__)}"
30064772171,68719477821,REACHING_DEF,frame.f_code
30064772171,115964117013,REACHING_DEF,frame.f_code
30064772171,68719477812,REACHING_DEF,frame.f_code
30064772171,30064772172,REACHING_DEF,frame.f_code
30064772171,124554051616,REACHING_DEF,frame.f_code
30064772172,124554051616,REACHING_DEF,code = frame.f_code
30064772173,68719477819,REACHING_DEF,code.co_filename
30064772173,68719477817,REACHING_DEF,code.co_filename
30064772173,30064772177,REACHING_DEF,code.co_filename
30064772173,124554051616,REACHING_DEF,code.co_filename
30064772174,68719477815,REACHING_DEF,os.path
30064772174,30064772175,REACHING_DEF,os.path
30064772174,124554051616,REACHING_DEF,os.path
30064772175,124554051616,REACHING_DEF,tmp2 = os.path
30064772177,25769804026,REACHING_DEF,os.path.abspath(code.co_filename)
30064772177,124554051616,REACHING_DEF,os.path.abspath(code.co_filename)
30064772178,124554051616,REACHING_DEF,"tmp2 = os.path
os.path.abspath(code.co_filename) not in OWN_FILES"
30064772179,68719477820,REACHING_DEF,code.co_name
30064772179,30064772180,REACHING_DEF,code.co_name
30064772181,68719477822,REACHING_DEF,frame.f_lineno
30064772181,30064772182,REACHING_DEF,frame.f_lineno
30064772183,30064772184,REACHING_DEF,{event}
30064772183,30064772185,REACHING_DEF,{event}
30064772183,30064772186,REACHING_DEF,{event}
30064772184,30064772183,REACHING_DEF,{func_name}
30064772184,30064772185,REACHING_DEF,{func_name}
30064772184,30064772186,REACHING_DEF,{func_name}
30064772185,30064772183,REACHING_DEF,{line_no}
30064772185,30064772184,REACHING_DEF,{line_no}
30064772185,30064772186,REACHING_DEF,{line_no}
30064772186,30064772187,REACHING_DEF,"f""A {event} event encountered in {func_name}() at line number {line_no}"""
30064772188,124554051615,REACHING_DEF,my_tracer = def my_tracer(...)
30064772189,68719477831,REACHING_DEF,_valid_email(email)
30064772189,30064772190,REACHING_DEF,_valid_email(email)
30064772189,124554051617,REACHING_DEF,_valid_email(email)
30064772190,124554051617,REACHING_DEF,is_valid = _valid_email(email)
30064772191,68719477834,REACHING_DEF,"_hash(password, ""demo_salt"")"
30064772191,30064772192,REACHING_DEF,"_hash(password, ""demo_salt"")"
30064772191,124554051617,REACHING_DEF,"_hash(password, ""demo_salt"")"
30064772192,124554051617,REACHING_DEF,"hashed_password = _hash(password, ""demo_salt"")"
30064772193,141733920805,REACHING_DEF,"(is_valid, hashed_password)"
30064772193,124554051617,REACHING_DEF,"(is_valid, hashed_password)"
30064772194,124554051615,REACHING_DEF,check_registration = def check_registration(...)
30064772196,124554051615,REACHING_DEF,sys.settrace(my_tracer)
30064772197,68719477841,REACHING_DEF,"check_registration(""student@iut-dhaka.edu"", ""mypassword123"")"
30064772197,30064772198,REACHING_DEF,"check_registration(""student@iut-dhaka.edu"", ""mypassword123"")"
30064772197,124554051615,REACHING_DEF,"check_registration(""student@iut-dhaka.edu"", ""mypassword123"")"
30064772198,124554051615,REACHING_DEF,"result = check_registration(""student@iut-dhaka.edu"", ""mypassword123"")"
30064772200,124554051615,REACHING_DEF,sys.settrace(None)
30064772201,124554051615,REACHING_DEF,"print(""\nResult:"", result)"
68719476736,30064771072,REACHING_DEF,any
68719476736,68719476863,REACHING_DEF,any
68719476736,68719477005,REACHING_DEF,any
68719476736,68719477247,REACHING_DEF,any
68719476736,68719477486,REACHING_DEF,any
68719476736,124554051584,REACHING_DEF,any
68719476737,30064771073,REACHING_DEF,input
68719476737,68719476899,REACHING_DEF,input
68719476737,68719476914,REACHING_DEF,input
68719476737,68719476926,REACHING_DEF,input
68719476737,68719476940,REACHING_DEF,input
68719476737,68719477053,REACHING_DEF,input
68719476737,68719477097,REACHING_DEF,input
68719476737,68719477144,REACHING_DEF,input
68719476737,68719477271,REACHING_DEF,input
68719476737,68719477416,REACHING_DEF,input
68719476737,68719477607,REACHING_DEF,input
68719476737,68719477627,REACHING_DEF,input
68719476737,68719477647,REACHING_DEF,input
68719476737,124554051584,REACHING_DEF,input
68719476738,30064771074,REACHING_DEF,len
68719476738,68719477301,REACHING_DEF,len
68719476738,68719476987,REACHING_DEF,len
68719476738,124554051584,REACHING_DEF,len
68719476739,30064771075,REACHING_DEF,max
68719476739,68719477018,REACHING_DEF,max
68719476739,68719477187,REACHING_DEF,max
68719476739,124554051584,REACHING_DEF,max
68719476740,30064771076,REACHING_DEF,next
68719476740,68719477071,REACHING_DEF,next
68719476740,68719477228,REACHING_DEF,next
68719476740,68719477365,REACHING_DEF,next
68719476740,68719477406,REACHING_DEF,next
68719476740,68719477508,REACHING_DEF,next
68719476740,68719477572,REACHING_DEF,next
68719476740,124554051584,REACHING_DEF,next
68719476741,30064771077,REACHING_DEF,open
68719476741,68719476794,REACHING_DEF,open
68719476741,68719476813,REACHING_DEF,open
68719476741,124554051584,REACHING_DEF,open
68719476742,30064771078,REACHING_DEF,print
68719476742,68719476905,REACHING_DEF,print
68719476742,68719476923,REACHING_DEF,print
68719476742,68719476974,REACHING_DEF,print
68719476742,68719477052,REACHING_DEF,print
68719476742,68719477096,REACHING_DEF,print
68719476742,68719477141,REACHING_DEF,print
68719476742,68719477302,REACHING_DEF,print
68719476742,68719477333,REACHING_DEF,print
68719476742,68719477409,REACHING_DEF,print
68719476742,68719477452,REACHING_DEF,print
68719476742,68719477487,REACHING_DEF,print
68719476742,68719477575,REACHING_DEF,print
68719476742,68719477601,REACHING_DEF,print
68719476742,68719477622,REACHING_DEF,print
68719476742,68719477642,REACHING_DEF,print
68719476742,68719476937,REACHING_DEF,print
68719476742,124554051584,REACHING_DEF,print
68719476743,30064771079,REACHING_DEF,range
68719476743,68719477086,REACHING_DEF,range
68719476743,68719477131,REACHING_DEF,range
68719476744,30064771080,REACHING_DEF,bool
68719476744,68719476962,REACHING_DEF,bool
68719476744,68719476967,REACHING_DEF,bool
68719476744,68719476972,REACHING_DEF,bool
68719476744,124554051584,REACHING_DEF,bool
68719476745,30064771081,REACHING_DEF,int
68719476745,68719476922,REACHING_DEF,int
68719476745,124554051584,REACHING_DEF,int
68719476746,30064771082,REACHING_DEF,range
68719476746,68719477086,REACHING_DEF,range
68719476746,68719477131,REACHING_DEF,range
68719476746,124554051584,REACHING_DEF,range
68719476747,30064771084,REACHING_DEF,json
68719476747,68719476791,REACHING_DEF,json
68719476747,68719476810,REACHING_DEF,json
68719476747,68719476791,REACHING_DEF,json
68719476747,68719476810,REACHING_DEF,json
68719476747,68719476791,REACHING_DEF,json
68719476747,68719476810,REACHING_DEF,json
68719476747,68719476791,REACHING_DEF,json
68719476747,68719476810,REACHING_DEF,json
68719476747,68719476791,REACHING_DEF,json
68719476747,68719476810,REACHING_DEF,json
68719476747,124554051584,REACHING_DEF,json
68719476749,30064771086,REACHING_DEF,os
68719476749,68719476781,REACHING_DEF,os
68719476749,68719476828,REACHING_DEF,os
68719476749,68719477020,REACHING_DEF,os
68719476749,68719476781,REACHING_DEF,os
68719476749,68719476828,REACHING_DEF,os
68719476749,68719477020,REACHING_DEF,os
68719476749,68719476781,REACHING_DEF,os
68719476749,68719476828,REACHING_DEF,os
68719476749,68719477020,REACHING_DEF,os
68719476749,68719476781,REACHING_DEF,os
68719476749,68719476828,REACHING_DEF,os
68719476749,68719477020,REACHING_DEF,os
68719476749,68719476781,REACHING_DEF,os
68719476749,68719476828,REACHING_DEF,os
68719476749,68719477020,REACHING_DEF,os
68719476749,124554051584,REACHING_DEF,os
68719476751,30064771088,REACHING_DEF,re
68719476751,68719476960,REACHING_DEF,re
68719476751,68719476965,REACHING_DEF,re
68719476751,68719476970,REACHING_DEF,re
68719476751,68719476960,REACHING_DEF,re
68719476751,68719476965,REACHING_DEF,re
68719476751,68719476970,REACHING_DEF,re
68719476751,68719476960,REACHING_DEF,re
68719476751,68719476965,REACHING_DEF,re
68719476751,68719476970,REACHING_DEF,re
68719476751,68719476960,REACHING_DEF,re
68719476751,68719476965,REACHING_DEF,re
68719476751,68719476970,REACHING_DEF,re
68719476751,68719476960,REACHING_DEF,re
68719476751,68719476965,REACHING_DEF,re
68719476751,68719476970,REACHING_DEF,re
68719476751,124554051584,REACHING_DEF,re
68719476753,30064771090,REACHING_DEF,random
68719476753,68719477422,REACHING_DEF,random
68719476753,68719477422,REACHING_DEF,random
68719476753,68719477422,REACHING_DEF,random
68719476753,68719477422,REACHING_DEF,random
68719476753,68719477422,REACHING_DEF,random
68719476753,124554051584,REACHING_DEF,random
68719476755,30064771092,REACHING_DEF,datetime
68719476755,68719476932,REACHING_DEF,datetime
68719476755,68719477425,REACHING_DEF,datetime
68719476755,68719476932,REACHING_DEF,datetime
68719476755,68719477425,REACHING_DEF,datetime
68719476755,68719476932,REACHING_DEF,datetime
68719476755,68719477425,REACHING_DEF,datetime
68719476755,68719476932,REACHING_DEF,datetime
68719476755,68719477425,REACHING_DEF,datetime
68719476755,68719476932,REACHING_DEF,datetime
68719476755,68719477425,REACHING_DEF,datetime
68719476755,124554051584,REACHING_DEF,datetime
68719476757,30064771094,REACHING_DEF,hashlib
68719476757,68719476953,REACHING_DEF,hashlib
68719476757,68719476953,REACHING_DEF,hashlib
68719476757,68719476953,REACHING_DEF,hashlib
68719476757,68719476953,REACHING_DEF,hashlib
68719476757,68719476953,REACHING_DEF,hashlib
68719476757,124554051584,REACHING_DEF,hashlib
68719476759,30064771096,REACHING_DEF,sys
68719476759,68719476774,REACHING_DEF,sys
68719476759,30064771109,REACHING_DEF,sys
68719476759,68719476770,REACHING_DEF,sys
68719476759,68719476761,REACHING_DEF,sys
68719476759,68719476767,REACHING_DEF,sys
68719476759,30064771097,REACHING_DEF,sys
68719476759,68719476771,REACHING_DEF,sys
68719476759,30064771103,REACHING_DEF,sys
68719476759,124554051584,REACHING_DEF,sys
68719476762,68719476763,REACHING_DEF,tmp0
68719476762,30064771098,REACHING_DEF,tmp0
68719476762,68719476764,REACHING_DEF,tmp0
68719476764,30064771100,REACHING_DEF,tmp0
68719476764,124554051584,REACHING_DEF,tmp0
68719476765,30064771102,REACHING_DEF,io
68719476765,68719476769,REACHING_DEF,io
68719476765,68719476768,REACHING_DEF,io
68719476769,30064771104,REACHING_DEF,io
68719476769,30064771106,REACHING_DEF,io
68719476769,68719476772,REACHING_DEF,io
68719476769,68719476773,REACHING_DEF,io
68719476773,30064771110,REACHING_DEF,io
68719476773,30064771112,REACHING_DEF,io
68719476773,124554051584,REACHING_DEF,io
68719476775,30064771115,REACHING_DEF,USERS_FILE
68719476775,68719476848,REACHING_DEF,USERS_FILE
68719476775,68719476990,REACHING_DEF,USERS_FILE
68719476775,68719477055,REACHING_DEF,USERS_FILE
68719476775,68719477104,REACHING_DEF,USERS_FILE
68719476775,68719477323,REACHING_DEF,USERS_FILE
68719476775,68719476848,REACHING_DEF,USERS_FILE
68719476775,68719476990,REACHING_DEF,USERS_FILE
68719476775,68719477055,REACHING_DEF,USERS_FILE
68719476775,68719477104,REACHING_DEF,USERS_FILE
68719476775,68719477323,REACHING_DEF,USERS_FILE
68719476775,124554051584,REACHING_DEF,USERS_FILE
68719476776,30064771116,REACHING_DEF,CENTERS_FILE
68719476776,68719476827,REACHING_DEF,CENTERS_FILE
68719476776,68719477173,REACHING_DEF,CENTERS_FILE
68719476776,68719477279,REACHING_DEF,CENTERS_FILE
68719476776,68719477329,REACHING_DEF,CENTERS_FILE
68719476776,68719477448,REACHING_DEF,CENTERS_FILE
68719476776,68719477489,REACHING_DEF,CENTERS_FILE
68719476776,68719477577,REACHING_DEF,CENTERS_FILE
68719476776,68719476827,REACHING_DEF,CENTERS_FILE
68719476776,68719477173,REACHING_DEF,CENTERS_FILE
68719476776,68719477279,REACHING_DEF,CENTERS_FILE
68719476776,68719477329,REACHING_DEF,CENTERS_FILE
68719476776,68719477448,REACHING_DEF,CENTERS_FILE
68719476776,68719477489,REACHING_DEF,CENTERS_FILE
68719476776,68719477577,REACHING_DEF,CENTERS_FILE
68719476776,124554051584,REACHING_DEF,CENTERS_FILE
68719476777,30064771117,REACHING_DEF,RESERVATIONS_FILE
68719476777,68719476890,REACHING_DEF,RESERVATIONS_FILE
68719476777,68719477232,REACHING_DEF,RESERVATIONS_FILE
68719476777,68719477326,REACHING_DEF,RESERVATIONS_FILE
68719476777,68719477388,REACHING_DEF,RESERVATIONS_FILE
68719476777,68719477471,REACHING_DEF,RESERVATIONS_FILE
68719476777,68719477556,REACHING_DEF,RESERVATIONS_FILE
68719476777,68719476890,REACHING_DEF,RESERVATIONS_FILE
68719476777,68719477232,REACHING_DEF,RESERVATIONS_FILE
68719476777,68719477326,REACHING_DEF,RESERVATIONS_FILE
68719476777,68719477388,REACHING_DEF,RESERVATIONS_FILE
68719476777,68719477471,REACHING_DEF,RESERVATIONS_FILE
68719476777,68719477556,REACHING_DEF,RESERVATIONS_FILE
68719476777,124554051584,REACHING_DEF,RESERVATIONS_FILE
68719476778,30064771118,REACHING_DEF,MAX_LOGIN_ATTEMPTS
68719476778,68719477085,REACHING_DEF,MAX_LOGIN_ATTEMPTS
68719476778,68719477130,REACHING_DEF,MAX_LOGIN_ATTEMPTS
68719476778,68719477085,REACHING_DEF,MAX_LOGIN_ATTEMPTS
68719476778,68719477130,REACHING_DEF,MAX_LOGIN_ATTEMPTS
68719476778,124554051584,REACHING_DEF,MAX_LOGIN_ATTEMPTS
68719476779,30064771143,REACHING_DEF,_load
68719476779,68719476849,REACHING_DEF,_load
68719476779,68719476991,REACHING_DEF,_load
68719476779,68719477056,REACHING_DEF,_load
68719476779,68719477105,REACHING_DEF,_load
68719476779,68719477174,REACHING_DEF,_load
68719476779,68719477280,REACHING_DEF,_load
68719476779,68719477324,REACHING_DEF,_load
68719476779,68719477389,REACHING_DEF,_load
68719476779,68719477449,REACHING_DEF,_load
68719476779,68719477472,REACHING_DEF,_load
68719476779,68719477557,REACHING_DEF,_load
68719476779,124554051584,REACHING_DEF,_load
68719476780,68719476793,REACHING_DEF,filepath
68719476780,68719476784,REACHING_DEF,filepath
68719476780,30064771122,REACHING_DEF,filepath
68719476780,68719476785,REACHING_DEF,filepath
68719476782,30064771120,REACHING_DEF,tmp1
68719476782,68719476784,REACHING_DEF,tmp1
68719476782,68719476783,REACHING_DEF,tmp1
68719476784,68719476780,REACHING_DEF,tmp1
68719476784,30064771122,REACHING_DEF,tmp1
68719476784,124554051585,REACHING_DEF,tmp1
68719476785,68719476793,REACHING_DEF,filepath
68719476785,68719476789,REACHING_DEF,filepath
68719476785,30064771126,REACHING_DEF,filepath
68719476787,30064771124,REACHING_DEF,tmp2
68719476787,68719476788,REACHING_DEF,tmp2
68719476787,68719476789,REACHING_DEF,tmp2
68719476789,68719476785,REACHING_DEF,tmp2
68719476789,30064771126,REACHING_DEF,tmp2
68719476789,124554051585,REACHING_DEF,tmp2
68719476790,68719476792,REACHING_DEF,f
68719476790,30064771130,REACHING_DEF,f
68719476790,124554051585,REACHING_DEF,f
68719476792,68719476790,REACHING_DEF,json
68719476792,30064771130,REACHING_DEF,json
68719476792,124554051585,REACHING_DEF,json
68719476793,115964116992,REACHING_DEF,filepath
68719476793,30064771131,REACHING_DEF,filepath
68719476793,124554051585,REACHING_DEF,filepath
68719476795,68719476798,REACHING_DEF,manager_tmp3
68719476795,30064771133,REACHING_DEF,manager_tmp3
68719476795,68719476796,REACHING_DEF,manager_tmp3
68719476795,68719476801,REACHING_DEF,manager_tmp3
68719476795,30064771135,REACHING_DEF,manager_tmp3
68719476795,30064771132,REACHING_DEF,manager_tmp3
68719476797,30064771134,REACHING_DEF,enter_tmp4
68719476797,124554051585,REACHING_DEF,enter_tmp4
68719476799,30064771136,REACHING_DEF,exit_tmp5
68719476799,124554051585,REACHING_DEF,exit_tmp5
68719476801,68719476806,REACHING_DEF,manager_tmp3
68719476801,30064771137,REACHING_DEF,manager_tmp3
68719476801,124554051585,REACHING_DEF,manager_tmp3
68719476802,68719476803,REACHING_DEF,value_tmp6
68719476802,30064771138,REACHING_DEF,value_tmp6
68719476803,68719476804,REACHING_DEF,value_tmp6
68719476803,30064771139,REACHING_DEF,value_tmp6
68719476803,124554051585,REACHING_DEF,value_tmp6
68719476804,68719476790,REACHING_DEF,f
68719476804,30064771139,REACHING_DEF,f
68719476806,30064771140,REACHING_DEF,manager_tmp3
68719476807,30064771156,REACHING_DEF,_save
68719476807,68719476847,REACHING_DEF,_save
68719476807,68719477048,REACHING_DEF,_save
68719476807,68719477203,REACHING_DEF,_save
68719476807,68719477444,REACHING_DEF,_save
68719476807,68719477553,REACHING_DEF,_save
68719476807,124554051584,REACHING_DEF,_save
68719476808,68719476811,REACHING_DEF,data
68719476808,68719476809,REACHING_DEF,data
68719476808,30064771145,REACHING_DEF,data
68719476808,115964116994,REACHING_DEF,data
68719476808,124554051586,REACHING_DEF,data
68719476809,68719476811,REACHING_DEF,f
68719476809,68719476808,REACHING_DEF,f
68719476809,30064771145,REACHING_DEF,f
68719476809,124554051586,REACHING_DEF,f
68719476811,68719476808,REACHING_DEF,json
68719476811,68719476809,REACHING_DEF,json
68719476811,30064771145,REACHING_DEF,json
68719476811,124554051586,REACHING_DEF,json
68719476812,30064771146,REACHING_DEF,filepath
68719476812,115964116993,REACHING_DEF,filepath
68719476812,124554051586,REACHING_DEF,filepath
68719476814,68719476815,REACHING_DEF,manager_tmp7
68719476814,30064771147,REACHING_DEF,manager_tmp7
68719476814,30064771148,REACHING_DEF,manager_tmp7
68719476814,68719476820,REACHING_DEF,manager_tmp7
68719476814,30064771150,REACHING_DEF,manager_tmp7
68719476814,68719476817,REACHING_DEF,manager_tmp7
68719476816,30064771149,REACHING_DEF,enter_tmp8
68719476816,124554051586,REACHING_DEF,enter_tmp8
68719476818,30064771151,REACHING_DEF,exit_tmp9
68719476818,124554051586,REACHING_DEF,exit_tmp9
68719476820,68719476825,REACHING_DEF,manager_tmp7
68719476820,30064771152,REACHING_DEF,manager_tmp7
68719476821,30064771153,REACHING_DEF,value_tmp10
68719476821,68719476822,REACHING_DEF,value_tmp10
68719476822,68719476823,REACHING_DEF,value_tmp10
68719476822,30064771154,REACHING_DEF,value_tmp10
68719476822,124554051586,REACHING_DEF,value_tmp10
68719476823,68719476809,REACHING_DEF,f
68719476823,30064771154,REACHING_DEF,f
68719476825,30064771155,REACHING_DEF,manager_tmp7
68719476825,124554051586,REACHING_DEF,manager_tmp7
68719476826,30064771239,REACHING_DEF,init_data
68719476826,68719477641,REACHING_DEF,init_data
68719476826,124554051584,REACHING_DEF,init_data
68719476827,68719476831,REACHING_DEF,CENTERS_FILE
68719476827,30064771160,REACHING_DEF,CENTERS_FILE
68719476827,68719476845,REACHING_DEF,CENTERS_FILE
68719476827,124554051587,REACHING_DEF,CENTERS_FILE
68719476829,68719476831,REACHING_DEF,tmp11
68719476829,30064771158,REACHING_DEF,tmp11
68719476829,68719476830,REACHING_DEF,tmp11
68719476831,68719476827,REACHING_DEF,tmp11
68719476831,30064771160,REACHING_DEF,tmp11
68719476831,124554051587,REACHING_DEF,tmp11
68719476832,30064771163,REACHING_DEF,tmp12
68719476832,68719476835,REACHING_DEF,tmp12
68719476832,25769803795,REACHING_DEF,tmp12
68719476832,68719476836,REACHING_DEF,tmp12
68719476832,68719476834,REACHING_DEF,tmp12
68719476832,68719476833,REACHING_DEF,tmp12
68719476832,124554051587,REACHING_DEF,tmp12
68719476838,68719476840,REACHING_DEF,tmp13
68719476838,30064771174,REACHING_DEF,tmp13
68719476838,25769803796,REACHING_DEF,tmp13
68719476838,68719476841,REACHING_DEF,tmp13
68719476838,68719476839,REACHING_DEF,tmp13
68719476838,68719476842,REACHING_DEF,tmp13
68719476838,124554051587,REACHING_DEF,tmp13
68719476844,30064771185,REACHING_DEF,default_centers
68719476844,68719476846,REACHING_DEF,default_centers
68719476845,68719476846,REACHING_DEF,CENTERS_FILE
68719476845,30064771186,REACHING_DEF,CENTERS_FILE
68719476845,124554051587,REACHING_DEF,CENTERS_FILE
68719476846,68719476845,REACHING_DEF,default_centers
68719476846,30064771186,REACHING_DEF,default_centers
68719476846,124554051587,REACHING_DEF,default_centers
68719476848,68719476887,REACHING_DEF,USERS_FILE
68719476848,30064771187,REACHING_DEF,USERS_FILE
68719476848,124554051587,REACHING_DEF,USERS_FILE
68719476850,68719476856,REACHING_DEF,users
68719476850,30064771188,REACHING_DEF,users
68719476850,68719476857,REACHING_DEF,users
68719476851,68719476854,REACHING_DEF,tmp14
68719476851,30064771190,REACHING_DEF,tmp14
68719476851,68719476855,REACHING_DEF,tmp14
68719476851,25769803800,REACHING_DEF,tmp14
68719476851,124554051587,REACHING_DEF,tmp14
68719476853,30064771192,REACHING_DEF,u
68719476853,124554051587,REACHING_DEF,u
68719476855,68719476854,REACHING_DEF,tmp14
68719476855,30064771192,REACHING_DEF,tmp14
68719476855,30064771194,REACHING_DEF,tmp14
68719476855,25769803800,REACHING_DEF,tmp14
68719476855,124554051587,REACHING_DEF,tmp14
68719476857,68719476886,REACHING_DEF,users
68719476857,68719476885,REACHING_DEF,users
68719476857,30064771196,REACHING_DEF,users
68719476857,124554051587,REACHING_DEF,users
68719476858,68719476860,REACHING_DEF,tmp15
68719476858,30064771197,REACHING_DEF,tmp15
68719476858,68719476859,REACHING_DEF,tmp15
68719476858,124554051587,REACHING_DEF,tmp15
68719476860,30064771199,REACHING_DEF,tmp15
68719476860,68719476859,REACHING_DEF,tmp15
68719476860,124554051587,REACHING_DEF,tmp15
68719476861,30064771200,REACHING_DEF,u
68719476861,68719476853,REACHING_DEF,u
68719476861,68719476852,REACHING_DEF,u
68719476865,68719476891,REACHING_DEF,os
68719476865,30064771204,REACHING_DEF,os
68719476865,30064771232,REACHING_DEF,os
68719476865,124554051587,REACHING_DEF,os
68719476866,68719476867,REACHING_DEF,tmp16
68719476866,68719476868,REACHING_DEF,tmp16
68719476866,30064771205,REACHING_DEF,tmp16
68719476868,30064771207,REACHING_DEF,tmp16
68719476868,124554051587,REACHING_DEF,tmp16
68719476869,30064771208,REACHING_DEF,admin_salt
68719476869,68719476875,REACHING_DEF,admin_salt
68719476870,68719476880,REACHING_DEF,tmp17
68719476870,68719476874,REACHING_DEF,tmp17
68719476870,30064771210,REACHING_DEF,tmp17
68719476870,68719476877,REACHING_DEF,tmp17
68719476870,68719476871,REACHING_DEF,tmp17
68719476870,68719476881,REACHING_DEF,tmp17
68719476870,68719476873,REACHING_DEF,tmp17
68719476870,68719476879,REACHING_DEF,tmp17
68719476870,25769803802,REACHING_DEF,tmp17
68719476870,68719476872,REACHING_DEF,tmp17
68719476870,124554051587,REACHING_DEF,tmp17
68719476875,68719476878,REACHING_DEF,admin_salt
68719476875,30064771218,REACHING_DEF,admin_salt
68719476878,30064771220,REACHING_DEF,admin_salt
68719476878,30064771221,REACHING_DEF,admin_salt
68719476878,124554051587,REACHING_DEF,admin_salt
68719476883,68719476884,REACHING_DEF,admin_user
68719476883,30064771228,REACHING_DEF,admin_user
68719476884,68719476886,REACHING_DEF,admin_user
68719476884,30064771230,REACHING_DEF,admin_user
68719476884,124554051587,REACHING_DEF,admin_user
68719476886,68719476888,REACHING_DEF,users
68719476886,68719476884,REACHING_DEF,users
68719476886,30064771230,REACHING_DEF,users
68719476887,68719476888,REACHING_DEF,USERS_FILE
68719476887,30064771231,REACHING_DEF,USERS_FILE
68719476887,124554051587,REACHING_DEF,USERS_FILE
68719476888,68719476887,REACHING_DEF,users
68719476888,30064771231,REACHING_DEF,users
68719476888,124554051587,REACHING_DEF,users
68719476890,68719476894,REACHING_DEF,RESERVATIONS_FILE
68719476890,30064771235,REACHING_DEF,RESERVATIONS_FILE
68719476890,68719476895,REACHING_DEF,RESERVATIONS_FILE
68719476892,68719476894,REACHING_DEF,tmp18
68719476892,68719476893,REACHING_DEF,tmp18
68719476892,30064771233,REACHING_DEF,tmp18
68719476894,68719476890,REACHING_DEF,tmp18
68719476894,30064771235,REACHING_DEF,tmp18
68719476894,124554051587,REACHING_DEF,tmp18
68719476895,30064771237,REACHING_DEF,RESERVATIONS_FILE
68719476895,30064771238,REACHING_DEF,RESERVATIONS_FILE
68719476895,124554051587,REACHING_DEF,RESERVATIONS_FILE
68719476897,30064771251,REACHING_DEF,_ask
68719476897,68719476975,REACHING_DEF,_ask
68719476897,68719477147,REACHING_DEF,_ask
68719476897,68719477517,REACHING_DEF,_ask
68719476897,124554051584,REACHING_DEF,_ask
68719476898,30064771240,REACHING_DEF,prompt
68719476898,115964116995,REACHING_DEF,prompt
68719476898,124554051588,REACHING_DEF,prompt
68719476900,68719476901,REACHING_DEF,tmp19
68719476900,30064771241,REACHING_DEF,tmp19
68719476900,68719476902,REACHING_DEF,tmp19
68719476902,30064771243,REACHING_DEF,tmp19
68719476902,124554051588,REACHING_DEF,tmp19
68719476903,30064771244,REACHING_DEF,value
68719476903,68719476904,REACHING_DEF,value
68719476904,68719476911,REACHING_DEF,value
68719476904,68719476907,REACHING_DEF,value
68719476904,30064771245,REACHING_DEF,value
68719476904,124554051588,REACHING_DEF,value
68719476906,30064771248,REACHING_DEF,validator
68719476906,30064771249,REACHING_DEF,validator
68719476906,115964116996,REACHING_DEF,validator
68719476906,124554051588,REACHING_DEF,validator
68719476907,68719476911,REACHING_DEF,value
68719476907,30064771247,REACHING_DEF,value
68719476907,124554051588,REACHING_DEF,value
68719476909,115964116997,REACHING_DEF,error_msg
68719476909,30064771250,REACHING_DEF,error_msg
68719476909,124554051588,REACHING_DEF,error_msg
68719476911,141733920771,REACHING_DEF,value
68719476912,30064771261,REACHING_DEF,_ask_int
68719476912,68719477213,REACHING_DEF,_ask_int
68719476912,68719477391,REACHING_DEF,_ask_int
68719476912,68719477493,REACHING_DEF,_ask_int
68719476912,124554051584,REACHING_DEF,_ask_int
68719476913,115964116998,REACHING_DEF,prompt
68719476913,30064771252,REACHING_DEF,prompt
68719476913,124554051589,REACHING_DEF,prompt
68719476915,68719476916,REACHING_DEF,tmp20
68719476915,30064771253,REACHING_DEF,tmp20
68719476915,68719476917,REACHING_DEF,tmp20
68719476917,30064771255,REACHING_DEF,tmp20
68719476917,124554051589,REACHING_DEF,tmp20
68719476918,68719476919,REACHING_DEF,raw
68719476918,30064771256,REACHING_DEF,raw
68719476918,68719476920,REACHING_DEF,raw
68719476920,68719476921,REACHING_DEF,raw
68719476920,30064771258,REACHING_DEF,raw
68719476921,30064771259,REACHING_DEF,raw
68719476921,124554051589,REACHING_DEF,raw
68719476924,30064771272,REACHING_DEF,_ask_date
68719476924,68719477437,REACHING_DEF,_ask_date
68719476924,124554051584,REACHING_DEF,_ask_date
68719476925,30064771262,REACHING_DEF,prompt
68719476925,115964116999,REACHING_DEF,prompt
68719476925,124554051590,REACHING_DEF,prompt
68719476927,68719476928,REACHING_DEF,tmp21
68719476927,68719476929,REACHING_DEF,tmp21
68719476927,30064771263,REACHING_DEF,tmp21
68719476929,30064771265,REACHING_DEF,tmp21
68719476929,124554051590,REACHING_DEF,tmp21
68719476930,30064771266,REACHING_DEF,raw
68719476930,68719476931,REACHING_DEF,raw
68719476931,68719476935,REACHING_DEF,raw
68719476931,30064771270,REACHING_DEF,raw
68719476931,68719476936,REACHING_DEF,raw
68719476931,124554051590,REACHING_DEF,raw
68719476933,68719476934,REACHING_DEF,tmp22
68719476933,68719476935,REACHING_DEF,tmp22
68719476933,30064771268,REACHING_DEF,tmp22
68719476935,68719476931,REACHING_DEF,tmp22
68719476935,30064771270,REACHING_DEF,tmp22
68719476935,124554051590,REACHING_DEF,tmp22
68719476936,141733920773,REACHING_DEF,raw
68719476938,30064771283,REACHING_DEF,_confirm
68719476938,68719477250,REACHING_DEF,_confirm
68719476938,124554051584,REACHING_DEF,_confirm
68719476939,115964117000,REACHING_DEF,prompt
68719476939,30064771273,REACHING_DEF,prompt
68719476939,124554051591,REACHING_DEF,prompt
68719476941,68719476943,REACHING_DEF,tmp24
68719476941,30064771276,REACHING_DEF,tmp24
68719476941,68719476942,REACHING_DEF,tmp24
68719476943,30064771278,REACHING_DEF,tmp24
68719476943,124554051591,REACHING_DEF,tmp24
68719476944,68719476946,REACHING_DEF,tmp23
68719476944,68719476945,REACHING_DEF,tmp23
68719476944,30064771279,REACHING_DEF,tmp23
68719476946,30064771281,REACHING_DEF,tmp23
68719476946,124554051591,REACHING_DEF,tmp23
68719476947,30064771293,REACHING_DEF,_hash
68719476947,68719476876,REACHING_DEF,_hash
68719476947,68719477036,REACHING_DEF,_hash
68719476947,68719477080,REACHING_DEF,_hash
68719476947,68719477117,REACHING_DEF,_hash
68719476947,124554051584,REACHING_DEF,_hash
68719476948,115964117001,REACHING_DEF,password
68719476948,30064771284,REACHING_DEF,password
68719476948,124554051592,REACHING_DEF,password
68719476949,30064771284,REACHING_DEF,salt
68719476949,115964117002,REACHING_DEF,salt
68719476949,124554051592,REACHING_DEF,salt
68719476950,68719476952,REACHING_DEF,tmp26
68719476950,30064771285,REACHING_DEF,tmp26
68719476950,68719476951,REACHING_DEF,tmp26
68719476952,30064771287,REACHING_DEF,tmp26
68719476952,124554051592,REACHING_DEF,tmp26
68719476954,30064771289,REACHING_DEF,hashlib
68719476954,124554051592,REACHING_DEF,hashlib
68719476955,68719476956,REACHING_DEF,tmp25
68719476955,30064771290,REACHING_DEF,tmp25
68719476955,68719476957,REACHING_DEF,tmp25
68719476957,30064771292,REACHING_DEF,tmp25
68719476957,124554051592,REACHING_DEF,tmp25
68719476958,30064771297,REACHING_DEF,_valid_email
68719476958,68719476977,REACHING_DEF,_valid_email
68719476958,124554051584,REACHING_DEF,_valid_email
68719476959,68719476961,REACHING_DEF,email
68719476959,30064771295,REACHING_DEF,email
68719476959,115964117003,REACHING_DEF,email
68719476959,124554051593,REACHING_DEF,email
68719476961,68719476959,REACHING_DEF,re
68719476961,30064771295,REACHING_DEF,re
68719476961,124554051593,REACHING_DEF,re
68719476963,30064771301,REACHING_DEF,_valid_phone
68719476963,68719476980,REACHING_DEF,_valid_phone
68719476963,124554051584,REACHING_DEF,_valid_phone
68719476964,115964117004,REACHING_DEF,phone
68719476964,68719476966,REACHING_DEF,phone
68719476964,30064771299,REACHING_DEF,phone
68719476964,124554051594,REACHING_DEF,phone
68719476966,68719476964,REACHING_DEF,re
68719476966,30064771299,REACHING_DEF,re
68719476966,124554051594,REACHING_DEF,re
68719476968,30064771305,REACHING_DEF,_valid_national_id
68719476968,68719476983,REACHING_DEF,_valid_national_id
68719476968,124554051584,REACHING_DEF,_valid_national_id
68719476969,115964117005,REACHING_DEF,nid
68719476969,68719476971,REACHING_DEF,nid
68719476969,30064771303,REACHING_DEF,nid
68719476969,124554051595,REACHING_DEF,nid
68719476971,68719476969,REACHING_DEF,re
68719476971,30064771303,REACHING_DEF,re
68719476971,124554051595,REACHING_DEF,re
68719476973,30064771378,REACHING_DEF,register_user
68719476973,68719477650,REACHING_DEF,register_user
68719476973,124554051584,REACHING_DEF,register_user
68719476976,68719477030,REACHING_DEF,name
68719476976,30064771308,REACHING_DEF,name
68719476976,124554051596,REACHING_DEF,name
68719476977,30064771309,REACHING_DEF,_valid_email
68719476977,124554051596,REACHING_DEF,_valid_email
68719476979,30064771310,REACHING_DEF,email
68719476979,68719477032,REACHING_DEF,email
68719476979,68719476995,REACHING_DEF,email
68719476979,124554051596,REACHING_DEF,email
68719476980,30064771311,REACHING_DEF,_valid_phone
68719476980,124554051596,REACHING_DEF,_valid_phone
68719476982,30064771312,REACHING_DEF,phone
68719476982,68719477040,REACHING_DEF,phone
68719476982,124554051596,REACHING_DEF,phone
68719476983,30064771313,REACHING_DEF,_valid_national_id
68719476983,124554051596,REACHING_DEF,_valid_national_id
68719476985,30064771314,REACHING_DEF,national_id
68719476985,68719477042,REACHING_DEF,national_id
68719476985,124554051596,REACHING_DEF,national_id
68719476986,30064771315,REACHING_DEF,p
68719476986,115964117006,REACHING_DEF,p
68719476986,124554051597,REACHING_DEF,p
68719476989,68719477034,REACHING_DEF,password
68719476989,30064771318,REACHING_DEF,password
68719476989,124554051596,REACHING_DEF,password
68719476990,68719477046,REACHING_DEF,USERS_FILE
68719476990,30064771319,REACHING_DEF,USERS_FILE
68719476990,124554051596,REACHING_DEF,USERS_FILE
68719476992,68719476998,REACHING_DEF,users
68719476992,30064771320,REACHING_DEF,users
68719476992,68719476999,REACHING_DEF,users
68719476993,68719476997,REACHING_DEF,tmp27
68719476993,68719476996,REACHING_DEF,tmp27
68719476993,30064771322,REACHING_DEF,tmp27
68719476993,25769803835,REACHING_DEF,tmp27
68719476993,124554051596,REACHING_DEF,tmp27
68719476995,68719477032,REACHING_DEF,email
68719476995,30064771323,REACHING_DEF,email
68719476995,30064771324,REACHING_DEF,email
68719476995,124554051596,REACHING_DEF,email
68719476997,30064771324,REACHING_DEF,tmp27
68719476997,30064771326,REACHING_DEF,tmp27
68719476997,68719476996,REACHING_DEF,tmp27
68719476997,25769803835,REACHING_DEF,tmp27
68719476997,124554051596,REACHING_DEF,tmp27
68719476999,68719477011,REACHING_DEF,users
68719476999,68719477012,REACHING_DEF,users
68719476999,30064771328,REACHING_DEF,users
68719476999,124554051596,REACHING_DEF,users
68719477000,68719477002,REACHING_DEF,tmp28
68719477000,68719477001,REACHING_DEF,tmp28
68719477000,30064771329,REACHING_DEF,tmp28
68719477000,124554051596,REACHING_DEF,tmp28
68719477002,30064771331,REACHING_DEF,tmp28
68719477002,68719477001,REACHING_DEF,tmp28
68719477002,124554051596,REACHING_DEF,tmp28
68719477003,30064771332,REACHING_DEF,u
68719477003,30064771323,REACHING_DEF,u
68719477003,68719476994,REACHING_DEF,u
68719477003,124554051596,REACHING_DEF,u
68719477007,30064771336,REACHING_DEF,tmp29
68719477007,25769803839,REACHING_DEF,tmp29
68719477007,68719477009,REACHING_DEF,tmp29
68719477007,68719477010,REACHING_DEF,tmp29
68719477010,25769803839,REACHING_DEF,tmp29
68719477010,68719477009,REACHING_DEF,tmp29
68719477010,30064771337,REACHING_DEF,tmp29
68719477010,30064771339,REACHING_DEF,tmp29
68719477012,68719477044,REACHING_DEF,users
68719477012,30064771341,REACHING_DEF,users
68719477012,68719477045,REACHING_DEF,users
68719477013,30064771342,REACHING_DEF,tmp30
68719477013,68719477014,REACHING_DEF,tmp30
68719477013,68719477015,REACHING_DEF,tmp30
68719477015,68719477014,REACHING_DEF,tmp30
68719477015,30064771344,REACHING_DEF,tmp30
68719477016,30064771345,REACHING_DEF,u
68719477016,68719477008,REACHING_DEF,u
68719477016,30064771337,REACHING_DEF,u
68719477019,30064771348,REACHING_DEF,user_id
68719477019,68719477028,REACHING_DEF,user_id
68719477021,30064771350,REACHING_DEF,os
68719477022,30064771351,REACHING_DEF,tmp31
68719477022,68719477024,REACHING_DEF,tmp31
68719477022,68719477023,REACHING_DEF,tmp31
68719477024,30064771353,REACHING_DEF,tmp31
68719477025,30064771354,REACHING_DEF,salt
68719477025,68719477035,REACHING_DEF,salt
68719477026,68719477039,REACHING_DEF,tmp32
68719477026,30064771356,REACHING_DEF,tmp32
68719477026,25769803841,REACHING_DEF,tmp32
68719477026,68719477031,REACHING_DEF,tmp32
68719477026,68719477041,REACHING_DEF,tmp32
68719477026,68719477027,REACHING_DEF,tmp32
68719477026,68719477033,REACHING_DEF,tmp32
68719477026,68719477029,REACHING_DEF,tmp32
68719477026,68719477037,REACHING_DEF,tmp32
68719477028,68719477049,REACHING_DEF,user_id
68719477028,30064771357,REACHING_DEF,user_id
68719477028,30064771358,REACHING_DEF,user_id
68719477030,30064771359,REACHING_DEF,name
68719477030,30064771360,REACHING_DEF,name
68719477032,30064771361,REACHING_DEF,email
68719477032,30064771362,REACHING_DEF,email
68719477034,68719477035,REACHING_DEF,password
68719477034,30064771364,REACHING_DEF,password
68719477035,68719477038,REACHING_DEF,salt
68719477035,68719477034,REACHING_DEF,salt
68719477035,30064771364,REACHING_DEF,salt
68719477038,30064771366,REACHING_DEF,salt
68719477038,30064771367,REACHING_DEF,salt
68719477040,30064771368,REACHING_DEF,phone
68719477040,30064771369,REACHING_DEF,phone
68719477042,30064771370,REACHING_DEF,national_id
68719477042,30064771371,REACHING_DEF,national_id
68719477045,30064771373,REACHING_DEF,users
68719477045,68719477047,REACHING_DEF,users
68719477046,68719477047,REACHING_DEF,USERS_FILE
68719477046,30064771374,REACHING_DEF,USERS_FILE
68719477047,68719477046,REACHING_DEF,users
68719477047,30064771374,REACHING_DEF,users
68719477049,30064771375,REACHING_DEF,user_id
68719477051,30064771420,REACHING_DEF,login_admin
68719477051,68719477652,REACHING_DEF,login_admin
68719477051,124554051584,REACHING_DEF,login_admin
68719477054,30064771381,REACHING_DEF,password
68719477054,68719477078,REACHING_DEF,password
68719477055,30064771382,REACHING_DEF,USERS_FILE
68719477055,124554051598,REACHING_DEF,USERS_FILE
68719477057,30064771383,REACHING_DEF,users
68719477057,68719477062,REACHING_DEF,users
68719477057,68719477063,REACHING_DEF,users
68719477058,68719477061,REACHING_DEF,tmp33
68719477058,25769803846,REACHING_DEF,tmp33
68719477058,68719477060,REACHING_DEF,tmp33
68719477058,30064771385,REACHING_DEF,tmp33
68719477058,124554051598,REACHING_DEF,tmp33
68719477059,68719477061,REACHING_DEF,u
68719477059,30064771387,REACHING_DEF,u
68719477059,124554051598,REACHING_DEF,u
68719477061,68719477059,REACHING_DEF,tmp33
68719477061,30064771387,REACHING_DEF,tmp33
68719477061,25769803846,REACHING_DEF,tmp33
68719477061,68719477060,REACHING_DEF,tmp33
68719477061,124554051598,REACHING_DEF,tmp33
68719477063,30064771389,REACHING_DEF,users
68719477063,124554051598,REACHING_DEF,users
68719477064,68719477066,REACHING_DEF,tmp34
68719477064,30064771390,REACHING_DEF,tmp34
68719477064,68719477065,REACHING_DEF,tmp34
68719477064,124554051598,REACHING_DEF,tmp34
68719477066,30064771392,REACHING_DEF,tmp34
68719477066,68719477065,REACHING_DEF,tmp34
68719477066,124554051598,REACHING_DEF,tmp34
68719477067,30064771393,REACHING_DEF,u
68719477067,68719477068,REACHING_DEF,u
68719477067,68719477069,REACHING_DEF,u
68719477069,68719477059,REACHING_DEF,u
68719477069,30064771395,REACHING_DEF,u
68719477069,124554051598,REACHING_DEF,u
68719477072,68719477074,REACHING_DEF,admin
68719477072,30064771398,REACHING_DEF,admin
68719477072,68719477075,REACHING_DEF,admin
68719477075,30064771402,REACHING_DEF,admin
68719477075,68719477077,REACHING_DEF,admin
68719477075,30064771400,REACHING_DEF,admin
68719477075,124554051598,REACHING_DEF,admin
68719477076,30064771401,REACHING_DEF,salt
68719477076,68719477079,REACHING_DEF,salt
68719477078,68719477079,REACHING_DEF,password
68719477078,30064771403,REACHING_DEF,password
68719477078,124554051598,REACHING_DEF,password
68719477079,68719477078,REACHING_DEF,salt
68719477079,30064771403,REACHING_DEF,salt
68719477079,124554051598,REACHING_DEF,salt
68719477082,30064771406,REACHING_DEF,attempt
68719477083,30064771407,REACHING_DEF,MAX_LOGIN_ATTEMPTS
68719477083,124554051598,REACHING_DEF,MAX_LOGIN_ATTEMPTS
68719477085,30064771410,REACHING_DEF,MAX_LOGIN_ATTEMPTS
68719477085,68719477083,REACHING_DEF,MAX_LOGIN_ATTEMPTS
68719477085,124554051598,REACHING_DEF,MAX_LOGIN_ATTEMPTS
68719477087,68719477089,REACHING_DEF,tmp36
68719477087,68719477088,REACHING_DEF,tmp36
68719477087,30064771412,REACHING_DEF,tmp36
68719477089,30064771414,REACHING_DEF,tmp36
68719477089,124554051598,REACHING_DEF,tmp36
68719477090,68719477092,REACHING_DEF,tmp35
68719477090,68719477091,REACHING_DEF,tmp35
68719477090,30064771415,REACHING_DEF,tmp35
68719477092,30064771417,REACHING_DEF,tmp35
68719477092,68719477091,REACHING_DEF,tmp35
68719477092,124554051598,REACHING_DEF,tmp35
68719477093,30064771418,REACHING_DEF,attempt
68719477093,68719477082,REACHING_DEF,attempt
68719477093,124554051598,REACHING_DEF,attempt
68719477095,30064771467,REACHING_DEF,login_user
68719477095,68719477655,REACHING_DEF,login_user
68719477095,124554051584,REACHING_DEF,login_user
68719477098,68719477099,REACHING_DEF,tmp37
68719477098,68719477100,REACHING_DEF,tmp37
68719477098,30064771423,REACHING_DEF,tmp37
68719477100,30064771425,REACHING_DEF,tmp37
68719477100,124554051599,REACHING_DEF,tmp37
68719477101,30064771426,REACHING_DEF,email
68719477101,68719477110,REACHING_DEF,email
68719477101,124554051599,REACHING_DEF,email
68719477103,68719477115,REACHING_DEF,password
68719477103,30064771428,REACHING_DEF,password
68719477104,30064771429,REACHING_DEF,USERS_FILE
68719477104,124554051599,REACHING_DEF,USERS_FILE
68719477106,68719477121,REACHING_DEF,users
68719477106,68719477122,REACHING_DEF,users
68719477106,30064771430,REACHING_DEF,users
68719477108,30064771432,REACHING_DEF,user
68719477108,68719477111,REACHING_DEF,user
68719477108,68719477112,REACHING_DEF,user
68719477108,68719477109,REACHING_DEF,user
68719477108,30064771434,REACHING_DEF,user
68719477110,30064771434,REACHING_DEF,email
68719477110,30064771435,REACHING_DEF,email
68719477110,124554051599,REACHING_DEF,email
68719477112,30064771440,REACHING_DEF,user
68719477112,30064771438,REACHING_DEF,user
68719477112,30064771443,REACHING_DEF,user
68719477112,68719477120,REACHING_DEF,user
68719477112,68719477118,REACHING_DEF,user
68719477112,68719477114,REACHING_DEF,user
68719477112,124554051599,REACHING_DEF,user
68719477113,68719477116,REACHING_DEF,salt
68719477113,30064771439,REACHING_DEF,salt
68719477115,68719477116,REACHING_DEF,password
68719477115,30064771441,REACHING_DEF,password
68719477115,124554051599,REACHING_DEF,password
68719477116,68719477115,REACHING_DEF,salt
68719477116,30064771441,REACHING_DEF,salt
68719477116,124554051599,REACHING_DEF,salt
68719477120,141733920783,REACHING_DEF,user
68719477122,30064771448,REACHING_DEF,users
68719477122,124554051599,REACHING_DEF,users
68719477123,68719477124,REACHING_DEF,tmp38
68719477123,30064771449,REACHING_DEF,tmp38
68719477123,68719477125,REACHING_DEF,tmp38
68719477125,68719477124,REACHING_DEF,tmp38
68719477125,30064771451,REACHING_DEF,tmp38
68719477125,124554051599,REACHING_DEF,tmp38
68719477126,68719477108,REACHING_DEF,user
68719477126,30064771452,REACHING_DEF,user
68719477126,68719477107,REACHING_DEF,user
68719477127,30064771453,REACHING_DEF,attempt
68719477128,30064771454,REACHING_DEF,MAX_LOGIN_ATTEMPTS
68719477128,124554051599,REACHING_DEF,MAX_LOGIN_ATTEMPTS
68719477130,30064771457,REACHING_DEF,MAX_LOGIN_ATTEMPTS
68719477130,68719477128,REACHING_DEF,MAX_LOGIN_ATTEMPTS
68719477130,124554051599,REACHING_DEF,MAX_LOGIN_ATTEMPTS
68719477132,68719477134,REACHING_DEF,tmp40
68719477132,68719477133,REACHING_DEF,tmp40
68719477132,30064771459,REACHING_DEF,tmp40
68719477134,30064771461,REACHING_DEF,tmp40
68719477134,124554051599,REACHING_DEF,tmp40
68719477135,68719477137,REACHING_DEF,tmp39
68719477135,68719477136,REACHING_DEF,tmp39
68719477135,30064771462,REACHING_DEF,tmp39
68719477137,30064771464,REACHING_DEF,tmp39
68719477137,68719477136,REACHING_DEF,tmp39
68719477137,124554051599,REACHING_DEF,tmp39
68719477138,68719477127,REACHING_DEF,attempt
68719477138,30064771465,REACHING_DEF,attempt
68719477138,124554051599,REACHING_DEF,attempt
68719477140,30064771597,REACHING_DEF,add_or_remove_center
68719477140,68719477610,REACHING_DEF,add_or_remove_center
68719477140,124554051584,REACHING_DEF,add_or_remove_center
68719477145,68719477146,REACHING_DEF,choice
68719477145,30064771472,REACHING_DEF,choice
68719477146,30064771473,REACHING_DEF,choice
68719477146,68719477207,REACHING_DEF,choice
68719477146,124554051600,REACHING_DEF,choice
68719477148,68719477193,REACHING_DEF,name
68719477148,30064771475,REACHING_DEF,name
68719477148,124554051600,REACHING_DEF,name
68719477150,68719477195,REACHING_DEF,address
68719477150,30064771477,REACHING_DEF,address
68719477150,124554051600,REACHING_DEF,address
68719477151,30064771479,REACHING_DEF,tmp41
68719477151,68719477154,REACHING_DEF,tmp41
68719477151,25769803867,REACHING_DEF,tmp41
68719477151,68719477155,REACHING_DEF,tmp41
68719477151,124554051600,REACHING_DEF,tmp41
68719477153,30064771481,REACHING_DEF,v
68719477153,124554051600,REACHING_DEF,v
68719477155,68719477154,REACHING_DEF,tmp41
68719477155,25769803867,REACHING_DEF,tmp41
68719477155,30064771481,REACHING_DEF,tmp41
68719477155,30064771483,REACHING_DEF,tmp41
68719477155,124554051600,REACHING_DEF,tmp41
68719477157,30064771485,REACHING_DEF,tmp44
68719477157,68719477159,REACHING_DEF,tmp44
68719477157,68719477158,REACHING_DEF,tmp44
68719477159,30064771487,REACHING_DEF,tmp44
68719477159,124554051600,REACHING_DEF,tmp44
68719477160,30064771488,REACHING_DEF,tmp43
68719477160,68719477161,REACHING_DEF,tmp43
68719477160,68719477162,REACHING_DEF,tmp43
68719477162,30064771490,REACHING_DEF,tmp43
68719477162,124554051600,REACHING_DEF,tmp43
68719477163,68719477165,REACHING_DEF,tmp42
68719477163,68719477164,REACHING_DEF,tmp42
68719477163,30064771491,REACHING_DEF,tmp42
68719477163,124554051600,REACHING_DEF,tmp42
68719477165,30064771493,REACHING_DEF,tmp42
68719477165,68719477164,REACHING_DEF,tmp42
68719477165,124554051600,REACHING_DEF,tmp42
68719477166,68719477168,REACHING_DEF,v
68719477166,68719477167,REACHING_DEF,v
68719477166,30064771494,REACHING_DEF,v
68719477168,30064771496,REACHING_DEF,v
68719477168,68719477153,REACHING_DEF,v
68719477168,68719477152,REACHING_DEF,v
68719477168,124554051600,REACHING_DEF,v
68719477170,68719477171,REACHING_DEF,vaccines
68719477170,30064771498,REACHING_DEF,vaccines
68719477171,30064771499,REACHING_DEF,vaccines
68719477171,68719477197,REACHING_DEF,vaccines
68719477171,124554051600,REACHING_DEF,vaccines
68719477173,30064771501,REACHING_DEF,CENTERS_FILE
68719477173,68719477201,REACHING_DEF,CENTERS_FILE
68719477175,68719477181,REACHING_DEF,centers
68719477175,30064771502,REACHING_DEF,centers
68719477175,68719477180,REACHING_DEF,centers
68719477176,68719477178,REACHING_DEF,tmp45
68719477176,25769803871,REACHING_DEF,tmp45
68719477176,30064771504,REACHING_DEF,tmp45
68719477176,68719477179,REACHING_DEF,tmp45
68719477179,68719477178,REACHING_DEF,tmp45
68719477179,25769803871,REACHING_DEF,tmp45
68719477179,30064771505,REACHING_DEF,tmp45
68719477179,30064771507,REACHING_DEF,tmp45
68719477181,68719477200,REACHING_DEF,centers
68719477181,30064771509,REACHING_DEF,centers
68719477181,68719477199,REACHING_DEF,centers
68719477182,30064771510,REACHING_DEF,tmp46
68719477182,68719477183,REACHING_DEF,tmp46
68719477182,68719477184,REACHING_DEF,tmp46
68719477184,68719477183,REACHING_DEF,tmp46
68719477184,30064771512,REACHING_DEF,tmp46
68719477185,68719477177,REACHING_DEF,c
68719477185,30064771513,REACHING_DEF,c
68719477185,30064771505,REACHING_DEF,c
68719477188,68719477191,REACHING_DEF,new_id
68719477188,30064771516,REACHING_DEF,new_id
68719477189,68719477196,REACHING_DEF,tmp47
68719477189,25769803872,REACHING_DEF,tmp47
68719477189,68719477192,REACHING_DEF,tmp47
68719477189,68719477194,REACHING_DEF,tmp47
68719477189,68719477190,REACHING_DEF,tmp47
68719477189,30064771518,REACHING_DEF,tmp47
68719477191,30064771519,REACHING_DEF,new_id
68719477191,30064771520,REACHING_DEF,new_id
68719477191,68719477205,REACHING_DEF,new_id
68719477193,30064771521,REACHING_DEF,name
68719477193,30064771522,REACHING_DEF,name
68719477193,68719477204,REACHING_DEF,name
68719477195,30064771523,REACHING_DEF,address
68719477195,30064771524,REACHING_DEF,address
68719477197,30064771525,REACHING_DEF,vaccines
68719477197,30064771526,REACHING_DEF,vaccines
68719477200,30064771528,REACHING_DEF,centers
68719477200,68719477202,REACHING_DEF,centers
68719477201,68719477202,REACHING_DEF,CENTERS_FILE
68719477201,30064771529,REACHING_DEF,CENTERS_FILE
68719477202,68719477201,REACHING_DEF,centers
68719477202,30064771529,REACHING_DEF,centers
68719477204,30064771530,REACHING_DEF,name
68719477205,30064771531,REACHING_DEF,new_id
68719477207,68719477268,REACHING_DEF,choice
68719477207,30064771534,REACHING_DEF,choice
68719477208,30064771535,REACHING_DEF,CENTERS_FILE
68719477208,68719477252,REACHING_DEF,CENTERS_FILE
68719477210,68719477211,REACHING_DEF,centers
68719477210,30064771536,REACHING_DEF,centers
68719477211,30064771537,REACHING_DEF,centers
68719477211,68719477220,REACHING_DEF,centers
68719477211,68719477219,REACHING_DEF,centers
68719477214,68719477226,REACHING_DEF,center_id
68719477214,68719477264,REACHING_DEF,center_id
68719477214,30064771540,REACHING_DEF,center_id
68719477214,68719477237,REACHING_DEF,center_id
68719477215,30064771542,REACHING_DEF,tmp48
68719477215,68719477217,REACHING_DEF,tmp48
68719477215,25769803878,REACHING_DEF,tmp48
68719477215,68719477218,REACHING_DEF,tmp48
68719477216,68719477218,REACHING_DEF,c
68719477216,30064771544,REACHING_DEF,c
68719477218,68719477217,REACHING_DEF,tmp48
68719477218,25769803878,REACHING_DEF,tmp48
68719477218,68719477216,REACHING_DEF,tmp48
68719477218,30064771544,REACHING_DEF,tmp48
68719477220,68719477257,REACHING_DEF,centers
68719477220,30064771546,REACHING_DEF,centers
68719477220,68719477258,REACHING_DEF,centers
68719477221,30064771547,REACHING_DEF,tmp49
68719477221,68719477222,REACHING_DEF,tmp49
68719477221,68719477223,REACHING_DEF,tmp49
68719477223,68719477222,REACHING_DEF,tmp49
68719477223,30064771549,REACHING_DEF,tmp49
68719477224,30064771551,REACHING_DEF,c
68719477224,30064771550,REACHING_DEF,c
68719477224,68719477225,REACHING_DEF,c
68719477224,68719477216,REACHING_DEF,c
68719477226,30064771551,REACHING_DEF,center_id
68719477226,30064771552,REACHING_DEF,center_id
68719477226,68719477264,REACHING_DEF,center_id
68719477226,68719477237,REACHING_DEF,center_id
68719477229,68719477230,REACHING_DEF,target
68719477229,30064771555,REACHING_DEF,target
68719477230,30064771556,REACHING_DEF,target
68719477230,30064771574,REACHING_DEF,target
68719477230,68719477249,REACHING_DEF,target
68719477232,30064771558,REACHING_DEF,RESERVATIONS_FILE
68719477234,30064771559,REACHING_DEF,reservations
68719477234,68719477240,REACHING_DEF,reservations
68719477234,68719477241,REACHING_DEF,reservations
68719477235,68719477238,REACHING_DEF,tmp50
68719477235,68719477239,REACHING_DEF,tmp50
68719477235,25769803882,REACHING_DEF,tmp50
68719477235,30064771561,REACHING_DEF,tmp50
68719477237,68719477264,REACHING_DEF,center_id
68719477237,30064771562,REACHING_DEF,center_id
68719477237,30064771563,REACHING_DEF,center_id
68719477239,68719477238,REACHING_DEF,tmp50
68719477239,30064771563,REACHING_DEF,tmp50
68719477239,30064771565,REACHING_DEF,tmp50
68719477239,25769803882,REACHING_DEF,tmp50
68719477241,30064771567,REACHING_DEF,reservations
68719477242,68719477243,REACHING_DEF,tmp51
68719477242,68719477244,REACHING_DEF,tmp51
68719477242,30064771568,REACHING_DEF,tmp51
68719477244,68719477243,REACHING_DEF,tmp51
68719477244,30064771570,REACHING_DEF,tmp51
68719477245,68719477236,REACHING_DEF,r
68719477245,30064771571,REACHING_DEF,r
68719477245,30064771562,REACHING_DEF,r
68719477252,30064771593,REACHING_DEF,CENTERS_FILE
68719477253,30064771581,REACHING_DEF,tmp52
68719477253,25769803888,REACHING_DEF,tmp52
68719477253,68719477255,REACHING_DEF,tmp52
68719477253,68719477256,REACHING_DEF,tmp52
68719477254,68719477256,REACHING_DEF,c
68719477254,30064771583,REACHING_DEF,c
68719477256,25769803888,REACHING_DEF,tmp52
68719477256,68719477255,REACHING_DEF,tmp52
68719477256,68719477254,REACHING_DEF,tmp52
68719477256,30064771583,REACHING_DEF,tmp52
68719477258,30064771585,REACHING_DEF,centers
68719477259,68719477261,REACHING_DEF,tmp53
68719477259,68719477260,REACHING_DEF,tmp53
68719477259,30064771586,REACHING_DEF,tmp53
68719477261,30064771588,REACHING_DEF,tmp53
68719477261,68719477260,REACHING_DEF,tmp53
68719477262,30064771590,REACHING_DEF,c
68719477262,68719477263,REACHING_DEF,c
68719477262,68719477254,REACHING_DEF,c
68719477262,30064771589,REACHING_DEF,c
68719477264,30064771590,REACHING_DEF,center_id
68719477264,30064771591,REACHING_DEF,center_id
68719477268,30064771595,REACHING_DEF,choice
68719477270,30064771657,REACHING_DEF,search_center_by_name
68719477270,68719477612,REACHING_DEF,search_center_by_name
68719477270,124554051584,REACHING_DEF,search_center_by_name
68719477272,68719477274,REACHING_DEF,tmp55
68719477272,68719477273,REACHING_DEF,tmp55
68719477272,30064771599,REACHING_DEF,tmp55
68719477274,30064771601,REACHING_DEF,tmp55
68719477274,124554051601,REACHING_DEF,tmp55
68719477275,68719477277,REACHING_DEF,tmp54
68719477275,68719477276,REACHING_DEF,tmp54
68719477275,30064771602,REACHING_DEF,tmp54
68719477277,30064771604,REACHING_DEF,tmp54
68719477277,124554051601,REACHING_DEF,tmp54
68719477278,30064771605,REACHING_DEF,query
68719477278,68719477292,REACHING_DEF,query
68719477278,124554051601,REACHING_DEF,query
68719477279,30064771606,REACHING_DEF,CENTERS_FILE
68719477279,124554051601,REACHING_DEF,CENTERS_FILE
68719477281,68719477286,REACHING_DEF,centers
68719477281,30064771607,REACHING_DEF,centers
68719477281,68719477287,REACHING_DEF,centers
68719477282,30064771609,REACHING_DEF,tmp56
68719477282,68719477284,REACHING_DEF,tmp56
68719477282,68719477285,REACHING_DEF,tmp56
68719477282,25769803901,REACHING_DEF,tmp56
68719477282,124554051601,REACHING_DEF,tmp56
68719477283,68719477285,REACHING_DEF,c
68719477283,30064771611,REACHING_DEF,c
68719477283,124554051601,REACHING_DEF,c
68719477285,68719477284,REACHING_DEF,tmp56
68719477285,68719477283,REACHING_DEF,tmp56
68719477285,30064771611,REACHING_DEF,tmp56
68719477285,25769803901,REACHING_DEF,tmp56
68719477285,124554051601,REACHING_DEF,tmp56
68719477287,30064771613,REACHING_DEF,centers
68719477287,124554051601,REACHING_DEF,centers
68719477288,68719477290,REACHING_DEF,tmp57
68719477288,68719477289,REACHING_DEF,tmp57
68719477288,30064771614,REACHING_DEF,tmp57
68719477288,124554051601,REACHING_DEF,tmp57
68719477290,30064771616,REACHING_DEF,tmp57
68719477290,68719477289,REACHING_DEF,tmp57
68719477290,124554051601,REACHING_DEF,tmp57
68719477291,30064771618,REACHING_DEF,c
68719477291,68719477283,REACHING_DEF,c
68719477291,68719477293,REACHING_DEF,c
68719477291,30064771617,REACHING_DEF,c
68719477291,124554051601,REACHING_DEF,c
68719477292,30064771622,REACHING_DEF,query
68719477292,124554051601,REACHING_DEF,query
68719477294,30064771619,REACHING_DEF,tmp58
68719477294,68719477295,REACHING_DEF,tmp58
68719477294,68719477296,REACHING_DEF,tmp58
68719477296,30064771621,REACHING_DEF,tmp58
68719477296,124554051601,REACHING_DEF,tmp58
68719477298,30064771624,REACHING_DEF,found
68719477298,68719477300,REACHING_DEF,found
68719477300,68719477316,REACHING_DEF,found
68719477300,68719477315,REACHING_DEF,found
68719477300,30064771625,REACHING_DEF,found
68719477310,68719477312,REACHING_DEF,tmp59
68719477310,30064771642,REACHING_DEF,tmp59
68719477310,68719477311,REACHING_DEF,tmp59
68719477312,30064771641,REACHING_DEF,tmp59
68719477312,30064771644,REACHING_DEF,tmp59
68719477312,124554051601,REACHING_DEF,tmp59
68719477316,30064771651,REACHING_DEF,found
68719477316,124554051601,REACHING_DEF,found
68719477317,30064771652,REACHING_DEF,tmp60
68719477317,68719477318,REACHING_DEF,tmp60
68719477317,68719477319,REACHING_DEF,tmp60
68719477317,124554051601,REACHING_DEF,tmp60
68719477319,68719477318,REACHING_DEF,tmp60
68719477319,30064771654,REACHING_DEF,tmp60
68719477319,124554051601,REACHING_DEF,tmp60
68719477320,68719477309,REACHING_DEF,c
68719477320,68719477303,REACHING_DEF,c
68719477320,68719477305,REACHING_DEF,c
68719477320,30064771641,REACHING_DEF,c
68719477320,68719477307,REACHING_DEF,c
68719477320,30064771655,REACHING_DEF,c
68719477320,30064771637,REACHING_DEF,c
68719477320,30064771629,REACHING_DEF,c
68719477320,30064771633,REACHING_DEF,c
68719477320,124554051601,REACHING_DEF,c
68719477322,30064771733,REACHING_DEF,list_users_and_reservations
68719477322,68719477614,REACHING_DEF,list_users_and_reservations
68719477322,124554051584,REACHING_DEF,list_users_and_reservations
68719477323,30064771658,REACHING_DEF,USERS_FILE
68719477323,124554051602,REACHING_DEF,USERS_FILE
68719477325,68719477332,REACHING_DEF,users
68719477325,30064771659,REACHING_DEF,users
68719477326,30064771660,REACHING_DEF,RESERVATIONS_FILE
68719477326,124554051602,REACHING_DEF,RESERVATIONS_FILE
68719477328,30064771661,REACHING_DEF,reservations
68719477328,68719477357,REACHING_DEF,reservations
68719477328,68719477356,REACHING_DEF,reservations
68719477328,124554051602,REACHING_DEF,reservations
68719477329,30064771662,REACHING_DEF,CENTERS_FILE
68719477329,124554051602,REACHING_DEF,CENTERS_FILE
68719477331,68719477339,REACHING_DEF,centers
68719477331,30064771663,REACHING_DEF,centers
68719477331,68719477338,REACHING_DEF,centers
68719477331,124554051602,REACHING_DEF,centers
68719477332,30064771664,REACHING_DEF,users
68719477332,68719477382,REACHING_DEF,users
68719477332,68719477381,REACHING_DEF,users
68719477332,124554051602,REACHING_DEF,users
68719477334,68719477335,REACHING_DEF,tmp61
68719477334,25769803911,REACHING_DEF,tmp61
68719477334,30064771667,REACHING_DEF,tmp61
68719477339,30064771673,REACHING_DEF,centers
68719477340,68719477342,REACHING_DEF,tmp62
68719477340,30064771674,REACHING_DEF,tmp62
68719477340,68719477341,REACHING_DEF,tmp62
68719477342,30064771676,REACHING_DEF,tmp62
68719477342,68719477341,REACHING_DEF,tmp62
68719477343,68719477336,REACHING_DEF,c
68719477343,30064771670,REACHING_DEF,c
68719477343,68719477337,REACHING_DEF,c
68719477343,30064771677,REACHING_DEF,c
68719477345,30064771678,REACHING_DEF,center_map
68719477345,68719477370,REACHING_DEF,center_map
68719477345,68719477369,REACHING_DEF,center_map
68719477352,30064771693,REACHING_DEF,tmp63
68719477352,25769803915,REACHING_DEF,tmp63
68719477352,68719477355,REACHING_DEF,tmp63
68719477352,68719477354,REACHING_DEF,tmp63
68719477353,68719477355,REACHING_DEF,r
68719477353,30064771695,REACHING_DEF,r
68719477355,25769803915,REACHING_DEF,tmp63
68719477355,68719477353,REACHING_DEF,tmp63
68719477355,30064771695,REACHING_DEF,tmp63
68719477355,68719477354,REACHING_DEF,tmp63
68719477357,30064771697,REACHING_DEF,reservations
68719477357,68719477356,REACHING_DEF,reservations
68719477358,30064771698,REACHING_DEF,tmp64
68719477358,68719477359,REACHING_DEF,tmp64
68719477358,68719477360,REACHING_DEF,tmp64
68719477360,68719477359,REACHING_DEF,tmp64
68719477360,30064771700,REACHING_DEF,tmp64
68719477361,30064771701,REACHING_DEF,r
68719477361,68719477362,REACHING_DEF,r
68719477361,68719477353,REACHING_DEF,r
68719477361,30064771702,REACHING_DEF,r
68719477366,68719477368,REACHING_DEF,res
68719477366,68719477373,REACHING_DEF,res
68719477366,30064771707,REACHING_DEF,res
68719477366,68719477372,REACHING_DEF,res
68719477366,30064771708,REACHING_DEF,res
68719477370,30064771708,REACHING_DEF,center_map
68719477370,30064771710,REACHING_DEF,center_map
68719477370,68719477369,REACHING_DEF,center_map
68719477371,68719477376,REACHING_DEF,center_name
68719477371,30064771711,REACHING_DEF,center_name
68719477373,30064771713,REACHING_DEF,res
68719477373,68719477375,REACHING_DEF,res
68719477373,30064771716,REACHING_DEF,res
68719477374,68719477377,REACHING_DEF,date_str
68719477374,30064771715,REACHING_DEF,date_str
68719477376,30064771719,REACHING_DEF,center_name
68719477377,30064771720,REACHING_DEF,date_str
68719477382,30064771728,REACHING_DEF,users
68719477383,68719477384,REACHING_DEF,tmp65
68719477383,30064771729,REACHING_DEF,tmp65
68719477383,68719477385,REACHING_DEF,tmp65
68719477385,68719477384,REACHING_DEF,tmp65
68719477385,30064771731,REACHING_DEF,tmp65
68719477386,30064771680,REACHING_DEF,u
68719477386,68719477347,REACHING_DEF,u
68719477386,68719477350,REACHING_DEF,u
68719477386,68719477349,REACHING_DEF,u
68719477386,30064771687,REACHING_DEF,u
68719477386,30064771685,REACHING_DEF,u
68719477386,68719477363,REACHING_DEF,u
68719477386,68719477348,REACHING_DEF,u
68719477386,30064771732,REACHING_DEF,u
68719477386,30064771682,REACHING_DEF,u
68719477386,30064771703,REACHING_DEF,u
68719477387,30064771793,REACHING_DEF,accept_reservation
68719477387,68719477616,REACHING_DEF,accept_reservation
68719477387,124554051584,REACHING_DEF,accept_reservation
68719477388,68719477442,REACHING_DEF,RESERVATIONS_FILE
68719477388,30064771734,REACHING_DEF,RESERVATIONS_FILE
68719477388,124554051603,REACHING_DEF,RESERVATIONS_FILE
68719477390,30064771735,REACHING_DEF,reservations
68719477390,68719477397,REACHING_DEF,reservations
68719477390,68719477398,REACHING_DEF,reservations
68719477392,30064771737,REACHING_DEF,user_id
68719477392,68719477404,REACHING_DEF,user_id
68719477392,124554051603,REACHING_DEF,user_id
68719477393,68719477395,REACHING_DEF,tmp66
68719477393,30064771739,REACHING_DEF,tmp66
68719477393,25769803924,REACHING_DEF,tmp66
68719477393,68719477396,REACHING_DEF,tmp66
68719477393,124554051603,REACHING_DEF,tmp66
68719477394,68719477396,REACHING_DEF,r
68719477394,30064771741,REACHING_DEF,r
68719477394,124554051603,REACHING_DEF,r
68719477396,68719477395,REACHING_DEF,tmp66
68719477396,25769803924,REACHING_DEF,tmp66
68719477396,68719477394,REACHING_DEF,tmp66
68719477396,30064771741,REACHING_DEF,tmp66
68719477396,124554051603,REACHING_DEF,tmp66
68719477398,68719477443,REACHING_DEF,reservations
68719477398,30064771743,REACHING_DEF,reservations
68719477398,124554051603,REACHING_DEF,reservations
68719477399,68719477400,REACHING_DEF,tmp67
68719477399,30064771744,REACHING_DEF,tmp67
68719477399,68719477401,REACHING_DEF,tmp67
68719477399,124554051603,REACHING_DEF,tmp67
68719477401,68719477400,REACHING_DEF,tmp67
68719477401,30064771746,REACHING_DEF,tmp67
68719477401,124554051603,REACHING_DEF,tmp67
68719477402,68719477403,REACHING_DEF,r
68719477402,30064771747,REACHING_DEF,r
68719477402,30064771748,REACHING_DEF,r
68719477402,68719477394,REACHING_DEF,r
68719477402,124554051603,REACHING_DEF,r
68719477404,30064771748,REACHING_DEF,user_id
68719477404,30064771749,REACHING_DEF,user_id
68719477404,124554051603,REACHING_DEF,user_id
68719477407,30064771752,REACHING_DEF,res
68719477407,68719477408,REACHING_DEF,res
68719477408,30064771756,REACHING_DEF,res
68719477408,68719477411,REACHING_DEF,res
68719477408,68719477410,REACHING_DEF,res
68719477408,68719477441,REACHING_DEF,res
68719477408,30064771753,REACHING_DEF,res
68719477408,124554051603,REACHING_DEF,res
68719477417,68719477418,REACHING_DEF,tmp68
68719477417,68719477419,REACHING_DEF,tmp68
68719477417,30064771764,REACHING_DEF,tmp68
68719477419,30064771766,REACHING_DEF,tmp68
68719477420,30064771767,REACHING_DEF,choice
68719477420,68719477421,REACHING_DEF,choice
68719477421,68719477436,REACHING_DEF,choice
68719477421,30064771768,REACHING_DEF,choice
68719477423,30064771770,REACHING_DEF,random
68719477424,30064771771,REACHING_DEF,delta
68719477424,68719477429,REACHING_DEF,delta
68719477426,68719477427,REACHING_DEF,tmp70
68719477426,68719477428,REACHING_DEF,tmp70
68719477426,30064771773,REACHING_DEF,tmp70
68719477428,30064771775,REACHING_DEF,tmp70
68719477429,68719477431,REACHING_DEF,delta
68719477429,30064771777,REACHING_DEF,delta
68719477431,68719477429,REACHING_DEF,datetime
68719477431,30064771777,REACHING_DEF,datetime
68719477432,30064771779,REACHING_DEF,tmp69
68719477432,68719477433,REACHING_DEF,tmp69
68719477432,68719477434,REACHING_DEF,tmp69
68719477434,30064771781,REACHING_DEF,tmp69
68719477435,68719477440,REACHING_DEF,assigned_date
68719477435,30064771782,REACHING_DEF,assigned_date
68719477436,30064771783,REACHING_DEF,choice
68719477438,68719477440,REACHING_DEF,assigned_date
68719477438,30064771785,REACHING_DEF,assigned_date
68719477440,30064771787,REACHING_DEF,assigned_date
68719477440,30064771788,REACHING_DEF,assigned_date
68719477440,68719477445,REACHING_DEF,assigned_date
68719477442,68719477443,REACHING_DEF,RESERVATIONS_FILE
68719477442,30064771789,REACHING_DEF,RESERVATIONS_FILE
68719477443,68719477442,REACHING_DEF,reservations
68719477443,30064771789,REACHING_DEF,reservations
68719477445,30064771790,REACHING_DEF,assigned_date
68719477447,30064771822,REACHING_DEF,view_centers
68719477447,68719477488,REACHING_DEF,view_centers
68719477447,68719477630,REACHING_DEF,view_centers
68719477447,124554051584,REACHING_DEF,view_centers
68719477448,30064771794,REACHING_DEF,CENTERS_FILE
68719477448,124554051604,REACHING_DEF,CENTERS_FILE
68719477450,68719477451,REACHING_DEF,centers
68719477450,30064771795,REACHING_DEF,centers
68719477451,68719477464,REACHING_DEF,centers
68719477451,30064771796,REACHING_DEF,centers
68719477451,68719477463,REACHING_DEF,centers
68719477451,124554051604,REACHING_DEF,centers
68719477459,30064771808,REACHING_DEF,tmp71
68719477459,68719477461,REACHING_DEF,tmp71
68719477459,68719477460,REACHING_DEF,tmp71
68719477461,30064771807,REACHING_DEF,tmp71
68719477461,30064771810,REACHING_DEF,tmp71
68719477464,30064771815,REACHING_DEF,centers
68719477465,68719477467,REACHING_DEF,tmp72
68719477465,30064771816,REACHING_DEF,tmp72
68719477465,68719477466,REACHING_DEF,tmp72
68719477467,30064771818,REACHING_DEF,tmp72
68719477467,68719477466,REACHING_DEF,tmp72
68719477468,30064771801,REACHING_DEF,c
68719477468,68719477458,REACHING_DEF,c
68719477468,68719477455,REACHING_DEF,c
68719477468,68719477456,REACHING_DEF,c
68719477468,68719477454,REACHING_DEF,c
68719477468,30064771819,REACHING_DEF,c
68719477468,30064771807,REACHING_DEF,c
68719477468,30064771799,REACHING_DEF,c
68719477468,30064771803,REACHING_DEF,c
68719477470,30064771909,REACHING_DEF,reserve_vaccination
68719477470,68719477633,REACHING_DEF,reserve_vaccination
68719477470,124554051584,REACHING_DEF,reserve_vaccination
68719477471,30064771823,REACHING_DEF,RESERVATIONS_FILE
68719477471,68719477551,REACHING_DEF,RESERVATIONS_FILE
68719477471,124554051605,REACHING_DEF,RESERVATIONS_FILE
68719477473,68719477480,REACHING_DEF,reservations
68719477473,30064771824,REACHING_DEF,reservations
68719477473,68719477479,REACHING_DEF,reservations
68719477474,25769803942,REACHING_DEF,tmp73
68719477474,68719477477,REACHING_DEF,tmp73
68719477474,30064771826,REACHING_DEF,tmp73
68719477474,68719477478,REACHING_DEF,tmp73
68719477474,124554051605,REACHING_DEF,tmp73
68719477478,25769803942,REACHING_DEF,tmp73
68719477478,68719477477,REACHING_DEF,tmp73
68719477478,30064771829,REACHING_DEF,tmp73
68719477478,30064771831,REACHING_DEF,tmp73
68719477478,124554051605,REACHING_DEF,tmp73
68719477480,68719477549,REACHING_DEF,reservations
68719477480,30064771833,REACHING_DEF,reservations
68719477480,68719477550,REACHING_DEF,reservations
68719477480,124554051605,REACHING_DEF,reservations
68719477481,68719477482,REACHING_DEF,tmp74
68719477481,30064771834,REACHING_DEF,tmp74
68719477481,68719477483,REACHING_DEF,tmp74
68719477481,124554051605,REACHING_DEF,tmp74
68719477483,68719477482,REACHING_DEF,tmp74
68719477483,30064771836,REACHING_DEF,tmp74
68719477483,124554051605,REACHING_DEF,tmp74
68719477484,30064771827,REACHING_DEF,r
68719477484,30064771837,REACHING_DEF,r
68719477484,68719477475,REACHING_DEF,r
68719477484,124554051605,REACHING_DEF,r
68719477489,30064771841,REACHING_DEF,CENTERS_FILE
68719477491,68719477492,REACHING_DEF,centers
68719477491,30064771842,REACHING_DEF,centers
68719477492,30064771843,REACHING_DEF,centers
68719477492,68719477500,REACHING_DEF,centers
68719477492,68719477499,REACHING_DEF,centers
68719477494,68719477544,REACHING_DEF,center_id
68719477494,30064771845,REACHING_DEF,center_id
68719477494,68719477506,REACHING_DEF,center_id
68719477495,68719477498,REACHING_DEF,tmp75
68719477495,25769803948,REACHING_DEF,tmp75
68719477495,30064771847,REACHING_DEF,tmp75
68719477495,68719477497,REACHING_DEF,tmp75
68719477496,68719477498,REACHING_DEF,c
68719477496,30064771849,REACHING_DEF,c
68719477498,68719477496,REACHING_DEF,tmp75
68719477498,30064771849,REACHING_DEF,tmp75
68719477498,25769803948,REACHING_DEF,tmp75
68719477498,68719477497,REACHING_DEF,tmp75
68719477500,30064771851,REACHING_DEF,centers
68719477501,68719477502,REACHING_DEF,tmp76
68719477501,68719477503,REACHING_DEF,tmp76
68719477501,30064771852,REACHING_DEF,tmp76
68719477503,68719477502,REACHING_DEF,tmp76
68719477503,30064771854,REACHING_DEF,tmp76
68719477504,68719477496,REACHING_DEF,c
68719477504,30064771855,REACHING_DEF,c
68719477504,68719477505,REACHING_DEF,c
68719477504,30064771856,REACHING_DEF,c
68719477506,68719477544,REACHING_DEF,center_id
68719477506,30064771856,REACHING_DEF,center_id
68719477506,30064771857,REACHING_DEF,center_id
68719477509,68719477510,REACHING_DEF,center
68719477509,30064771860,REACHING_DEF,center
68719477510,68719477512,REACHING_DEF,center
68719477510,30064771863,REACHING_DEF,center
68719477510,30064771876,REACHING_DEF,center
68719477510,30064771861,REACHING_DEF,center
68719477510,68719477523,REACHING_DEF,center
68719477513,30064771864,REACHING_DEF,tmp77
68719477513,68719477515,REACHING_DEF,tmp77
68719477513,68719477514,REACHING_DEF,tmp77
68719477515,30064771863,REACHING_DEF,tmp77
68719477515,30064771866,REACHING_DEF,tmp77
68719477518,68719477533,REACHING_DEF,vaccine
68719477518,68719477534,REACHING_DEF,vaccine
68719477518,30064771871,REACHING_DEF,vaccine
68719477519,25769803955,REACHING_DEF,tmp78
68719477519,30064771873,REACHING_DEF,tmp78
68719477519,68719477521,REACHING_DEF,tmp78
68719477519,68719477522,REACHING_DEF,tmp78
68719477520,68719477522,REACHING_DEF,v
68719477520,30064771875,REACHING_DEF,v
68719477522,25769803955,REACHING_DEF,tmp78
68719477522,68719477521,REACHING_DEF,tmp78
68719477522,68719477520,REACHING_DEF,tmp78
68719477522,30064771875,REACHING_DEF,tmp78
68719477524,68719477525,REACHING_DEF,tmp80
68719477524,30064771877,REACHING_DEF,tmp80
68719477524,68719477526,REACHING_DEF,tmp80
68719477526,30064771879,REACHING_DEF,tmp80
68719477527,68719477528,REACHING_DEF,tmp79
68719477527,30064771880,REACHING_DEF,tmp79
68719477527,68719477529,REACHING_DEF,tmp79
68719477529,68719477528,REACHING_DEF,tmp79
68719477529,30064771882,REACHING_DEF,tmp79
68719477530,68719477532,REACHING_DEF,v
68719477530,30064771883,REACHING_DEF,v
68719477530,68719477531,REACHING_DEF,v
68719477532,30064771885,REACHING_DEF,v
68719477532,68719477520,REACHING_DEF,v
68719477534,68719477533,REACHING_DEF,vaccine
68719477534,30064771887,REACHING_DEF,vaccine
68719477537,30064771891,REACHING_DEF,matched
68719477537,68719477538,REACHING_DEF,matched
68719477538,68719477546,REACHING_DEF,matched
68719477538,30064771892,REACHING_DEF,matched
68719477540,30064771895,REACHING_DEF,tmp81
68719477540,68719477545,REACHING_DEF,tmp81
68719477540,25769803957,REACHING_DEF,tmp81
68719477540,68719477543,REACHING_DEF,tmp81
68719477540,68719477541,REACHING_DEF,tmp81
68719477540,68719477547,REACHING_DEF,tmp81
68719477544,30064771899,REACHING_DEF,center_id
68719477544,30064771900,REACHING_DEF,center_id
68719477546,30064771901,REACHING_DEF,matched
68719477546,30064771902,REACHING_DEF,matched
68719477550,30064771906,REACHING_DEF,reservations
68719477550,68719477552,REACHING_DEF,reservations
68719477551,68719477552,REACHING_DEF,RESERVATIONS_FILE
68719477551,30064771907,REACHING_DEF,RESERVATIONS_FILE
68719477552,68719477551,REACHING_DEF,reservations
68719477552,30064771907,REACHING_DEF,reservations
68719477555,30064771960,REACHING_DEF,view_vaccination_date
68719477555,68719477636,REACHING_DEF,view_vaccination_date
68719477555,124554051584,REACHING_DEF,view_vaccination_date
68719477556,30064771910,REACHING_DEF,RESERVATIONS_FILE
68719477556,124554051606,REACHING_DEF,RESERVATIONS_FILE
68719477558,68719477564,REACHING_DEF,reservations
68719477558,68719477563,REACHING_DEF,reservations
68719477558,30064771911,REACHING_DEF,reservations
68719477559,30064771913,REACHING_DEF,tmp82
68719477559,25769803962,REACHING_DEF,tmp82
68719477559,68719477562,REACHING_DEF,tmp82
68719477559,68719477561,REACHING_DEF,tmp82
68719477559,124554051606,REACHING_DEF,tmp82
68719477560,68719477562,REACHING_DEF,r
68719477560,30064771915,REACHING_DEF,r
68719477560,124554051606,REACHING_DEF,r
68719477562,25769803962,REACHING_DEF,tmp82
68719477562,68719477560,REACHING_DEF,tmp82
68719477562,30064771915,REACHING_DEF,tmp82
68719477562,68719477561,REACHING_DEF,tmp82
68719477562,124554051606,REACHING_DEF,tmp82
68719477564,30064771917,REACHING_DEF,reservations
68719477564,124554051606,REACHING_DEF,reservations
68719477565,30064771918,REACHING_DEF,tmp83
68719477565,68719477567,REACHING_DEF,tmp83
68719477565,68719477566,REACHING_DEF,tmp83
68719477565,124554051606,REACHING_DEF,tmp83
68719477567,30064771920,REACHING_DEF,tmp83
68719477567,68719477566,REACHING_DEF,tmp83
68719477567,124554051606,REACHING_DEF,tmp83
68719477568,68719477569,REACHING_DEF,r
68719477568,68719477560,REACHING_DEF,r
68719477568,30064771922,REACHING_DEF,r
68719477568,30064771921,REACHING_DEF,r
68719477568,124554051606,REACHING_DEF,r
68719477573,30064771927,REACHING_DEF,res
68719477573,68719477574,REACHING_DEF,res
68719477574,68719477591,REACHING_DEF,res
68719477574,30064771954,REACHING_DEF,res
68719477574,68719477597,REACHING_DEF,res
68719477574,30064771950,REACHING_DEF,res
68719477574,68719477595,REACHING_DEF,res
68719477574,68719477576,REACHING_DEF,res
68719477574,30064771945,REACHING_DEF,res
68719477574,30064771928,REACHING_DEF,res
68719477574,124554051606,REACHING_DEF,res
68719477577,30064771931,REACHING_DEF,CENTERS_FILE
68719477579,68719477584,REACHING_DEF,centers
68719477579,68719477585,REACHING_DEF,centers
68719477579,30064771932,REACHING_DEF,centers
68719477580,68719477583,REACHING_DEF,tmp84
68719477580,30064771934,REACHING_DEF,tmp84
68719477580,25769803967,REACHING_DEF,tmp84
68719477580,68719477582,REACHING_DEF,tmp84
68719477583,30064771935,REACHING_DEF,tmp84
68719477583,30064771937,REACHING_DEF,tmp84
68719477583,25769803967,REACHING_DEF,tmp84
68719477583,68719477582,REACHING_DEF,tmp84
68719477585,30064771939,REACHING_DEF,centers
68719477586,68719477588,REACHING_DEF,tmp85
68719477586,68719477587,REACHING_DEF,tmp85
68719477586,30064771940,REACHING_DEF,tmp85
68719477588,30064771942,REACHING_DEF,tmp85
68719477588,68719477587,REACHING_DEF,tmp85
68719477589,30064771935,REACHING_DEF,c
68719477589,68719477590,REACHING_DEF,c
68719477589,68719477581,REACHING_DEF,c
68719477589,30064771944,REACHING_DEF,c
68719477589,30064771943,REACHING_DEF,c
68719477594,68719477596,REACHING_DEF,center_name
68719477594,30064771949,REACHING_DEF,center_name
68719477596,30064771952,REACHING_DEF,center_name
68719477600,30064771980,REACHING_DEF,admin_menu
68719477600,68719477653,REACHING_DEF,admin_menu
68719477600,124554051584,REACHING_DEF,admin_menu
68719477608,68719477609,REACHING_DEF,choice
68719477608,30064771968,REACHING_DEF,choice
68719477609,30064771969,REACHING_DEF,choice
68719477609,68719477611,REACHING_DEF,choice
68719477611,68719477613,REACHING_DEF,choice
68719477611,30064771971,REACHING_DEF,choice
68719477613,30064771973,REACHING_DEF,choice
68719477613,68719477615,REACHING_DEF,choice
68719477615,68719477617,REACHING_DEF,choice
68719477615,30064771975,REACHING_DEF,choice
68719477617,30064771977,REACHING_DEF,choice
68719477620,30064772000,REACHING_DEF,user_menu
68719477620,68719477659,REACHING_DEF,user_menu
68719477620,124554051584,REACHING_DEF,user_menu
68719477628,30064771990,REACHING_DEF,choice
68719477628,68719477629,REACHING_DEF,choice
68719477629,30064771991,REACHING_DEF,choice
68719477629,68719477631,REACHING_DEF,choice
68719477631,68719477634,REACHING_DEF,choice
68719477631,30064771993,REACHING_DEF,choice
68719477632,30064771994,REACHING_DEF,user
68719477634,68719477637,REACHING_DEF,choice
68719477634,30064771995,REACHING_DEF,choice
68719477635,30064771996,REACHING_DEF,user
68719477637,30064771997,REACHING_DEF,choice
68719477640,30064772021,REACHING_DEF,main
68719477640,124554051584,REACHING_DEF,main
68719477648,68719477649,REACHING_DEF,choice
68719477648,30064772008,REACHING_DEF,choice
68719477649,30064772009,REACHING_DEF,choice
68719477649,68719477651,REACHING_DEF,choice
68719477649,124554051609,REACHING_DEF,choice
68719477651,68719477654,REACHING_DEF,choice
68719477651,30064772011,REACHING_DEF,choice
68719477651,124554051609,REACHING_DEF,choice
68719477654,30064772014,REACHING_DEF,choice
68719477654,68719477660,REACHING_DEF,choice
68719477654,124554051609,REACHING_DEF,choice
68719477656,30064772016,REACHING_DEF,user
68719477656,68719477658,REACHING_DEF,user
68719477656,124554051609,REACHING_DEF,user
68719477658,30064772017,REACHING_DEF,user
68719477658,124554051609,REACHING_DEF,user
68719477660,30064772018,REACHING_DEF,choice
68719477660,124554051609,REACHING_DEF,choice
68719477663,30064772022,REACHING_DEF,__name__
68719477663,124554051584,REACHING_DEF,__name__
68719477665,30064772024,REACHING_DEF,print
68719477665,124554051610,REACHING_DEF,print
68719477666,68719477673,REACHING_DEF,ast
68719477666,68719477674,REACHING_DEF,ast
68719477666,30064772026,REACHING_DEF,ast
68719477671,68719477672,REACHING_DEF,code1
68719477671,30064772032,REACHING_DEF,code1
68719477672,68719477674,REACHING_DEF,code1
68719477672,30064772034,REACHING_DEF,code1
68719477672,124554051610,REACHING_DEF,code1
68719477674,68719477672,REACHING_DEF,ast
68719477674,30064772034,REACHING_DEF,ast
68719477674,68719477678,REACHING_DEF,ast
68719477674,68719477677,REACHING_DEF,ast
68719477675,68719477676,REACHING_DEF,tree1
68719477675,30064772035,REACHING_DEF,tree1
68719477676,68719477678,REACHING_DEF,tree1
68719477676,30064772037,REACHING_DEF,tree1
68719477676,124554051610,REACHING_DEF,tree1
68719477678,68719477676,REACHING_DEF,ast
68719477678,30064772037,REACHING_DEF,ast
68719477678,68719477685,REACHING_DEF,ast
68719477678,68719477686,REACHING_DEF,ast
68719477683,68719477684,REACHING_DEF,code2
68719477683,30064772045,REACHING_DEF,code2
68719477684,68719477686,REACHING_DEF,code2
68719477684,30064772047,REACHING_DEF,code2
68719477684,124554051610,REACHING_DEF,code2
68719477686,68719477690,REACHING_DEF,ast
68719477686,68719477684,REACHING_DEF,ast
68719477686,30064772047,REACHING_DEF,ast
68719477686,68719477689,REACHING_DEF,ast
68719477687,68719477688,REACHING_DEF,tree2
68719477687,30064772048,REACHING_DEF,tree2
68719477688,68719477690,REACHING_DEF,tree2
68719477688,30064772050,REACHING_DEF,tree2
68719477688,124554051610,REACHING_DEF,tree2
68719477690,68719477697,REACHING_DEF,ast
68719477690,68719477698,REACHING_DEF,ast
68719477690,68719477688,REACHING_DEF,ast
68719477690,30064772050,REACHING_DEF,ast
68719477695,68719477696,REACHING_DEF,code3
68719477695,30064772058,REACHING_DEF,code3
68719477696,68719477698,REACHING_DEF,code3
68719477696,30064772060,REACHING_DEF,code3
68719477696,124554051610,REACHING_DEF,code3
68719477698,68719477696,REACHING_DEF,ast
68719477698,30064772060,REACHING_DEF,ast
68719477698,68719477701,REACHING_DEF,ast
68719477698,68719477702,REACHING_DEF,ast
68719477699,30064772061,REACHING_DEF,tree3
68719477699,68719477700,REACHING_DEF,tree3
68719477700,68719477702,REACHING_DEF,tree3
68719477700,30064772063,REACHING_DEF,tree3
68719477700,124554051610,REACHING_DEF,tree3
68719477702,68719477700,REACHING_DEF,ast
68719477702,30064772063,REACHING_DEF,ast
68719477702,124554051610,REACHING_DEF,ast
68719477704,30064772065,REACHING_DEF,len
68719477704,68719477778,REACHING_DEF,len
68719477704,124554051611,REACHING_DEF,len
68719477705,30064772066,REACHING_DEF,print
68719477705,124554051611,REACHING_DEF,print
68719477706,30064772067,REACHING_DEF,range
68719477706,68719477752,REACHING_DEF,range
68719477707,30064772068,REACHING_DEF,range
68719477707,68719477752,REACHING_DEF,range
68719477707,124554051611,REACHING_DEF,range
68719477708,30064772069,REACHING_DEF,str
68719477708,68719477724,REACHING_DEF,str
68719477708,124554051611,REACHING_DEF,str
68719477709,30064772071,REACHING_DEF,_hash
68719477709,68719477735,REACHING_DEF,_hash
68719477709,68719477735,REACHING_DEF,_hash
68719477709,68719477735,REACHING_DEF,_hash
68719477709,68719477735,REACHING_DEF,_hash
68719477709,68719477735,REACHING_DEF,_hash
68719477709,124554051611,REACHING_DEF,_hash
68719477711,30064772073,REACHING_DEF,_valid_email
68719477711,68719477729,REACHING_DEF,_valid_email
68719477711,68719477729,REACHING_DEF,_valid_email
68719477711,68719477729,REACHING_DEF,_valid_email
68719477711,68719477729,REACHING_DEF,_valid_email
68719477711,68719477729,REACHING_DEF,_valid_email
68719477711,124554051611,REACHING_DEF,_valid_email
68719477713,30064772075,REACHING_DEF,_valid_phone
68719477713,68719477731,REACHING_DEF,_valid_phone
68719477713,68719477731,REACHING_DEF,_valid_phone
68719477713,68719477731,REACHING_DEF,_valid_phone
68719477713,68719477731,REACHING_DEF,_valid_phone
68719477713,68719477731,REACHING_DEF,_valid_phone
68719477713,124554051611,REACHING_DEF,_valid_phone
68719477715,30064772077,REACHING_DEF,_valid_national_id
68719477715,68719477733,REACHING_DEF,_valid_national_id
68719477715,68719477733,REACHING_DEF,_valid_national_id
68719477715,68719477733,REACHING_DEF,_valid_national_id
68719477715,68719477733,REACHING_DEF,_valid_national_id
68719477715,68719477733,REACHING_DEF,_valid_national_id
68719477715,124554051611,REACHING_DEF,_valid_national_id
68719477717,30064772121,REACHING_DEF,generate_bulk_users
68719477717,124554051611,REACHING_DEF,generate_bulk_users
68719477718,68719477760,REACHING_DEF,users
68719477718,30064772079,REACHING_DEF,users
68719477718,68719477749,REACHING_DEF,users
68719477718,68719477750,REACHING_DEF,users
68719477718,124554051612,REACHING_DEF,users
68719477719,30064772080,REACHING_DEF,i
68719477719,68719477721,REACHING_DEF,i
68719477720,30064772082,REACHING_DEF,email
68719477720,68719477728,REACHING_DEF,email
68719477721,68719477723,REACHING_DEF,i
68719477721,30064772083,REACHING_DEF,i
68719477722,30064772086,REACHING_DEF,phone
68719477722,68719477730,REACHING_DEF,phone
68719477722,68719477743,REACHING_DEF,phone
68719477722,124554051612,REACHING_DEF,phone
68719477723,68719477726,REACHING_DEF,i
68719477723,30064772087,REACHING_DEF,i
68719477725,30064772089,REACHING_DEF,national_id
68719477725,68719477745,REACHING_DEF,national_id
68719477725,124554051612,REACHING_DEF,national_id
68719477726,30064772090,REACHING_DEF,i
68719477726,68719477739,REACHING_DEF,i
68719477726,124554051612,REACHING_DEF,i
68719477727,30064772092,REACHING_DEF,password
68719477727,68719477734,REACHING_DEF,password
68719477727,90194313601,REACHING_DEF,password
68719477727,124554051612,REACHING_DEF,password
68719477728,30064772093,REACHING_DEF,email
68719477728,68719477741,REACHING_DEF,email
68719477728,124554051612,REACHING_DEF,email
68719477730,30064772094,REACHING_DEF,phone
68719477730,68719477743,REACHING_DEF,phone
68719477730,124554051612,REACHING_DEF,phone
68719477734,30064772097,REACHING_DEF,password
68719477734,90194313601,REACHING_DEF,password
68719477734,124554051612,REACHING_DEF,password
68719477736,68719477747,REACHING_DEF,hashed
68719477736,30064772098,REACHING_DEF,hashed
68719477737,68719477738,REACHING_DEF,tmp0
68719477737,68719477746,REACHING_DEF,tmp0
68719477737,30064772100,REACHING_DEF,tmp0
68719477737,68719477740,REACHING_DEF,tmp0
68719477737,68719477742,REACHING_DEF,tmp0
68719477737,25769804010,REACHING_DEF,tmp0
68719477737,68719477744,REACHING_DEF,tmp0
68719477737,124554051612,REACHING_DEF,tmp0
68719477739,30064772101,REACHING_DEF,i
68719477739,30064772102,REACHING_DEF,i
68719477739,124554051612,REACHING_DEF,i
68719477741,30064772103,REACHING_DEF,email
68719477741,30064772104,REACHING_DEF,email
68719477741,124554051612,REACHING_DEF,email
68719477743,30064772105,REACHING_DEF,phone
68719477743,30064772106,REACHING_DEF,phone
68719477743,124554051612,REACHING_DEF,phone
68719477745,30064772107,REACHING_DEF,national_id
68719477745,30064772108,REACHING_DEF,national_id
68719477745,124554051612,REACHING_DEF,national_id
68719477747,30064772109,REACHING_DEF,hashed
68719477747,30064772110,REACHING_DEF,hashed
68719477747,124554051612,REACHING_DEF,hashed
68719477750,68719477760,REACHING_DEF,users
68719477750,68719477749,REACHING_DEF,users
68719477750,30064772112,REACHING_DEF,users
68719477750,124554051612,REACHING_DEF,users
68719477751,30064772113,REACHING_DEF,n
68719477751,115964117010,REACHING_DEF,n
68719477751,124554051612,REACHING_DEF,n
68719477753,30064772114,REACHING_DEF,tmp2
68719477753,68719477754,REACHING_DEF,tmp2
68719477753,68719477755,REACHING_DEF,tmp2
68719477755,30064772116,REACHING_DEF,tmp2
68719477755,124554051612,REACHING_DEF,tmp2
68719477756,30064772117,REACHING_DEF,tmp1
68719477756,68719477757,REACHING_DEF,tmp1
68719477756,68719477758,REACHING_DEF,tmp1
68719477756,124554051612,REACHING_DEF,tmp1
68719477758,68719477757,REACHING_DEF,tmp1
68719477758,30064772119,REACHING_DEF,tmp1
68719477758,124554051612,REACHING_DEF,tmp1
68719477759,68719477719,REACHING_DEF,i
68719477759,30064772120,REACHING_DEF,i
68719477760,141733920800,REACHING_DEF,users
68719477761,30064772136,REACHING_DEF,process_users
68719477761,124554051611,REACHING_DEF,process_users
68719477762,30064772123,REACHING_DEF,tmp3
68719477762,25769804019,REACHING_DEF,tmp3
68719477762,68719477768,REACHING_DEF,tmp3
68719477762,68719477767,REACHING_DEF,tmp3
68719477762,124554051613,REACHING_DEF,tmp3
68719477764,30064772125,REACHING_DEF,tmp4
68719477764,68719477766,REACHING_DEF,tmp4
68719477764,68719477765,REACHING_DEF,tmp4
68719477766,30064772127,REACHING_DEF,tmp4
68719477766,124554051613,REACHING_DEF,tmp4
68719477768,25769804019,REACHING_DEF,tmp3
68719477768,30064772129,REACHING_DEF,tmp3
68719477768,68719477767,REACHING_DEF,tmp3
68719477768,124554051613,REACHING_DEF,tmp3
68719477770,115964117011,REACHING_DEF,users
68719477770,30064772131,REACHING_DEF,users
68719477770,124554051613,REACHING_DEF,users
68719477771,68719477773,REACHING_DEF,tmp5
68719477771,30064772132,REACHING_DEF,tmp5
68719477771,68719477772,REACHING_DEF,tmp5
68719477771,124554051613,REACHING_DEF,tmp5
68719477773,30064772134,REACHING_DEF,tmp5
68719477773,68719477772,REACHING_DEF,tmp5
68719477773,124554051613,REACHING_DEF,tmp5
68719477774,30064772124,REACHING_DEF,u
68719477774,30064772135,REACHING_DEF,u
68719477774,68719477763,REACHING_DEF,u
68719477774,124554051613,REACHING_DEF,u
68719477776,30064772138,REACHING_DEF,calculate_stats
68719477776,124554051611,REACHING_DEF,calculate_stats
68719477777,115964117012,REACHING_DEF,users
68719477777,30064772137,REACHING_DEF,users
68719477777,124554051614,REACHING_DEF,users
68719477780,68719477781,REACHING_DEF,users
68719477780,30064772140,REACHING_DEF,users
68719477781,30064772141,REACHING_DEF,users
68719477781,68719477784,REACHING_DEF,users
68719477783,30064772148,REACHING_DEF,processed
68719477783,30064772142,REACHING_DEF,processed
68719477783,68719477789,REACHING_DEF,processed
68719477783,124554051611,REACHING_DEF,processed
68719477784,30064772143,REACHING_DEF,users
68719477784,124554051611,REACHING_DEF,users
68719477786,68719477787,REACHING_DEF,total
68719477786,30064772144,REACHING_DEF,total
68719477787,30064772145,REACHING_DEF,total
68719477787,124554051611,REACHING_DEF,total
68719477791,30064772152,REACHING_DEF,print
68719477791,68719477826,REACHING_DEF,print
68719477791,124554051615,REACHING_DEF,print
68719477792,30064772154,REACHING_DEF,os
68719477792,68719477800,REACHING_DEF,os
68719477792,68719477805,REACHING_DEF,os
68719477792,30064772165,REACHING_DEF,os
68719477792,30064772161,REACHING_DEF,os
68719477792,68719477814,REACHING_DEF,os
68719477792,68719477814,REACHING_DEF,os
68719477792,68719477814,REACHING_DEF,os
68719477792,68719477814,REACHING_DEF,os
68719477792,68719477814,REACHING_DEF,os
68719477792,124554051615,REACHING_DEF,os
68719477794,30064772156,REACHING_DEF,sys
68719477794,68719477838,REACHING_DEF,sys
68719477794,68719477839,REACHING_DEF,sys
68719477796,30064772158,REACHING_DEF,_valid_email
68719477796,68719477830,REACHING_DEF,_valid_email
68719477796,68719477830,REACHING_DEF,_valid_email
68719477796,68719477830,REACHING_DEF,_valid_email
68719477796,68719477830,REACHING_DEF,_valid_email
68719477796,68719477830,REACHING_DEF,_valid_email
68719477796,124554051615,REACHING_DEF,_valid_email
68719477798,30064772160,REACHING_DEF,_hash
68719477798,68719477833,REACHING_DEF,_hash
68719477798,68719477833,REACHING_DEF,_hash
68719477798,68719477833,REACHING_DEF,_hash
68719477798,68719477833,REACHING_DEF,_hash
68719477798,68719477833,REACHING_DEF,_hash
68719477798,124554051615,REACHING_DEF,_hash
68719477800,68719477814,REACHING_DEF,os
68719477801,68719477803,REACHING_DEF,tmp0
68719477801,68719477802,REACHING_DEF,tmp0
68719477801,30064772162,REACHING_DEF,tmp0
68719477803,30064772164,REACHING_DEF,tmp0
68719477803,124554051615,REACHING_DEF,tmp0
68719477804,68719477808,REACHING_DEF,__file__
68719477804,30064772168,REACHING_DEF,__file__
68719477804,124554051615,REACHING_DEF,__file__
68719477805,68719477814,REACHING_DEF,os
68719477806,68719477808,REACHING_DEF,tmp1
68719477806,30064772166,REACHING_DEF,tmp1
68719477806,68719477807,REACHING_DEF,tmp1
68719477808,68719477804,REACHING_DEF,tmp1
68719477808,30064772168,REACHING_DEF,tmp1
68719477808,124554051615,REACHING_DEF,tmp1
68719477809,30064772170,REACHING_DEF,OWN_FILES
68719477809,68719477818,REACHING_DEF,OWN_FILES
68719477809,68719477818,REACHING_DEF,OWN_FILES
68719477809,68719477818,REACHING_DEF,OWN_FILES
68719477809,68719477818,REACHING_DEF,OWN_FILES
68719477809,124554051615,REACHING_DEF,OWN_FILES
68719477810,30064772188,REACHING_DEF,my_tracer
68719477810,68719477837,REACHING_DEF,my_tracer
68719477810,68719477827,REACHING_DEF,my_tracer
68719477812,68719477813,REACHING_DEF,code
68719477812,68719477819,REACHING_DEF,code
68719477812,30064772173,REACHING_DEF,code
68719477812,30064772172,REACHING_DEF,code
68719477812,30064772179,REACHING_DEF,code
68719477812,124554051616,REACHING_DEF,code
68719477815,68719477817,REACHING_DEF,tmp2
68719477815,68719477816,REACHING_DEF,tmp2
68719477815,30064772175,REACHING_DEF,tmp2
68719477817,30064772173,REACHING_DEF,tmp2
68719477817,30064772177,REACHING_DEF,tmp2
68719477817,124554051616,REACHING_DEF,tmp2
68719477818,30064772178,REACHING_DEF,OWN_FILES
68719477818,124554051616,REACHING_DEF,OWN_FILES
68719477820,68719477824,REACHING_DEF,func_name
68719477820,30064772180,REACHING_DEF,func_name
68719477822,68719477825,REACHING_DEF,line_no
68719477822,30064772182,REACHING_DEF,line_no
68719477823,30064772183,REACHING_DEF,event
68719477824,30064772184,REACHING_DEF,func_name
68719477825,30064772185,REACHING_DEF,line_no
68719477827,141733920804,REACHING_DEF,my_tracer
68719477828,30064772194,REACHING_DEF,check_registration
68719477828,124554051615,REACHING_DEF,check_registration
68719477829,30064772189,REACHING_DEF,email
68719477829,115964117016,REACHING_DEF,email
68719477829,124554051617,REACHING_DEF,email
68719477831,68719477835,REACHING_DEF,is_valid
68719477831,30064772190,REACHING_DEF,is_valid
68719477832,115964117017,REACHING_DEF,password
68719477832,30064772191,REACHING_DEF,password
68719477832,124554051617,REACHING_DEF,password
68719477834,68719477836,REACHING_DEF,hashed_password
68719477834,30064772192,REACHING_DEF,hashed_password
68719477835,30064772193,REACHING_DEF,is_valid
68719477835,124554051617,REACHING_DEF,is_valid
68719477836,30064772193,REACHING_DEF,hashed_password
68719477836,124554051617,REACHING_DEF,hashed_password
68719477837,68719477839,REACHING_DEF,my_tracer
68719477837,30064772196,REACHING_DEF,my_tracer
68719477837,68719477827,REACHING_DEF,my_tracer
68719477837,124554051615,REACHING_DEF,my_tracer
68719477839,68719477843,REACHING_DEF,sys
68719477839,68719477842,REACHING_DEF,sys
68719477839,68719477837,REACHING_DEF,sys
68719477839,30064772196,REACHING_DEF,sys
68719477841,30064772198,REACHING_DEF,result
68719477841,68719477844,REACHING_DEF,result
68719477843,30064772200,REACHING_DEF,sys
68719477843,124554051615,REACHING_DEF,sys
68719477844,30064772201,REACHING_DEF,result
68719477844,124554051615,REACHING_DEF,result
68719477845,68719477826,REACHING_DEF,print
90194313216,30064771083,REACHING_DEF,
90194313217,30064771083,REACHING_DEF,json
90194313218,30064771085,REACHING_DEF,
90194313219,30064771085,REACHING_DEF,os
90194313220,30064771087,REACHING_DEF,
90194313221,30064771087,REACHING_DEF,re
90194313222,30064771089,REACHING_DEF,
90194313223,30064771089,REACHING_DEF,random
90194313224,30064771091,REACHING_DEF,
90194313225,30064771091,REACHING_DEF,datetime
90194313226,30064771093,REACHING_DEF,
90194313227,30064771093,REACHING_DEF,hashlib
90194313228,30064771095,REACHING_DEF,
90194313229,30064771095,REACHING_DEF,sys
90194313230,68719476764,REACHING_DEF,'win'
90194313230,30064771100,REACHING_DEF,'win'
90194313231,30064771101,REACHING_DEF,
90194313232,30064771101,REACHING_DEF,io
90194313233,68719476769,REACHING_DEF,'utf-8'
90194313233,30064771104,REACHING_DEF,'utf-8'
90194313233,30064771106,REACHING_DEF,'utf-8'
90194313234,68719476773,REACHING_DEF,'utf-8'
90194313234,30064771110,REACHING_DEF,'utf-8'
90194313234,30064771112,REACHING_DEF,'utf-8'
90194313235,68719476775,REACHING_DEF,"""users.json"""
90194313235,30064771115,REACHING_DEF,"""users.json"""
90194313236,68719476776,REACHING_DEF,"""vaccination_centers.json"""
90194313236,30064771116,REACHING_DEF,"""vaccination_centers.json"""
90194313237,68719476777,REACHING_DEF,"""reservations.json"""
90194313237,30064771117,REACHING_DEF,"""reservations.json"""
90194313238,68719476778,REACHING_DEF,3
90194313238,30064771118,REACHING_DEF,3
90194313240,30064771127,REACHING_DEF,0
90194313241,68719476793,REACHING_DEF,"""r"""
90194313241,30064771131,REACHING_DEF,"""r"""
90194313243,68719476811,REACHING_DEF,2
90194313243,68719476808,REACHING_DEF,2
90194313243,68719476809,REACHING_DEF,2
90194313243,30064771145,REACHING_DEF,2
90194313244,68719476812,REACHING_DEF,"""w"""
90194313244,30064771146,REACHING_DEF,"""w"""
90194313247,30064771164,REACHING_DEF,1
90194313247,30064771165,REACHING_DEF,1
90194313249,30064771166,REACHING_DEF,"""Center A"""
90194313249,30064771167,REACHING_DEF,"""Center A"""
90194313251,30064771168,REACHING_DEF,"""123 Main Street, Cairo"""
90194313251,30064771169,REACHING_DEF,"""123 Main Street, Cairo"""
90194313253,30064771171,REACHING_DEF,"""Pfizer"""
90194313254,30064771171,REACHING_DEF,"""Moderna"""
90194313256,30064771175,REACHING_DEF,2
90194313256,30064771176,REACHING_DEF,2
90194313258,30064771177,REACHING_DEF,"""Center B"""
90194313258,30064771178,REACHING_DEF,"""Center B"""
90194313260,30064771179,REACHING_DEF,"""456 Second Avenue, Alexandria"""
90194313260,30064771180,REACHING_DEF,"""456 Second Avenue, Alexandria"""
90194313262,30064771182,REACHING_DEF,"""AstraZeneca"""
90194313263,30064771182,REACHING_DEF,"""Johnson & Johnson"""
90194313264,68719476853,REACHING_DEF,"""is_admin"""
90194313264,30064771192,REACHING_DEF,"""is_admin"""
90194313265,68719476865,REACHING_DEF,16
90194313265,30064771204,REACHING_DEF,16
90194313267,30064771211,REACHING_DEF,0
90194313267,30064771212,REACHING_DEF,0
90194313269,30064771213,REACHING_DEF,"""Administrator"""
90194313269,30064771214,REACHING_DEF,"""Administrator"""
90194313271,30064771215,REACHING_DEF,"""admin@system.com"""
90194313271,30064771216,REACHING_DEF,"""admin@system.com"""
90194313273,68719476875,REACHING_DEF,"""admin123"""
90194313273,30064771218,REACHING_DEF,"""admin123"""
90194313276,30064771222,REACHING_DEF,"""0000000000"""
90194313276,30064771223,REACHING_DEF,"""0000000000"""
90194313278,30064771224,REACHING_DEF,"""0000000000"""
90194313278,30064771225,REACHING_DEF,"""0000000000"""
90194313280,30064771226,REACHING_DEF,True
90194313280,30064771227,REACHING_DEF,True
90194313283,30064771246,REACHING_DEF,"""This field cannot be empty."""
90194313286,30064771260,REACHING_DEF,"""Please enter a valid number."""
90194313289,30064771271,REACHING_DEF,"""Invalid date. Use YYYY-MM-DD format."""
90194313291,30064771273,REACHING_DEF, (y/n): 
90194313291,30064771274,REACHING_DEF, (y/n): 
90194313292,30064771282,REACHING_DEF,"""y"""
90194313293,68719476961,REACHING_DEF,"r""^[\w.\-+]+@[\w\-]+\.[a-zA-Z]{2,}$"""
90194313293,68719476959,REACHING_DEF,"r""^[\w.\-+]+@[\w\-]+\.[a-zA-Z]{2,}$"""
90194313293,30064771295,REACHING_DEF,"r""^[\w.\-+]+@[\w\-]+\.[a-zA-Z]{2,}$"""
90194313294,68719476966,REACHING_DEF,"r""^\+?[\d\s\-]{7,15}$"""
90194313294,68719476964,REACHING_DEF,"r""^\+?[\d\s\-]{7,15}$"""
90194313294,30064771299,REACHING_DEF,"r""^\+?[\d\s\-]{7,15}$"""
90194313295,68719476971,REACHING_DEF,"r""^\d{10,20}$"""
90194313295,68719476969,REACHING_DEF,"r""^\d{10,20}$"""
90194313295,30064771303,REACHING_DEF,"r""^\d{10,20}$"""
90194313297,30064771306,REACHING_DEF,"""\n── Register ──────────────────────────────────"""
90194313298,30064771307,REACHING_DEF,"""Full name: """
90194313299,68719476977,REACHING_DEF,"""Email: """
90194313299,30064771309,REACHING_DEF,"""Email: """
90194313300,68719476977,REACHING_DEF,"""Enter a valid email address."""
90194313300,30064771309,REACHING_DEF,"""Enter a valid email address."""
90194313301,68719476980,REACHING_DEF,"""Phone: """
90194313301,30064771311,REACHING_DEF,"""Phone: """
90194313302,68719476980,REACHING_DEF,"""Enter a valid phone number (7-15 digits)."""
90194313302,30064771311,REACHING_DEF,"""Enter a valid phone number (7-15 digits)."""
90194313303,68719476983,REACHING_DEF,"""National ID: """
90194313303,30064771313,REACHING_DEF,"""National ID: """
90194313304,68719476983,REACHING_DEF,"""National ID must be 10-20 digits."""
90194313304,30064771313,REACHING_DEF,"""National ID must be 10-20 digits."""
90194313305,30064771317,REACHING_DEF,"""Password (min 6 chars): """
90194313306,30064771315,REACHING_DEF,6
90194313306,30064771316,REACHING_DEF,6
90194313307,30064771317,REACHING_DEF,"""Password must be at least 6 characters."""
90194313309,30064771334,REACHING_DEF,"""An account with that email already exists."""
90194313311,30064771346,REACHING_DEF,0
90194313312,30064771347,REACHING_DEF,1
90194313313,68719477021,REACHING_DEF,16
90194313313,30064771350,REACHING_DEF,16
90194313321,30064771375,REACHING_DEF,Registered successfully! Your user ID is 
90194313321,30064771376,REACHING_DEF,Registered successfully! Your user ID is 
90194313322,30064771375,REACHING_DEF,.
90194313322,30064771376,REACHING_DEF,.
90194313324,30064771379,REACHING_DEF,"""\n── Admin Login ───────────────────────────────"""
90194313325,30064771380,REACHING_DEF,"""Admin password: """
90194313326,68719477069,REACHING_DEF,"""is_admin"""
90194313326,30064771395,REACHING_DEF,"""is_admin"""
90194313327,30064771397,REACHING_DEF,None
90194313328,68719477075,REACHING_DEF,"""salt"""
90194313328,30064771400,REACHING_DEF,"""salt"""
90194313329,68719477075,REACHING_DEF,""""""
90194313329,30064771400,REACHING_DEF,""""""
90194313331,30064771405,REACHING_DEF,"""Login successful."""
90194313332,141733920781,REACHING_DEF,True
90194313333,30064771406,REACHING_DEF,Wrong password. (
90194313333,30064771407,REACHING_DEF,Wrong password. (
90194313333,30064771408,REACHING_DEF,Wrong password. (
90194313334,30064771406,REACHING_DEF,/
90194313334,30064771407,REACHING_DEF,/
90194313334,30064771408,REACHING_DEF,/
90194313335,30064771406,REACHING_DEF,)
90194313335,30064771407,REACHING_DEF,)
90194313335,30064771408,REACHING_DEF,)
90194313336,30064771410,REACHING_DEF,1
90194313336,30064771411,REACHING_DEF,1
90194313337,30064771410,REACHING_DEF,1
90194313338,30064771419,REACHING_DEF,"""Too many failed attempts."""
90194313339,141733920782,REACHING_DEF,False
90194313341,30064771421,REACHING_DEF,"""\n── User Login ────────────────────────────────"""
90194313342,30064771422,REACHING_DEF,"""Email: """
90194313343,30064771427,REACHING_DEF,"""Password: """
90194313344,68719477108,REACHING_DEF,"""is_admin"""
90194313344,30064771432,REACHING_DEF,"""is_admin"""
90194313346,68719477112,REACHING_DEF,"""salt"""
90194313346,30064771438,REACHING_DEF,"""salt"""
90194313347,68719477112,REACHING_DEF,""""""
90194313347,30064771438,REACHING_DEF,""""""
90194313349,30064771444,REACHING_DEF,"Welcome, "
90194313349,30064771445,REACHING_DEF,"Welcome, "
90194313351,30064771444,REACHING_DEF,!
90194313351,30064771445,REACHING_DEF,!
90194313352,30064771453,REACHING_DEF,Wrong email or password. (
90194313352,30064771454,REACHING_DEF,Wrong email or password. (
90194313352,30064771455,REACHING_DEF,Wrong email or password. (
90194313353,30064771453,REACHING_DEF,/
90194313353,30064771454,REACHING_DEF,/
90194313353,30064771455,REACHING_DEF,/
90194313354,30064771453,REACHING_DEF,)
90194313354,30064771454,REACHING_DEF,)
90194313354,30064771455,REACHING_DEF,)
90194313355,30064771457,REACHING_DEF,1
90194313355,30064771458,REACHING_DEF,1
90194313356,30064771457,REACHING_DEF,1
90194313357,30064771466,REACHING_DEF,"""Too many failed attempts."""
90194313358,141733920784,REACHING_DEF,None
90194313360,30064771468,REACHING_DEF,"""\n1. Add a new center"""
90194313361,30064771469,REACHING_DEF,"""2. Remove an existing center"""
90194313362,30064771470,REACHING_DEF,"""3. Back"""
90194313363,30064771471,REACHING_DEF,"""Choice (1-3): """
90194313364,68719477146,REACHING_DEF,"""1"""
90194313364,30064771473,REACHING_DEF,"""1"""
90194313365,30064771474,REACHING_DEF,"""Center name: """
90194313366,30064771476,REACHING_DEF,"""Address: """
90194313367,68719477159,REACHING_DEF,""","""
90194313367,30064771487,REACHING_DEF,""","""
90194313368,30064771484,REACHING_DEF,"""Vaccines (comma-separated): """
90194313369,30064771500,REACHING_DEF,"""You must enter at least one vaccine."""
90194313371,30064771514,REACHING_DEF,0
90194313372,30064771515,REACHING_DEF,1
90194313377,30064771530,REACHING_DEF,Center '
90194313377,30064771531,REACHING_DEF,Center '
90194313377,30064771532,REACHING_DEF,Center '
90194313378,30064771530,REACHING_DEF,' added with ID 
90194313378,30064771531,REACHING_DEF,' added with ID 
90194313378,30064771532,REACHING_DEF,' added with ID 
90194313379,30064771530,REACHING_DEF,.
90194313379,30064771531,REACHING_DEF,.
90194313379,30064771532,REACHING_DEF,.
90194313380,68719477207,REACHING_DEF,"""2"""
90194313380,30064771534,REACHING_DEF,"""2"""
90194313381,30064771538,REACHING_DEF,"""No centers on file."""
90194313382,30064771539,REACHING_DEF,"""Enter center ID to remove: """
90194313384,30064771554,REACHING_DEF,None
90194313385,30064771557,REACHING_DEF,"""Center not found."""
90194313387,30064771573,REACHING_DEF,"""Cannot remove center: Active reservations are linked to it."""
90194313388,30064771575,REACHING_DEF,Remove '
90194313388,30064771576,REACHING_DEF,Remove '
90194313390,30064771575,REACHING_DEF,'?
90194313390,30064771576,REACHING_DEF,'?
90194313391,30064771579,REACHING_DEF,"""Cancelled."""
90194313393,30064771594,REACHING_DEF,"""Center removed."""
90194313394,68719477268,REACHING_DEF,"""3"""
90194313394,30064771595,REACHING_DEF,"""3"""
90194313395,30064771596,REACHING_DEF,"""Invalid choice."""
90194313397,30064771598,REACHING_DEF,"""Enter center name to search: """
90194313399,30064771626,REACHING_DEF,\nFound 
90194313399,30064771627,REACHING_DEF,\nFound 
90194313400,30064771626,REACHING_DEF, center(s):
90194313400,30064771627,REACHING_DEF, center(s):
90194313401,30064771630,REACHING_DEF,\nID:       
90194313401,30064771631,REACHING_DEF,\nID:       
90194313403,30064771634,REACHING_DEF,Name:     
90194313403,30064771635,REACHING_DEF,Name:     
90194313405,30064771638,REACHING_DEF,Address:  
90194313405,30064771639,REACHING_DEF,Address:  
90194313407,30064771645,REACHING_DEF,Vaccines: 
90194313407,30064771646,REACHING_DEF,Vaccines: 
90194313409,68719477310,REACHING_DEF,"', '"
90194313409,30064771642,REACHING_DEF,"', '"
90194313410,30064771648,REACHING_DEF,"""-"""
90194313411,30064771648,REACHING_DEF,20
90194313412,30064771656,REACHING_DEF,"""No center found matching that name."""
90194313414,30064771665,REACHING_DEF,"""No users registered yet."""
90194313417,30064771679,REACHING_DEF,"""\n── Registered Users ──────────────────────────"""
90194313418,30064771681,REACHING_DEF,ID: 
90194313418,30064771683,REACHING_DEF,ID: 
90194313418,30064771684,REACHING_DEF,ID: 
90194313420,30064771681,REACHING_DEF,  |  Name: 
90194313420,30064771683,REACHING_DEF,  |  Name: 
90194313420,30064771684,REACHING_DEF,  |  Name: 
90194313422,30064771681,REACHING_DEF,  |  
90194313422,30064771683,REACHING_DEF,  |  
90194313422,30064771684,REACHING_DEF,  |  
90194313423,30064771686,REACHING_DEF,Email: 
90194313423,30064771688,REACHING_DEF,Email: 
90194313423,30064771689,REACHING_DEF,Email: 
90194313425,30064771686,REACHING_DEF,  |  Phone: 
90194313425,30064771688,REACHING_DEF,  |  Phone: 
90194313425,30064771689,REACHING_DEF,  |  Phone: 
90194313429,30064771706,REACHING_DEF,None
90194313431,68719477370,REACHING_DEF,"""Unknown"""
90194313431,30064771708,REACHING_DEF,"""Unknown"""
90194313431,30064771710,REACHING_DEF,"""Unknown"""
90194313432,68719477373,REACHING_DEF,"""date"""
90194313432,30064771713,REACHING_DEF,"""date"""
90194313433,30064771713,REACHING_DEF,"""pending"""
90194313433,30064771714,REACHING_DEF,"""pending"""
90194313434,30064771717,REACHING_DEF,   ↳ Reservation: 
90194313434,30064771718,REACHING_DEF,   ↳ Reservation: 
90194313436,30064771717,REACHING_DEF, at 
90194313436,30064771718,REACHING_DEF, at 
90194313437,30064771719,REACHING_DEF, | Date: 
90194313437,30064771720,REACHING_DEF, | Date: 
90194313437,30064771721,REACHING_DEF, | Date: 
90194313438,30064771724,REACHING_DEF,"""   ↳ No reservation"""
90194313439,30064771725,REACHING_DEF,"""-"""
90194313440,30064771725,REACHING_DEF,46
90194313442,30064771736,REACHING_DEF,"""Enter user ID: """
90194313444,30064771751,REACHING_DEF,None
90194313445,30064771754,REACHING_DEF,"""No reservation found for that user."""
90194313447,30064771757,REACHING_DEF,This user already has an assigned date: 
90194313447,30064771758,REACHING_DEF,This user already has an assigned date: 
90194313449,30064771760,REACHING_DEF,"""Choose date assignment option:"""
90194313450,30064771761,REACHING_DEF,"""1. Automatically assign date (10-30 days from today)"""
90194313451,30064771762,REACHING_DEF,"""2. Manually enter date (YYYY-MM-DD)"""
90194313452,30064771763,REACHING_DEF,"""Choice (1-2): """
90194313453,68719477421,REACHING_DEF,"""1"""
90194313453,30064771768,REACHING_DEF,"""1"""
90194313454,68719477423,REACHING_DEF,10
90194313454,30064771770,REACHING_DEF,10
90194313455,68719477423,REACHING_DEF,30
90194313455,30064771770,REACHING_DEF,30
90194313456,68719477434,REACHING_DEF,"""%Y-%m-%d"""
90194313456,30064771781,REACHING_DEF,"""%Y-%m-%d"""
90194313457,68719477436,REACHING_DEF,"""2"""
90194313457,30064771783,REACHING_DEF,"""2"""
90194313458,30064771784,REACHING_DEF,"""Enter date (YYYY-MM-DD): """
90194313459,30064771786,REACHING_DEF,"""Invalid choice. Operation cancelled."""
90194313461,30064771790,REACHING_DEF,Reservation accepted! Assigned date: 
90194313461,30064771791,REACHING_DEF,Reservation accepted! Assigned date: 
90194313463,30064771797,REACHING_DEF,"""No vaccination centers available yet."""
90194313464,30064771798,REACHING_DEF,"""\n── Vaccination Centers ───────────────────────"""
90194313465,30064771800,REACHING_DEF,ID: 
90194313465,30064771802,REACHING_DEF,ID: 
90194313465,30064771804,REACHING_DEF,ID: 
90194313465,30064771805,REACHING_DEF,ID: 
90194313467,30064771800,REACHING_DEF,  |  
90194313467,30064771802,REACHING_DEF,  |  
90194313467,30064771804,REACHING_DEF,  |  
90194313467,30064771805,REACHING_DEF,  |  
90194313469,30064771800,REACHING_DEF,  |  
90194313469,30064771802,REACHING_DEF,  |  
90194313469,30064771804,REACHING_DEF,  |  
90194313469,30064771805,REACHING_DEF,  |  
90194313471,30064771811,REACHING_DEF,   Vaccines: 
90194313471,30064771812,REACHING_DEF,   Vaccines: 
90194313473,68719477459,REACHING_DEF,"', '"
90194313473,30064771808,REACHING_DEF,"', '"
90194313474,30064771820,REACHING_DEF,"""-"""
90194313475,30064771820,REACHING_DEF,46
90194313479,30064771839,REACHING_DEF,"""You already have a reservation. View it with option 3."""
90194313480,30064771844,REACHING_DEF,"""Center ID: """
90194313482,30064771859,REACHING_DEF,None
90194313483,30064771862,REACHING_DEF,"""Center not found."""
90194313484,30064771867,REACHING_DEF,Available vaccines: 
90194313484,30064771868,REACHING_DEF,Available vaccines: 
90194313486,68719477513,REACHING_DEF,"', '"
90194313486,30064771864,REACHING_DEF,"', '"
90194313487,30064771870,REACHING_DEF,"""Vaccine name: """
90194313489,30064771890,REACHING_DEF,None
90194313490,30064771893,REACHING_DEF,"""That vaccine is not available at this center."""
90194313496,30064771903,REACHING_DEF,None
90194313496,30064771904,REACHING_DEF,None
90194313497,30064771908,REACHING_DEF,"""Reservation made! The admin will assign your date."""
90194313501,30064771926,REACHING_DEF,None
90194313502,30064771929,REACHING_DEF,"""You have no reservation yet."""
90194313507,30064771948,REACHING_DEF,"""Unknown"""
90194313508,30064771951,REACHING_DEF,Your vaccination: 
90194313508,30064771952,REACHING_DEF,Your vaccination: 
90194313508,30064771953,REACHING_DEF,Your vaccination: 
90194313510,30064771951,REACHING_DEF, at 
90194313510,30064771952,REACHING_DEF, at 
90194313510,30064771953,REACHING_DEF, at 
90194313511,30064771951,REACHING_DEF, 
90194313511,30064771952,REACHING_DEF, 
90194313511,30064771953,REACHING_DEF, 
90194313512,30064771955,REACHING_DEF,on 
90194313512,30064771956,REACHING_DEF,on 
90194313514,30064771955,REACHING_DEF,.
90194313514,30064771956,REACHING_DEF,.
90194313515,30064771959,REACHING_DEF,"""Your reservation is pending — the admin hasn't set a date yet."""
90194313517,30064771961,REACHING_DEF,"""\n── Admin Menu ────────────────────────────────"""
90194313518,30064771962,REACHING_DEF,"""1. Add / Remove a vaccination center"""
90194313519,30064771963,REACHING_DEF,"""2. Search for a center by name"""
90194313520,30064771964,REACHING_DEF,"""3. List all users and reservations"""
90194313521,30064771965,REACHING_DEF,"""4. Accept a reservation and assign a date"""
90194313522,30064771966,REACHING_DEF,"""5. Logout"""
90194313523,30064771967,REACHING_DEF,"""Choice (1-5): """
90194313524,68719477609,REACHING_DEF,"""1"""
90194313524,30064771969,REACHING_DEF,"""1"""
90194313525,68719477611,REACHING_DEF,"""2"""
90194313525,30064771971,REACHING_DEF,"""2"""
90194313526,68719477613,REACHING_DEF,"""3"""
90194313526,30064771973,REACHING_DEF,"""3"""
90194313527,68719477615,REACHING_DEF,"""4"""
90194313527,30064771975,REACHING_DEF,"""4"""
90194313528,68719477617,REACHING_DEF,"""5"""
90194313528,30064771977,REACHING_DEF,"""5"""
90194313529,30064771978,REACHING_DEF,"""Logged out."""
90194313530,30064771979,REACHING_DEF,"""Invalid choice."""
90194313532,30064771982,REACHING_DEF,\n── User Menu (
90194313532,30064771983,REACHING_DEF,\n── User Menu (
90194313534,30064771982,REACHING_DEF,) ────────────────────
90194313534,30064771983,REACHING_DEF,) ────────────────────
90194313535,30064771985,REACHING_DEF,"""1. View vaccination centers"""
90194313536,30064771986,REACHING_DEF,"""2. Reserve a vaccination"""
90194313537,30064771987,REACHING_DEF,"""3. View my vaccination date"""
90194313538,30064771988,REACHING_DEF,"""4. Logout"""
90194313539,30064771989,REACHING_DEF,"""Choice (1-4): """
90194313540,68719477629,REACHING_DEF,"""1"""
90194313540,30064771991,REACHING_DEF,"""1"""
90194313541,68719477631,REACHING_DEF,"""2"""
90194313541,30064771993,REACHING_DEF,"""2"""
90194313542,68719477634,REACHING_DEF,"""3"""
90194313542,30064771995,REACHING_DEF,"""3"""
90194313543,68719477637,REACHING_DEF,"""4"""
90194313543,30064771997,REACHING_DEF,"""4"""
90194313544,30064771998,REACHING_DEF,"""Logged out."""
90194313545,30064771999,REACHING_DEF,"""Invalid choice."""
90194313547,30064772002,REACHING_DEF,"""\n══ Vaccination Scheduling System ══════════════"""
90194313548,30064772003,REACHING_DEF,"""1. Register"""
90194313549,30064772004,REACHING_DEF,"""2. Login as admin"""
90194313550,30064772005,REACHING_DEF,"""3. Login as user"""
90194313551,30064772006,REACHING_DEF,"""4. Exit"""
90194313552,30064772007,REACHING_DEF,"""Choice (1-4): """
90194313553,68719477649,REACHING_DEF,"""1"""
90194313553,30064772009,REACHING_DEF,"""1"""
90194313554,68719477651,REACHING_DEF,"""2"""
90194313554,30064772011,REACHING_DEF,"""2"""
90194313555,68719477654,REACHING_DEF,"""3"""
90194313555,30064772014,REACHING_DEF,"""3"""
90194313556,68719477660,REACHING_DEF,"""4"""
90194313556,30064772018,REACHING_DEF,"""4"""
90194313557,30064772019,REACHING_DEF,"""Goodbye!"""
90194313558,30064772020,REACHING_DEF,"""Invalid choice."""
90194313559,68719477663,REACHING_DEF,"""__main__"""
90194313559,30064772022,REACHING_DEF,"""__main__"""
90194313561,30064772025,REACHING_DEF,
90194313562,30064772025,REACHING_DEF,ast
90194313563,30064772027,REACHING_DEF,"""="""
90194313564,30064772027,REACHING_DEF,60
90194313565,30064772029,REACHING_DEF,"""EXAMPLE 1: Simple Expression (ID assignment)"""
90194313566,30064772030,REACHING_DEF,"""="""
90194313567,30064772030,REACHING_DEF,60
90194313568,68719477671,REACHING_DEF,"""new_id = max_id + 1"""
90194313568,30064772032,REACHING_DEF,"""new_id = max_id + 1"""
90194313569,68719477678,REACHING_DEF,2
90194313569,68719477676,REACHING_DEF,2
90194313569,30064772037,REACHING_DEF,2
90194313570,30064772040,REACHING_DEF,"""\n"""
90194313571,30064772039,REACHING_DEF,"""="""
90194313572,30064772039,REACHING_DEF,60
90194313573,30064772042,REACHING_DEF,"""EXAMPLE 2: Loop and List (vaccine listing)"""
90194313574,30064772043,REACHING_DEF,"""="""
90194313575,30064772043,REACHING_DEF,60
90194313576,68719477683,REACHING_DEF,"""""""
vaccines = [""Pfizer"", ""Moderna""]
name = ""Center A""
for v in vaccines:
    print(""{} offers {}"".format(name, v))
"""""""
90194313576,30064772045,REACHING_DEF,"""""""
vaccines = [""Pfizer"", ""Moderna""]
name = ""Center A""
for v in vaccines:
    print(""{} offers {}"".format(name, v))
"""""""
90194313577,68719477690,REACHING_DEF,2
90194313577,68719477688,REACHING_DEF,2
90194313577,30064772050,REACHING_DEF,2
90194313578,30064772053,REACHING_DEF,"""\n"""
90194313579,30064772052,REACHING_DEF,"""="""
90194313580,30064772052,REACHING_DEF,60
90194313581,30064772055,REACHING_DEF,"""EXAMPLE 3: Function Definition (_hash from Project.py)"""
90194313582,30064772056,REACHING_DEF,"""="""
90194313583,30064772056,REACHING_DEF,60
90194313584,68719477695,REACHING_DEF,"""""""
def _hash(password, salt):
    return hashlib.sha256((password + salt).encode()).hexdigest()

hashed = _hash(""mypassword"", ""somesalt"")
print(hashed)
"""""""
90194313584,30064772058,REACHING_DEF,"""""""
def _hash(password, salt):
    return hashlib.sha256((password + salt).encode()).hexdigest()

hashed = _hash(""mypassword"", ""somesalt"")
print(hashed)
"""""""
90194313585,68719477702,REACHING_DEF,2
90194313585,68719477700,REACHING_DEF,2
90194313585,30064772063,REACHING_DEF,2
90194313587,30064772070,REACHING_DEF,Project
90194313588,30064772070,REACHING_DEF,_hash
90194313589,30064772072,REACHING_DEF,Project
90194313590,30064772072,REACHING_DEF,_valid_email
90194313591,30064772074,REACHING_DEF,Project
90194313592,30064772074,REACHING_DEF,_valid_phone
90194313593,30064772076,REACHING_DEF,Project
90194313594,30064772076,REACHING_DEF,_valid_national_id
90194313596,30064772080,REACHING_DEF,user
90194313596,30064772081,REACHING_DEF,user
90194313597,30064772080,REACHING_DEF,@example.com
90194313597,30064772081,REACHING_DEF,@example.com
90194313598,30064772084,REACHING_DEF,+2010
90194313598,30064772085,REACHING_DEF,+2010
90194313599,30064772083,REACHING_DEF,10000000
90194313600,30064772087,REACHING_DEF,10000000000000
90194313601,30064772090,REACHING_DEF,password
90194313601,30064772091,REACHING_DEF,password
90194313602,68719477734,REACHING_DEF,"""demo_salt"""
90194313602,30064772097,REACHING_DEF,"""demo_salt"""
90194313611,30064772139,REACHING_DEF,200000
90194313612,30064772145,REACHING_DEF,Total users generated: 
90194313612,30064772146,REACHING_DEF,Total users generated: 
90194313613,30064772149,REACHING_DEF,Sample processed hash: 
90194313613,30064772150,REACHING_DEF,Sample processed hash: 
90194313616,30064772153,REACHING_DEF,
90194313617,30064772153,REACHING_DEF,os
90194313618,30064772155,REACHING_DEF,
90194313619,30064772155,REACHING_DEF,sys
90194313620,30064772157,REACHING_DEF,Project
90194313621,30064772157,REACHING_DEF,_valid_email
90194313622,30064772159,REACHING_DEF,Project
90194313623,30064772159,REACHING_DEF,_hash
90194313624,68719477803,REACHING_DEF,"""Project.py"""
90194313624,30064772164,REACHING_DEF,"""Project.py"""
90194313625,141733920803,REACHING_DEF,None
90194313626,30064772183,REACHING_DEF,A 
90194313626,30064772184,REACHING_DEF,A 
90194313626,30064772185,REACHING_DEF,A 
90194313626,30064772186,REACHING_DEF,A 
90194313627,30064772183,REACHING_DEF, event encountered in 
90194313627,30064772184,REACHING_DEF, event encountered in 
90194313627,30064772185,REACHING_DEF, event encountered in 
90194313627,30064772186,REACHING_DEF, event encountered in 
90194313628,30064772183,REACHING_DEF,() at line number 
90194313628,30064772184,REACHING_DEF,() at line number 
90194313628,30064772185,REACHING_DEF,() at line number 
90194313628,30064772186,REACHING_DEF,() at line number 
90194313630,68719477832,REACHING_DEF,"""demo_salt"""
90194313630,30064772191,REACHING_DEF,"""demo_salt"""
90194313631,30064772197,REACHING_DEF,"""student@iut-dhaka.edu"""
90194313632,30064772197,REACHING_DEF,"""mypassword123"""
90194313633,68719477843,REACHING_DEF,None
90194313633,30064772200,REACHING_DEF,None
90194313634,68719477844,REACHING_DEF,"""\nResult:"""
90194313634,30064772201,REACHING_DEF,"""\nResult:"""
107374182400,120259084302,REACHING_DEF,
107374182400,90194313559,REACHING_DEF,
107374182400,90194313230,REACHING_DEF,
107374182400,90194313220,REACHING_DEF,
107374182400,90194313235,REACHING_DEF,
107374182400,120259084290,REACHING_DEF,
107374182400,68719476768,REACHING_DEF,
107374182400,90194313226,REACHING_DEF,
107374182400,68719476772,REACHING_DEF,
107374182400,176093659142,REACHING_DEF,
107374182400,30064772023,REACHING_DEF,
107374182400,90194313221,REACHING_DEF,
107374182400,120259084312,REACHING_DEF,
107374182400,68719476767,REACHING_DEF,
107374182400,120259084310,REACHING_DEF,
107374182400,68719476750,REACHING_DEF,
107374182400,90194313225,REACHING_DEF,
107374182400,68719476752,REACHING_DEF,
107374182400,90194313238,REACHING_DEF,
107374182400,176093659139,REACHING_DEF,
107374182400,68719476771,REACHING_DEF,
107374182400,120259084305,REACHING_DEF,
107374182400,120259084295,REACHING_DEF,
107374182400,120259084304,REACHING_DEF,
107374182400,176093659143,REACHING_DEF,
107374182400,120259084299,REACHING_DEF,
107374182400,90194313231,REACHING_DEF,
107374182400,176093659146,REACHING_DEF,
107374182400,90194313216,REACHING_DEF,
107374182400,90194313234,REACHING_DEF,
107374182400,68719476758,REACHING_DEF,
107374182400,120259084303,REACHING_DEF,
107374182400,68719476773,REACHING_DEF,
107374182400,68719476763,REACHING_DEF,
107374182400,90194313219,REACHING_DEF,
107374182400,120259084294,REACHING_DEF,
107374182400,120259084309,REACHING_DEF,
107374182400,90194313224,REACHING_DEF,
107374182400,90194313237,REACHING_DEF,
107374182400,68719476766,REACHING_DEF,
107374182400,176093659138,REACHING_DEF,
107374182400,120259084289,REACHING_DEF,
107374182400,120259084298,REACHING_DEF,
107374182400,68719476770,REACHING_DEF,
107374182400,68719477663,REACHING_DEF,
107374182400,68719477664,REACHING_DEF,
107374182400,68719476774,REACHING_DEF,
107374182400,176093659144,REACHING_DEF,
107374182400,90194313232,REACHING_DEF,
107374182400,90194313233,REACHING_DEF,
107374182400,120259084296,REACHING_DEF,
107374182400,120259084307,REACHING_DEF,
107374182400,176093659137,REACHING_DEF,
107374182400,90194313223,REACHING_DEF,
107374182400,120259084293,REACHING_DEF,
107374182400,120259084308,REACHING_DEF,
107374182400,68719476748,REACHING_DEF,
107374182400,68719476760,REACHING_DEF,
107374182400,68719476754,REACHING_DEF,
107374182400,90194313227,REACHING_DEF,
107374182400,120259084288,REACHING_DEF,
107374182400,90194313218,REACHING_DEF,
107374182400,176093659141,REACHING_DEF,
107374182400,68719476756,REACHING_DEF,
107374182400,120259084301,REACHING_DEF,
107374182400,120259084306,REACHING_DEF,
107374182400,120259084291,REACHING_DEF,
107374182400,120259084297,REACHING_DEF,
107374182400,68719476769,REACHING_DEF,
107374182400,90194313229,REACHING_DEF,
107374182400,90194313236,REACHING_DEF,
107374182400,176093659136,REACHING_DEF,
107374182400,68719476764,REACHING_DEF,
107374182400,120259084311,REACHING_DEF,
107374182400,120259084292,REACHING_DEF,
107374182400,90194313222,REACHING_DEF,
107374182400,90194313228,REACHING_DEF,
107374182400,90194313217,REACHING_DEF,
107374182400,176093659140,REACHING_DEF,
107374182400,176093659145,REACHING_DEF,
107374182400,68719476761,REACHING_DEF,
107374182401,68719476784,REACHING_DEF,
107374182401,68719476781,REACHING_DEF,
107374182401,68719476780,REACHING_DEF,
107374182401,68719476794,REACHING_DEF,
107374182401,68719476789,REACHING_DEF,
107374182401,68719476803,REACHING_DEF,
107374182401,68719476805,REACHING_DEF,
107374182401,111669149696,REACHING_DEF,
107374182401,25769803781,REACHING_DEF,
107374182401,25769803784,REACHING_DEF,
107374182401,68719476790,REACHING_DEF,
107374182401,30064771142,REACHING_DEF,
107374182401,68719476806,REACHING_DEF,
107374182401,68719476798,REACHING_DEF,
107374182401,68719476792,REACHING_DEF,
107374182401,68719476791,REACHING_DEF,
107374182401,68719476786,REACHING_DEF,
107374182401,90194313240,REACHING_DEF,
107374182401,68719476801,REACHING_DEF,
107374182401,68719476788,REACHING_DEF,
107374182401,30064771141,REACHING_DEF,
107374182401,68719476793,REACHING_DEF,
107374182401,68719476796,REACHING_DEF,
107374182401,68719476783,REACHING_DEF,
107374182401,90194313241,REACHING_DEF,
107374182401,68719476800,REACHING_DEF,
107374182401,90194313239,REACHING_DEF,
107374182401,68719476785,REACHING_DEF,
107374182402,68719476809,REACHING_DEF,
107374182402,68719476813,REACHING_DEF,
107374182402,68719476812,REACHING_DEF,
107374182402,68719476811,REACHING_DEF,
107374182402,111669149698,REACHING_DEF,
107374182402,68719476817,REACHING_DEF,
107374182402,68719476822,REACHING_DEF,
107374182402,68719476810,REACHING_DEF,
107374182402,90194313243,REACHING_DEF,
107374182402,25769803792,REACHING_DEF,
107374182402,68719476819,REACHING_DEF,
107374182402,90194313244,REACHING_DEF,
107374182402,68719476820,REACHING_DEF,
107374182402,68719476824,REACHING_DEF,
107374182402,90194313242,REACHING_DEF,
107374182402,68719476815,REACHING_DEF,
107374182402,68719476808,REACHING_DEF,
107374182402,68719476825,REACHING_DEF,
107374182402,111669149697,REACHING_DEF,
107374182403,68719476873,REACHING_DEF,
107374182403,90194313269,REACHING_DEF,
107374182403,68719476890,REACHING_DEF,
107374182403,68719476895,REACHING_DEF,
107374182403,25769803800,REACHING_DEF,
107374182403,68719476878,REACHING_DEF,
107374182403,68719476831,REACHING_DEF,
107374182403,90194313247,REACHING_DEF,
107374182403,30064771209,REACHING_DEF,
107374182403,68719476896,REACHING_DEF,
107374182403,90194313253,REACHING_DEF,
107374182403,25769803795,REACHING_DEF,
107374182403,68719476837,REACHING_DEF,
107374182403,68719476863,REACHING_DEF,
107374182403,68719476864,REACHING_DEF,
107374182403,90194313262,REACHING_DEF,
107374182403,68719476846,REACHING_DEF,
107374182403,68719476881,REACHING_DEF,
107374182403,68719476849,REACHING_DEF,
107374182403,68719476841,REACHING_DEF,
107374182403,68719476845,REACHING_DEF,
107374182403,68719476874,REACHING_DEF,
107374182403,68719476891,REACHING_DEF,
107374182403,68719476855,REACHING_DEF,
107374182403,68719476835,REACHING_DEF,
107374182403,90194313251,REACHING_DEF,
107374182403,68719476862,REACHING_DEF,
107374182403,25769803802,REACHING_DEF,
107374182403,68719476859,REACHING_DEF,
107374182403,68719476830,REACHING_DEF,
107374182403,90194313258,REACHING_DEF,
107374182403,68719476894,REACHING_DEF,
107374182403,68719476880,REACHING_DEF,
107374182403,68719476848,REACHING_DEF,
107374182403,68719476827,REACHING_DEF,
107374182403,68719476877,REACHING_DEF,
107374182403,30064771189,REACHING_DEF,
107374182403,68719476854,REACHING_DEF,
107374182403,25769803799,REACHING_DEF,
107374182403,68719476867,REACHING_DEF,
107374182403,90194313280,REACHING_DEF,
107374182403,68719476842,REACHING_DEF,
107374182403,90194313256,REACHING_DEF,
107374182403,68719476886,REACHING_DEF,
107374182403,90194313265,REACHING_DEF,
107374182403,25769803794,REACHING_DEF,
107374182403,68719476876,REACHING_DEF,
107374182403,68719476888,REACHING_DEF,
107374182403,90194313245,REACHING_DEF,
107374182403,90194313263,REACHING_DEF,
107374182403,68719476834,REACHING_DEF,
107374182403,68719476875,REACHING_DEF,
107374182403,68719476856,REACHING_DEF,
107374182403,90194313276,REACHING_DEF,
107374182403,68719476884,REACHING_DEF,
107374182403,68719476852,REACHING_DEF,
107374182403,30064771162,REACHING_DEF,
107374182403,68719476843,REACHING_DEF,
107374182403,90194313271,REACHING_DEF,
107374182403,90194313264,REACHING_DEF,
107374182403,68719476887,REACHING_DEF,
107374182403,68719476893,REACHING_DEF,
107374182403,68719476839,REACHING_DEF,
107374182403,30064771173,REACHING_DEF,
107374182403,90194313260,REACHING_DEF,
107374182403,68719476857,REACHING_DEF,
107374182403,68719476872,REACHING_DEF,
107374182403,68719476828,REACHING_DEF,
107374182403,68719476889,REACHING_DEF,
107374182403,68719476833,REACHING_DEF,
107374182403,90194313273,REACHING_DEF,
107374182403,90194313249,REACHING_DEF,
107374182403,25769803804,REACHING_DEF,
107374182403,68719476885,REACHING_DEF,
107374182403,68719476868,REACHING_DEF,
107374182403,68719476853,REACHING_DEF,
107374182403,68719476847,REACHING_DEF,
107374182403,68719476879,REACHING_DEF,
107374182403,68719476836,REACHING_DEF,
107374182403,68719476882,REACHING_DEF,
107374182403,90194313278,REACHING_DEF,
107374182403,25769803796,REACHING_DEF,
107374182403,25769803801,REACHING_DEF,
107374182403,68719476865,REACHING_DEF,
107374182403,68719476840,REACHING_DEF,
107374182403,30064771237,REACHING_DEF,
107374182403,90194313254,REACHING_DEF,
107374182403,90194313267,REACHING_DEF,
107374182403,68719476871,REACHING_DEF,
107374182403,68719476860,REACHING_DEF,
107374182404,68719476910,REACHING_DEF,
107374182404,68719476901,REACHING_DEF,
107374182404,90194313283,REACHING_DEF,
107374182404,68719476899,REACHING_DEF,
107374182404,68719476907,REACHING_DEF,
107374182404,68719476908,REACHING_DEF,
107374182404,68719476898,REACHING_DEF,
107374182404,111669149701,REACHING_DEF,
107374182404,68719476905,REACHING_DEF,
107374182404,111669149700,REACHING_DEF,
107374182404,68719476906,REACHING_DEF,
107374182404,68719476909,REACHING_DEF,
107374182404,90194313282,REACHING_DEF,
107374182404,111669149699,REACHING_DEF,
107374182404,25769803807,REACHING_DEF,
107374182404,90194313281,REACHING_DEF,
107374182404,68719476902,REACHING_DEF,
107374182404,68719476904,REACHING_DEF,
107374182404,68719476911,REACHING_DEF,
107374182405,68719476913,REACHING_DEF,
107374182405,68719476923,REACHING_DEF,
107374182405,68719476921,REACHING_DEF,
107374182405,90194313284,REACHING_DEF,
107374182405,68719476914,REACHING_DEF,
107374182405,68719476922,REACHING_DEF,
107374182405,68719476920,REACHING_DEF,
107374182405,90194313286,REACHING_DEF,
107374182405,68719476919,REACHING_DEF,
107374182405,25769803812,REACHING_DEF,
107374182405,111669149702,REACHING_DEF,
107374182405,90194313285,REACHING_DEF,
107374182405,68719476917,REACHING_DEF,
107374182405,68719476916,REACHING_DEF,
107374182406,68719476937,REACHING_DEF,
107374182406,68719476926,REACHING_DEF,
107374182406,68719476934,REACHING_DEF,
107374182406,68719476925,REACHING_DEF,
107374182406,68719476935,REACHING_DEF,
107374182406,68719476936,REACHING_DEF,
107374182406,68719476929,REACHING_DEF,
107374182406,111669149703,REACHING_DEF,
107374182406,25769803816,REACHING_DEF,
107374182406,90194313289,REACHING_DEF,
107374182406,90194313288,REACHING_DEF,
107374182406,68719476932,REACHING_DEF,
107374182406,68719476928,REACHING_DEF,
107374182406,25769803817,REACHING_DEF,
107374182406,90194313287,REACHING_DEF,
107374182406,25769803818,REACHING_DEF,
107374182406,68719476931,REACHING_DEF,
107374182407,25769803823,REACHING_DEF,
107374182407,68719476940,REACHING_DEF,
107374182407,90194313291,REACHING_DEF,
107374182407,68719476946,REACHING_DEF,
107374182407,68719476939,REACHING_DEF,
107374182407,68719476945,REACHING_DEF,
107374182407,90194313290,REACHING_DEF,
107374182407,111669149704,REACHING_DEF,
107374182407,68719476943,REACHING_DEF,
107374182407,90194313292,REACHING_DEF,
107374182407,25769803824,REACHING_DEF,
107374182407,68719476942,REACHING_DEF,
107374182408,68719476949,REACHING_DEF,
107374182408,68719476951,REACHING_DEF,
107374182408,68719476956,REACHING_DEF,
107374182408,68719476948,REACHING_DEF,
107374182408,68719476953,REACHING_DEF,
107374182408,25769803826,REACHING_DEF,
107374182408,68719476954,REACHING_DEF,
107374182408,25769803827,REACHING_DEF,
107374182408,68719476957,REACHING_DEF,
107374182408,111669149706,REACHING_DEF,
107374182408,111669149705,REACHING_DEF,
107374182408,68719476952,REACHING_DEF,
107374182408,141733920775,REACHING_DEF,
107374182409,68719476962,REACHING_DEF,
107374182409,68719476961,REACHING_DEF,
107374182409,68719476960,REACHING_DEF,
107374182409,111669149707,REACHING_DEF,
107374182409,90194313293,REACHING_DEF,
107374182409,68719476959,REACHING_DEF,
107374182410,111669149708,REACHING_DEF,
107374182410,68719476964,REACHING_DEF,
107374182410,90194313294,REACHING_DEF,
107374182410,68719476965,REACHING_DEF,
107374182410,68719476967,REACHING_DEF,
107374182410,68719476966,REACHING_DEF,
107374182411,68719476969,REACHING_DEF,
107374182411,111669149709,REACHING_DEF,
107374182411,68719476972,REACHING_DEF,
107374182411,68719476971,REACHING_DEF,
107374182411,68719476970,REACHING_DEF,
107374182411,90194313295,REACHING_DEF,
107374182412,68719477044,REACHING_DEF,
107374182412,68719477043,REACHING_DEF,
107374182412,68719477021,REACHING_DEF,
107374182412,30064771355,REACHING_DEF,
107374182412,68719477004,REACHING_DEF,
107374182412,68719477011,REACHING_DEF,
107374182412,68719476994,REACHING_DEF,
107374182412,68719477036,REACHING_DEF,
107374182412,141733920780,REACHING_DEF,
107374182412,90194313304,REACHING_DEF,
107374182412,68719477014,REACHING_DEF,
107374182412,68719477033,REACHING_DEF,
107374182412,90194313322,REACHING_DEF,
107374182412,68719476997,REACHING_DEF,
107374182412,90194313307,REACHING_DEF,
107374182412,68719477050,REACHING_DEF,
107374182412,25769803834,REACHING_DEF,
107374182412,68719477018,REACHING_DEF,
107374182412,68719477029,REACHING_DEF,
107374182412,90194313311,REACHING_DEF,
107374182412,90194313298,REACHING_DEF,
107374182412,68719477046,REACHING_DEF,
107374182412,68719477005,REACHING_DEF,
107374182412,68719476990,REACHING_DEF,
107374182412,68719477008,REACHING_DEF,
107374182412,68719477040,REACHING_DEF,
107374182412,68719477037,REACHING_DEF,
107374182412,68719477001,REACHING_DEF,
107374182412,68719477027,REACHING_DEF,
107374182412,30064771335,REACHING_DEF,
107374182412,25769803838,REACHING_DEF,
107374182412,68719476995,REACHING_DEF,
107374182412,68719476981,REACHING_DEF,
107374182412,68719477032,REACHING_DEF,
107374182412,25769803841,REACHING_DEF,
107374182412,68719477045,REACHING_DEF,
107374182412,30064771321,REACHING_DEF,
107374182412,90194313321,REACHING_DEF,
107374182412,68719476996,REACHING_DEF,
107374182412,90194313297,REACHING_DEF,
107374182412,68719477028,REACHING_DEF,
107374182412,68719477049,REACHING_DEF,
107374182412,90194313301,REACHING_DEF,
107374182412,68719477023,REACHING_DEF,
107374182412,68719477038,REACHING_DEF,
107374182412,120259084300,REACHING_DEF,
107374182412,68719477006,REACHING_DEF,
107374182412,68719477024,REACHING_DEF,
107374182412,68719476991,REACHING_DEF,
107374182412,68719477017,REACHING_DEF,
107374182412,68719477041,REACHING_DEF,
107374182412,68719477031,REACHING_DEF,
107374182412,68719476999,REACHING_DEF,
107374182412,68719476980,REACHING_DEF,
107374182412,90194313305,REACHING_DEF,
107374182412,25769803840,REACHING_DEF,
107374182412,68719477048,REACHING_DEF,
107374182412,68719476977,REACHING_DEF,
107374182412,90194313302,REACHING_DEF,
107374182412,68719476975,REACHING_DEF,
107374182412,90194313300,REACHING_DEF,
107374182412,68719477035,REACHING_DEF,
107374182412,68719477009,REACHING_DEF,
107374182412,68719477012,REACHING_DEF,
107374182412,90194313296,REACHING_DEF,
107374182412,68719477020,REACHING_DEF,
107374182412,68719477042,REACHING_DEF,
107374182412,68719477039,REACHING_DEF,
107374182412,68719476988,REACHING_DEF,
107374182412,90194313313,REACHING_DEF,
107374182412,68719477010,REACHING_DEF,
107374182412,68719476978,REACHING_DEF,
107374182412,90194313303,REACHING_DEF,
107374182412,68719476984,REACHING_DEF,
107374182412,90194313309,REACHING_DEF,
107374182412,68719477015,REACHING_DEF,
107374182412,25769803839,REACHING_DEF,
107374182412,68719477030,REACHING_DEF,
107374182412,68719476998,REACHING_DEF,
107374182412,68719476983,REACHING_DEF,
107374182412,68719477034,REACHING_DEF,
107374182412,25769803835,REACHING_DEF,
107374182412,68719477047,REACHING_DEF,
107374182412,68719477002,REACHING_DEF,
107374182412,90194313312,REACHING_DEF,
107374182412,68719476974,REACHING_DEF,
107374182412,90194313299,REACHING_DEF,
107374182413,68719476986,REACHING_DEF,
107374182413,111669149710,REACHING_DEF,
107374182413,90194313306,REACHING_DEF,
107374182413,68719476987,REACHING_DEF,
107374182414,68719477061,REACHING_DEF,
107374182414,68719477053,REACHING_DEF,
107374182414,68719477083,REACHING_DEF,
107374182414,90194313329,REACHING_DEF,
107374182414,68719477078,REACHING_DEF,
107374182414,68719477066,REACHING_DEF,
107374182414,90194313336,REACHING_DEF,
107374182414,90194313339,REACHING_DEF,
107374182414,68719477075,REACHING_DEF,
107374182414,68719477069,REACHING_DEF,
107374182414,68719477086,REACHING_DEF,
107374182414,25769803851,REACHING_DEF,
107374182414,68719477082,REACHING_DEF,
107374182414,68719477059,REACHING_DEF,
107374182414,68719477092,REACHING_DEF,
107374182414,25769803849,REACHING_DEF,
107374182414,68719477077,REACHING_DEF,
107374182414,25769803845,REACHING_DEF,
107374182414,90194313333,REACHING_DEF,
107374182414,68719477060,REACHING_DEF,
107374182414,90194313326,REACHING_DEF,
107374182414,68719477065,REACHING_DEF,
107374182414,90194313325,REACHING_DEF,
107374182414,68719477091,REACHING_DEF,
107374182414,90194313338,REACHING_DEF,
107374182414,68719477070,REACHING_DEF,
107374182414,90194313331,REACHING_DEF,
107374182414,68719477056,REACHING_DEF,
107374182414,68719477063,REACHING_DEF,
107374182414,68719477055,REACHING_DEF,
107374182414,68719477081,REACHING_DEF,
107374182414,68719477084,REACHING_DEF,
107374182414,90194313324,REACHING_DEF,
107374182414,68719477073,REACHING_DEF,
107374182414,68719477071,REACHING_DEF,
107374182414,25769803846,REACHING_DEF,
107374182414,90194313337,REACHING_DEF,
107374182414,68719477088,REACHING_DEF,
107374182414,90194313328,REACHING_DEF,
107374182414,90194313334,REACHING_DEF,
107374182414,68719477052,REACHING_DEF,
107374182414,90194313332,REACHING_DEF,
107374182414,90194313335,REACHING_DEF,
107374182414,68719477080,REACHING_DEF,
107374182414,30064771384,REACHING_DEF,
107374182414,68719477079,REACHING_DEF,
107374182414,68719477085,REACHING_DEF,
107374182414,68719477062,REACHING_DEF,
107374182414,90194313323,REACHING_DEF,
107374182414,68719477094,REACHING_DEF,
107374182414,68719477068,REACHING_DEF,
107374182414,68719477089,REACHING_DEF,
107374182414,90194313327,REACHING_DEF,
107374182414,68719477074,REACHING_DEF,
107374182414,141733920781,REACHING_DEF,
107374182414,141733920782,REACHING_DEF,
107374182415,68719477122,REACHING_DEF,
107374182415,25769803858,REACHING_DEF,
107374182415,68719477139,REACHING_DEF,
107374182415,90194313346,REACHING_DEF,
107374182415,68719477107,REACHING_DEF,
107374182415,90194313351,REACHING_DEF,
107374182415,68719477133,REACHING_DEF,
107374182415,68719477110,REACHING_DEF,
107374182415,90194313358,REACHING_DEF,
107374182415,68719477130,REACHING_DEF,
107374182415,90194313343,REACHING_DEF,
107374182415,90194313354,REACHING_DEF,
107374182415,68719477125,REACHING_DEF,
107374182415,68719477115,REACHING_DEF,
107374182415,68719477124,REACHING_DEF,
107374182415,90194313347,REACHING_DEF,
107374182415,68719477119,REACHING_DEF,
107374182415,68719477104,REACHING_DEF,
107374182415,90194313352,REACHING_DEF,
107374182415,68719477097,REACHING_DEF,
107374182415,68719477136,REACHING_DEF,
107374182415,68719477114,REACHING_DEF,
107374182415,68719477129,REACHING_DEF,
107374182415,90194313357,REACHING_DEF,
107374182415,68719477118,REACHING_DEF,
107374182415,68719477109,REACHING_DEF,
107374182415,90194313353,REACHING_DEF,
107374182415,68719477105,REACHING_DEF,
107374182415,68719477137,REACHING_DEF,
107374182415,68719477102,REACHING_DEF,
107374182415,90194313349,REACHING_DEF,
107374182415,25769803860,REACHING_DEF,
107374182415,68719477120,REACHING_DEF,
107374182415,25769803853,REACHING_DEF,
107374182415,68719477096,REACHING_DEF,
107374182415,68719477116,REACHING_DEF,
107374182415,68719477127,REACHING_DEF,
107374182415,90194313342,REACHING_DEF,
107374182415,25769803857,REACHING_DEF,
107374182415,90194313341,REACHING_DEF,
107374182415,90194313356,REACHING_DEF,
107374182415,68719477128,REACHING_DEF,
107374182415,68719477108,REACHING_DEF,
107374182415,68719477134,REACHING_DEF,
107374182415,68719477121,REACHING_DEF,
107374182415,68719477099,REACHING_DEF,
107374182415,68719477111,REACHING_DEF,
107374182415,68719477117,REACHING_DEF,
107374182415,90194313340,REACHING_DEF,
107374182415,68719477100,REACHING_DEF,
107374182415,90194313355,REACHING_DEF,
107374182415,68719477112,REACHING_DEF,
107374182415,68719477131,REACHING_DEF,
107374182415,90194313344,REACHING_DEF,
107374182415,141733920784,REACHING_DEF,
107374182416,90194313368,REACHING_DEF,
107374182416,68719477193,REACHING_DEF,
107374182416,68719477266,REACHING_DEF,
107374182416,68719477174,REACHING_DEF,
107374182416,25769803863,REACHING_DEF,
107374182416,90194313378,REACHING_DEF,
107374182416,68719477248,REACHING_DEF,
107374182416,68719477225,REACHING_DEF,
107374182416,68719477154,REACHING_DEF,
107374182416,141733920790,REACHING_DEF,
107374182416,141733920785,REACHING_DEF,
107374182416,68719477213,REACHING_DEF,
107374182416,68719477142,REACHING_DEF,
107374182416,68719477249,REACHING_DEF,
107374182416,90194313391,REACHING_DEF,
107374182416,68719477171,REACHING_DEF,
107374182416,68719477238,REACHING_DEF,
107374182416,90194313361,REACHING_DEF,
107374182416,68719477192,REACHING_DEF,
107374182416,68719477243,REACHING_DEF,
107374182416,68719477228,REACHING_DEF,
107374182416,68719477186,REACHING_DEF,
107374182416,68719477244,REACHING_DEF,
107374182416,68719477147,REACHING_DEF,
107374182416,30064771478,REACHING_DEF,
107374182416,68719477162,REACHING_DEF,
107374182416,68719477263,REACHING_DEF,
107374182416,68719477265,REACHING_DEF,
107374182416,68719477164,REACHING_DEF,
107374182416,90194313394,REACHING_DEF,
107374182416,68719477196,REACHING_DEF,
107374182416,68719477258,REACHING_DEF,
107374182416,25769803870,REACHING_DEF,
107374182416,68719477232,REACHING_DEF,
107374182416,68719477179,REACHING_DEF,
107374182416,68719477205,REACHING_DEF,
107374182416,25769803887,REACHING_DEF,
107374182416,68719477203,REACHING_DEF,
107374182416,68719477200,REACHING_DEF,
107374182416,25769803866,REACHING_DEF,
107374182416,90194313371,REACHING_DEF,
107374182416,68719477220,REACHING_DEF,
107374182416,68719477218,REACHING_DEF,
107374182416,68719477168,REACHING_DEF,
107374182416,68719477209,REACHING_DEF,
107374182416,90194313384,REACHING_DEF,
107374182416,68719477155,REACHING_DEF,
107374182416,30064771541,REACHING_DEF,
107374182416,68719477156,REACHING_DEF,
107374182416,90194313385,REACHING_DEF,
107374182416,90194313365,REACHING_DEF,
107374182416,68719477239,REACHING_DEF,
107374182416,68719477197,REACHING_DEF,
107374182416,68719477208,REACHING_DEF,
107374182416,90194313362,REACHING_DEF,
107374182416,30064771580,REACHING_DEF,
107374182416,68719477187,REACHING_DEF,
107374182416,25769803881,REACHING_DEF,
107374182416,68719477233,REACHING_DEF,
107374182416,90194313390,REACHING_DEF,
107374182416,68719477254,REACHING_DEF,
107374182416,90194313379,REACHING_DEF,
107374182416,68719477173,REACHING_DEF,
107374182416,68719477146,REACHING_DEF,
107374182416,68719477165,REACHING_DEF,
107374182416,25769803882,REACHING_DEF,
107374182416,25769803877,REACHING_DEF,
107374182416,68719477247,REACHING_DEF,
107374182416,68719477223,REACHING_DEF,
107374182416,68719477161,REACHING_DEF,
107374182416,68719477219,REACHING_DEF,
107374182416,68719477251,REACHING_DEF,
107374182416,141733920788,REACHING_DEF,
107374182416,68719477191,REACHING_DEF,
107374182416,68719477236,REACHING_DEF,
107374182416,68719477178,REACHING_DEF,
107374182416,68719477141,REACHING_DEF,
107374182416,68719477255,REACHING_DEF,
107374182416,68719477268,REACHING_DEF,
107374182416,30064771503,REACHING_DEF,
107374182416,68719477230,REACHING_DEF,
107374182416,68719477184,REACHING_DEF,
107374182416,90194313395,REACHING_DEF,
107374182416,68719477152,REACHING_DEF,
107374182416,90194313363,REACHING_DEF,
107374182416,68719477204,REACHING_DEF,
107374182416,68719477198,REACHING_DEF,
107374182416,68719477169,REACHING_DEF,
107374182416,90194313381,REACHING_DEF,
107374182416,68719477172,REACHING_DEF,
107374182416,90194313388,REACHING_DEF,
107374182416,90194313380,REACHING_DEF,
107374182416,25769803878,REACHING_DEF,
107374182416,68719477159,REACHING_DEF,
107374182416,90194313366,REACHING_DEF,
107374182416,90194313369,REACHING_DEF,
107374182416,68719477222,REACHING_DEF,
107374182416,68719477227,REACHING_DEF,
107374182416,68719477190,REACHING_DEF,
107374182416,68719477201,REACHING_DEF,
107374182416,68719477183,REACHING_DEF,
107374182416,68719477195,REACHING_DEF,
107374182416,68719477177,REACHING_DEF,
107374182416,68719477240,REACHING_DEF,
107374182416,68719477207,REACHING_DEF,
107374182416,30064771517,REACHING_DEF,
107374182416,25769803872,REACHING_DEF,
107374182416,68719477246,REACHING_DEF,
107374182416,141733920787,REACHING_DEF,
107374182416,68719477241,REACHING_DEF,
107374182416,68719477261,REACHING_DEF,
107374182416,68719477267,REACHING_DEF,
107374182416,90194313360,REACHING_DEF,
107374182416,68719477181,REACHING_DEF,
107374182416,68719477199,REACHING_DEF,
107374182416,68719477252,REACHING_DEF,
107374182416,68719477250,REACHING_DEF,
107374182416,30064771560,REACHING_DEF,
107374182416,90194313377,REACHING_DEF,
107374182416,90194313367,REACHING_DEF,
107374182416,68719477257,REACHING_DEF,
107374182416,141733920789,REACHING_DEF,
107374182416,68719477153,REACHING_DEF,
107374182416,90194313364,REACHING_DEF,
107374182416,68719477237,REACHING_DEF,
107374182416,68719477194,REACHING_DEF,
107374182416,68719477226,REACHING_DEF,
107374182416,68719477231,REACHING_DEF,
107374182416,68719477264,REACHING_DEF,
107374182416,68719477143,REACHING_DEF,
107374182416,68719477269,REACHING_DEF,
107374182416,68719477158,REACHING_DEF,
107374182416,68719477149,REACHING_DEF,
107374182416,68719477211,REACHING_DEF,
107374182416,90194313382,REACHING_DEF,
107374182416,68719477217,REACHING_DEF,
107374182416,68719477260,REACHING_DEF,
107374182416,141733920786,REACHING_DEF,
107374182416,68719477212,REACHING_DEF,
107374182416,68719477144,REACHING_DEF,
107374182416,90194313387,REACHING_DEF,
107374182416,25769803871,REACHING_DEF,
107374182416,90194313393,REACHING_DEF,
107374182416,68719477206,REACHING_DEF,
107374182416,25769803888,REACHING_DEF,
107374182416,25769803862,REACHING_DEF,
107374182416,68719477180,REACHING_DEF,
107374182416,68719477256,REACHING_DEF,
107374182416,68719477216,REACHING_DEF,
107374182416,90194313372,REACHING_DEF,
107374182416,90194313359,REACHING_DEF,
107374182416,68719477167,REACHING_DEF,
107374182416,25769803867,REACHING_DEF,
107374182416,68719477202,REACHING_DEF,
107374182417,90194313400,REACHING_DEF,
107374182417,68719477304,REACHING_DEF,
107374182417,68719477312,REACHING_DEF,
107374182417,68719477307,REACHING_DEF,
107374182417,68719477302,REACHING_DEF,
107374182417,68719477285,REACHING_DEF,
107374182417,90194313403,REACHING_DEF,
107374182417,25769803895,REACHING_DEF,
107374182417,68719477280,REACHING_DEF,
107374182417,68719477290,REACHING_DEF,
107374182417,68719477295,REACHING_DEF,
107374182417,68719477276,REACHING_DEF,
107374182417,68719477308,REACHING_DEF,
107374182417,68719477318,REACHING_DEF,
107374182417,90194313411,REACHING_DEF,
107374182417,68719477297,REACHING_DEF,
107374182417,90194313407,REACHING_DEF,
107374182417,25769803896,REACHING_DEF,
107374182417,68719477271,REACHING_DEF,
107374182417,25769803902,REACHING_DEF,
107374182417,68719477286,REACHING_DEF,
107374182417,68719477303,REACHING_DEF,
107374182417,68719477315,REACHING_DEF,
107374182417,68719477279,REACHING_DEF,
107374182417,90194313397,REACHING_DEF,
107374182417,68719477311,REACHING_DEF,
107374182417,68719477283,REACHING_DEF,
107374182417,90194313412,REACHING_DEF,
107374182417,68719477287,REACHING_DEF,
107374182417,68719477273,REACHING_DEF,
107374182417,90194313401,REACHING_DEF,
107374182417,68719477319,REACHING_DEF,
107374182417,68719477300,REACHING_DEF,
107374182417,25769803897,REACHING_DEF,
107374182417,25769803900,REACHING_DEF,
107374182417,68719477305,REACHING_DEF,
107374182417,68719477299,REACHING_DEF,
107374182417,90194313409,REACHING_DEF,
107374182417,25769803901,REACHING_DEF,
107374182417,68719477293,REACHING_DEF,
107374182417,90194313396,REACHING_DEF,
107374182417,68719477316,REACHING_DEF,
107374182417,68719477301,REACHING_DEF,
107374182417,25769803904,REACHING_DEF,
107374182417,68719477284,REACHING_DEF,
107374182417,90194313405,REACHING_DEF,
107374182417,68719477274,REACHING_DEF,
107374182417,68719477314,REACHING_DEF,
107374182417,68719477296,REACHING_DEF,
107374182417,90194313410,REACHING_DEF,
107374182417,68719477292,REACHING_DEF,
107374182417,68719477309,REACHING_DEF,
107374182417,30064771608,REACHING_DEF,
107374182417,68719477277,REACHING_DEF,
107374182417,68719477321,REACHING_DEF,
107374182417,90194313399,REACHING_DEF,
107374182417,68719477289,REACHING_DEF,
107374182417,68719477313,REACHING_DEF,
107374182417,68719477306,REACHING_DEF,
107374182418,68719477367,REACHING_DEF,
107374182418,68719477330,REACHING_DEF,
107374182418,68719477382,REACHING_DEF,
107374182418,90194313418,REACHING_DEF,
107374182418,90194313432,REACHING_DEF,
107374182418,68719477359,REACHING_DEF,
107374182418,68719477376,REACHING_DEF,
107374182418,68719477344,REACHING_DEF,
107374182418,90194313423,REACHING_DEF,
107374182418,68719477381,REACHING_DEF,
107374182418,68719477377,REACHING_DEF,
107374182418,68719477354,REACHING_DEF,
107374182418,68719477327,REACHING_DEF,
107374182418,68719477372,REACHING_DEF,
107374182418,25769803915,REACHING_DEF,
107374182418,68719477362,REACHING_DEF,
107374182418,68719477339,REACHING_DEF,
107374182418,90194313440,REACHING_DEF,
107374182418,68719477350,REACHING_DEF,
107374182418,25769803919,REACHING_DEF,
107374182418,68719477336,REACHING_DEF,
107374182418,68719477335,REACHING_DEF,
107374182418,30064771692,REACHING_DEF,
107374182418,90194313417,REACHING_DEF,
107374182418,68719477364,REACHING_DEF,
107374182418,25769803914,REACHING_DEF,
107374182418,90194313429,REACHING_DEF,
107374182418,68719477326,REACHING_DEF,
107374182418,141733920791,REACHING_DEF,
107374182418,68719477375,REACHING_DEF,
107374182418,68719477329,REACHING_DEF,
107374182418,90194313422,REACHING_DEF,
107374182418,90194313439,REACHING_DEF,
107374182418,68719477355,REACHING_DEF,
107374182418,68719477332,REACHING_DEF,
107374182418,90194313434,REACHING_DEF,
107374182418,68719477351,REACHING_DEF,
107374182418,68719477368,REACHING_DEF,
107374182418,68719477323,REACHING_DEF,
107374182418,68719477357,REACHING_DEF,
107374182418,68719477369,REACHING_DEF,
107374182418,68719477347,REACHING_DEF,
107374182418,68719477380,REACHING_DEF,
107374182418,68719477365,REACHING_DEF,
107374182418,68719477342,REACHING_DEF,
107374182418,90194313420,REACHING_DEF,
107374182418,68719477333,REACHING_DEF,
107374182418,90194313438,REACHING_DEF,
107374182418,68719477348,REACHING_DEF,
107374182418,68719477379,REACHING_DEF,
107374182418,25769803910,REACHING_DEF,
107374182418,68719477337,REACHING_DEF,
107374182418,90194313433,REACHING_DEF,
107374182418,90194313413,REACHING_DEF,
107374182418,68719477346,REACHING_DEF,
107374182418,68719477384,REACHING_DEF,
107374182418,90194313431,REACHING_DEF,
107374182418,68719477341,REACHING_DEF,
107374182418,68719477370,REACHING_DEF,
107374182418,68719477356,REACHING_DEF,
107374182418,90194313436,REACHING_DEF,
107374182418,68719477385,REACHING_DEF,
107374182418,68719477324,REACHING_DEF,
107374182418,68719477349,REACHING_DEF,
107374182418,68719477360,REACHING_DEF,
107374182418,30064771666,REACHING_DEF,
107374182418,90194313425,REACHING_DEF,
107374182418,68719477338,REACHING_DEF,
107374182418,90194313437,REACHING_DEF,
107374182418,68719477363,REACHING_DEF,
107374182418,68719477378,REACHING_DEF,
107374182418,68719477353,REACHING_DEF,
107374182418,90194313414,REACHING_DEF,
107374182418,68719477373,REACHING_DEF,
107374182418,25769803911,REACHING_DEF,
107374182419,68719477414,REACHING_DEF,
107374182419,90194313447,REACHING_DEF,
107374182419,68719477403,REACHING_DEF,
107374182419,68719477391,REACHING_DEF,
107374182419,68719477418,REACHING_DEF,
107374182419,68719477445,REACHING_DEF,
107374182419,68719477423,REACHING_DEF,
107374182419,90194313458,REACHING_DEF,
107374182419,25769803927,REACHING_DEF,
107374182419,68719477408,REACHING_DEF,
107374182419,68719477436,REACHING_DEF,
107374182419,90194313457,REACHING_DEF,
107374182419,68719477441,REACHING_DEF,
107374182419,90194313455,REACHING_DEF,
107374182419,68719477404,REACHING_DEF,
107374182419,68719477409,REACHING_DEF,
107374182419,68719477440,REACHING_DEF,
107374182419,68719477394,REACHING_DEF,
107374182419,90194313450,REACHING_DEF,
107374182419,68719477439,REACHING_DEF,
107374182419,68719477428,REACHING_DEF,
107374182419,68719477446,REACHING_DEF,
107374182419,90194313449,REACHING_DEF,
107374182419,68719477419,REACHING_DEF,
107374182419,90194313444,REACHING_DEF,
107374182419,25769803923,REACHING_DEF,
107374182419,30064771738,REACHING_DEF,
107374182419,68719477396,REACHING_DEF,
107374182419,90194313461,REACHING_DEF,
107374182419,68719477422,REACHING_DEF,
107374182419,25769803928,REACHING_DEF,
107374182419,90194313454,REACHING_DEF,
107374182419,68719477431,REACHING_DEF,
107374182419,25769803924,REACHING_DEF,
107374182419,68719477425,REACHING_DEF,
107374182419,141733920792,REACHING_DEF,
107374182419,68719477429,REACHING_DEF,
107374182419,68719477389,REACHING_DEF,
107374182419,68719477400,REACHING_DEF,
107374182419,90194313445,REACHING_DEF,
107374182419,68719477433,REACHING_DEF,
107374182419,68719477401,REACHING_DEF,
107374182419,68719477412,REACHING_DEF,
107374182419,90194313441,REACHING_DEF,
107374182419,68719477406,REACHING_DEF,
107374182419,90194313452,REACHING_DEF,
107374182419,68719477411,REACHING_DEF,
107374182419,68719477415,REACHING_DEF,
107374182419,90194313453,REACHING_DEF,
107374182419,68719477443,REACHING_DEF,
107374182419,25769803929,REACHING_DEF,
107374182419,68719477421,REACHING_DEF,
107374182419,90194313459,REACHING_DEF,
107374182419,68719477398,REACHING_DEF,
107374182419,68719477405,REACHING_DEF,
107374182419,68719477416,REACHING_DEF,
107374182419,68719477434,REACHING_DEF,
107374182419,68719477444,REACHING_DEF,
107374182419,68719477437,REACHING_DEF,
107374182419,68719477430,REACHING_DEF,
107374182419,90194313442,REACHING_DEF,
107374182419,68719477413,REACHING_DEF,
107374182419,90194313451,REACHING_DEF,
107374182419,68719477397,REACHING_DEF,
107374182419,68719477395,REACHING_DEF,
107374182419,68719477410,REACHING_DEF,
107374182419,68719477442,REACHING_DEF,
107374182419,90194313456,REACHING_DEF,
107374182419,68719477388,REACHING_DEF,
107374182419,141733920793,REACHING_DEF,
107374182419,68719477427,REACHING_DEF,
107374182419,141733920794,REACHING_DEF,
107374182420,90194313467,REACHING_DEF,
107374182420,68719477467,REACHING_DEF,
107374182420,90194313471,REACHING_DEF,
107374182420,68719477453,REACHING_DEF,
107374182420,90194313473,REACHING_DEF,
107374182420,68719477452,REACHING_DEF,
107374182420,68719477462,REACHING_DEF,
107374182420,90194313464,REACHING_DEF,
107374182420,68719477457,REACHING_DEF,
107374182420,141733920795,REACHING_DEF,
107374182420,68719477454,REACHING_DEF,
107374182420,25769803938,REACHING_DEF,
107374182420,68719477463,REACHING_DEF,
107374182420,90194313475,REACHING_DEF,
107374182420,68719477456,REACHING_DEF,
107374182420,90194313465,REACHING_DEF,
107374182420,68719477451,REACHING_DEF,
107374182420,90194313462,REACHING_DEF,
107374182420,68719477460,REACHING_DEF,
107374182420,68719477464,REACHING_DEF,
107374182420,68719477469,REACHING_DEF,
107374182420,90194313463,REACHING_DEF,
107374182420,68719477458,REACHING_DEF,
107374182420,68719477461,REACHING_DEF,
107374182420,25769803936,REACHING_DEF,
107374182420,90194313474,REACHING_DEF,
107374182420,68719477449,REACHING_DEF,
107374182420,90194313469,REACHING_DEF,
107374182420,68719477466,REACHING_DEF,
107374182420,68719477448,REACHING_DEF,
107374182420,68719477455,REACHING_DEF,
107374182421,90194313482,REACHING_DEF,
107374182421,111669149711,REACHING_DEF,
107374182421,68719477534,REACHING_DEF,
107374182421,68719477549,REACHING_DEF,
107374182421,30064771840,REACHING_DEF,
107374182421,90194313479,REACHING_DEF,
107374182421,25769803947,REACHING_DEF,
107374182421,68719477502,REACHING_DEF,
107374182421,68719477477,REACHING_DEF,
107374182421,90194313496,REACHING_DEF,
107374182421,68719477539,REACHING_DEF,
107374182421,68719477507,REACHING_DEF,
107374182421,30064771825,REACHING_DEF,
107374182421,68719477517,REACHING_DEF,
107374182421,68719477510,REACHING_DEF,
107374182421,90194313487,REACHING_DEF,
107374182421,68719477486,REACHING_DEF,
107374182421,90194313489,REACHING_DEF,
107374182421,68719477471,REACHING_DEF,
107374182421,68719477514,REACHING_DEF,
107374182421,68719477542,REACHING_DEF,
107374182421,68719477499,REACHING_DEF,
107374182421,68719477482,REACHING_DEF,
107374182421,68719477531,REACHING_DEF,
107374182421,90194313480,REACHING_DEF,
107374182421,68719477546,REACHING_DEF,
107374182421,68719477521,REACHING_DEF,
107374182421,68719477535,REACHING_DEF,
107374182421,68719477503,REACHING_DEF,
107374182421,68719477478,REACHING_DEF,
107374182421,68719477550,REACHING_DEF,
107374182421,141733920796,REACHING_DEF,
107374182421,68719477553,REACHING_DEF,
107374182421,68719477545,REACHING_DEF,
107374182421,90194313490,REACHING_DEF,
107374182421,68719477475,REACHING_DEF,
107374182421,68719477526,REACHING_DEF,
107374182421,25769803955,REACHING_DEF,
107374182421,30064771894,REACHING_DEF,
107374182421,68719477541,REACHING_DEF,
107374182421,25769803941,REACHING_DEF,
107374182421,141733920799,REACHING_DEF,
107374182421,90194313486,REACHING_DEF,
107374182421,68719477500,REACHING_DEF,
107374182421,68719477489,REACHING_DEF,
107374182421,68719477483,REACHING_DEF,
107374182421,68719477485,REACHING_DEF,
107374182421,25769803951,REACHING_DEF,
107374182421,68719477532,REACHING_DEF,
107374182421,68719477498,REACHING_DEF,
107374182421,68719477551,REACHING_DEF,
107374182421,25769803942,REACHING_DEF,
107374182421,68719477479,REACHING_DEF,
107374182421,68719477488,REACHING_DEF,
107374182421,90194313497,REACHING_DEF,
107374182421,68719477522,REACHING_DEF,
107374182421,90194313484,REACHING_DEF,
107374182421,68719477512,REACHING_DEF,
107374182421,68719477544,REACHING_DEF,
107374182421,68719477529,REACHING_DEF,
107374182421,68719477490,REACHING_DEF,
107374182421,68719477493,REACHING_DEF,
107374182421,25769803950,REACHING_DEF,
107374182421,68719477508,REACHING_DEF,
107374182421,141733920798,REACHING_DEF,
107374182421,68719477536,REACHING_DEF,
107374182421,90194313476,REACHING_DEF,
107374182421,68719477525,REACHING_DEF,
107374182421,25769803957,REACHING_DEF,
107374182421,68719477505,REACHING_DEF,
107374182421,68719477554,REACHING_DEF,
107374182421,68719477516,REACHING_DEF,
107374182421,30064771872,REACHING_DEF,
107374182421,68719477548,REACHING_DEF,
107374182421,68719477496,REACHING_DEF,
107374182421,68719477472,REACHING_DEF,
107374182421,68719477528,REACHING_DEF,
107374182421,25769803948,REACHING_DEF,
107374182421,68719477533,REACHING_DEF,
107374182421,68719477497,REACHING_DEF,
107374182421,30064771846,REACHING_DEF,
107374182421,90194313483,REACHING_DEF,
107374182421,25769803954,REACHING_DEF,
107374182421,68719477538,REACHING_DEF,
107374182421,68719477492,REACHING_DEF,
107374182421,68719477523,REACHING_DEF,
107374182421,68719477506,REACHING_DEF,
107374182421,68719477476,REACHING_DEF,
107374182421,68719477511,REACHING_DEF,
107374182421,68719477543,REACHING_DEF,
107374182421,141733920797,REACHING_DEF,
107374182421,68719477487,REACHING_DEF,
107374182421,68719477515,REACHING_DEF,
107374182421,68719477480,REACHING_DEF,
107374182421,68719477547,REACHING_DEF,
107374182421,68719477520,REACHING_DEF,
107374182421,68719477552,REACHING_DEF,
107374182422,68719477571,REACHING_DEF,
107374182422,68719477566,REACHING_DEF,
107374182422,68719477574,REACHING_DEF,
107374182422,90194313511,REACHING_DEF,
107374182422,68719477591,REACHING_DEF,
107374182422,68719477563,REACHING_DEF,
107374182422,68719477582,REACHING_DEF,
107374182422,30064771933,REACHING_DEF,
107374182422,25769803962,REACHING_DEF,
107374182422,25769803967,REACHING_DEF,
107374182422,30064771912,REACHING_DEF,
107374182422,68719477578,REACHING_DEF,
107374182422,68719477599,REACHING_DEF,
107374182422,68719477595,REACHING_DEF,
107374182422,68719477567,REACHING_DEF,
107374182422,68719477590,REACHING_DEF,
107374182422,90194313512,REACHING_DEF,
107374182422,90194313498,REACHING_DEF,
107374182422,68719477596,REACHING_DEF,
107374182422,25769803966,REACHING_DEF,
107374182422,90194313507,REACHING_DEF,
107374182422,68719477585,REACHING_DEF,
107374182422,25769803961,REACHING_DEF,
107374182422,68719477584,REACHING_DEF,
107374182422,68719477583,REACHING_DEF,
107374182422,68719477576,REACHING_DEF,
107374182422,68719477577,REACHING_DEF,
107374182422,68719477564,REACHING_DEF,
107374182422,68719477572,REACHING_DEF,
107374182422,68719477569,REACHING_DEF,
107374182422,68719477562,REACHING_DEF,
107374182422,90194313515,REACHING_DEF,
107374182422,68719477557,REACHING_DEF,
107374182422,68719477597,REACHING_DEF,
107374182422,90194313502,REACHING_DEF,
107374182422,90194313508,REACHING_DEF,
107374182422,68719477561,REACHING_DEF,
107374182422,68719477560,REACHING_DEF,
107374182422,68719477588,REACHING_DEF,
107374182422,90194313510,REACHING_DEF,
107374182422,68719477593,REACHING_DEF,
107374182422,68719477592,REACHING_DEF,
107374182422,90194313501,REACHING_DEF,
107374182422,68719477581,REACHING_DEF,
107374182422,111669149712,REACHING_DEF,
107374182422,68719477575,REACHING_DEF,
107374182422,68719477587,REACHING_DEF,
107374182422,68719477598,REACHING_DEF,
107374182422,90194313514,REACHING_DEF,
107374182422,68719477556,REACHING_DEF,
107374182422,68719477570,REACHING_DEF,
107374182423,90194313518,REACHING_DEF,
107374182423,68719477611,REACHING_DEF,
107374182423,68719477605,REACHING_DEF,
107374182423,90194313522,REACHING_DEF,
107374182423,90194313520,REACHING_DEF,
107374182423,68719477601,REACHING_DEF,
107374182423,68719477607,REACHING_DEF,
107374182423,90194313527,REACHING_DEF,
107374182423,30064771974,REACHING_DEF,
107374182423,90194313517,REACHING_DEF,
107374182423,68719477606,REACHING_DEF,
107374182423,90194313521,REACHING_DEF,
107374182423,68719477603,REACHING_DEF,
107374182423,90194313530,REACHING_DEF,
107374182423,90194313528,REACHING_DEF,
107374182423,90194313525,REACHING_DEF,
107374182423,68719477614,REACHING_DEF,
107374182423,68719477617,REACHING_DEF,
107374182423,68719477610,REACHING_DEF,
107374182423,30064771970,REACHING_DEF,
107374182423,30064771976,REACHING_DEF,
107374182423,68719477615,REACHING_DEF,
107374182423,90194313516,REACHING_DEF,
107374182423,30064771972,REACHING_DEF,
107374182423,68719477616,REACHING_DEF,
107374182423,90194313529,REACHING_DEF,
107374182423,90194313523,REACHING_DEF,
107374182423,68719477609,REACHING_DEF,
107374182423,68719477604,REACHING_DEF,
107374182423,68719477618,REACHING_DEF,
107374182423,90194313526,REACHING_DEF,
107374182423,68719477612,REACHING_DEF,
107374182423,90194313524,REACHING_DEF,
107374182423,90194313519,REACHING_DEF,
107374182423,68719477619,REACHING_DEF,
107374182423,68719477613,REACHING_DEF,
107374182423,68719477602,REACHING_DEF,
107374182424,90194313534,REACHING_DEF,
107374182424,68719477622,REACHING_DEF,
107374182424,68719477627,REACHING_DEF,
107374182424,68719477633,REACHING_DEF,
107374182424,90194313532,REACHING_DEF,
107374182424,68719477636,REACHING_DEF,
107374182424,68719477635,REACHING_DEF,
107374182424,90194313538,REACHING_DEF,
107374182424,68719477638,REACHING_DEF,
107374182424,90194313535,REACHING_DEF,
107374182424,68719477623,REACHING_DEF,
107374182424,30064771992,REACHING_DEF,
107374182424,90194313545,REACHING_DEF,
107374182424,90194313543,REACHING_DEF,
107374182424,68719477637,REACHING_DEF,
107374182424,90194313539,REACHING_DEF,
107374182424,68719477631,REACHING_DEF,
107374182424,90194313544,REACHING_DEF,
107374182424,68719477632,REACHING_DEF,
107374182424,90194313540,REACHING_DEF,
107374182424,111669149713,REACHING_DEF,
107374182424,68719477629,REACHING_DEF,
107374182424,68719477626,REACHING_DEF,
107374182424,68719477621,REACHING_DEF,
107374182424,68719477630,REACHING_DEF,
107374182424,68719477639,REACHING_DEF,
107374182424,68719477634,REACHING_DEF,
107374182424,68719477624,REACHING_DEF,
107374182424,90194313536,REACHING_DEF,
107374182424,90194313542,REACHING_DEF,
107374182424,68719477625,REACHING_DEF,
107374182424,90194313537,REACHING_DEF,
107374182424,90194313531,REACHING_DEF,
107374182424,90194313541,REACHING_DEF,
107374182425,68719477643,REACHING_DEF,
107374182425,68719477662,REACHING_DEF,
107374182425,68719477642,REACHING_DEF,
107374182425,68719477658,REACHING_DEF,
107374182425,68719477647,REACHING_DEF,
107374182425,68719477641,REACHING_DEF,
107374182425,68719477651,REACHING_DEF,
107374182425,30064772010,REACHING_DEF,
107374182425,90194313546,REACHING_DEF,
107374182425,68719477646,REACHING_DEF,
107374182425,90194313549,REACHING_DEF,
107374182425,90194313550,REACHING_DEF,
107374182425,90194313553,REACHING_DEF,
107374182425,68719477655,REACHING_DEF,
107374182425,30064772001,REACHING_DEF,
107374182425,68719477645,REACHING_DEF,
107374182425,90194313557,REACHING_DEF,
107374182425,68719477649,REACHING_DEF,
107374182425,68719477660,REACHING_DEF,
107374182425,68719477654,REACHING_DEF,
107374182425,90194313558,REACHING_DEF,
107374182425,90194313554,REACHING_DEF,
107374182425,68719477659,REACHING_DEF,
107374182425,90194313548,REACHING_DEF,
107374182425,90194313555,REACHING_DEF,
107374182425,68719477653,REACHING_DEF,
107374182425,30064772015,REACHING_DEF,
107374182425,68719477644,REACHING_DEF,
107374182425,68719477650,REACHING_DEF,
107374182425,90194313547,REACHING_DEF,
107374182425,90194313552,REACHING_DEF,
107374182425,30064772013,REACHING_DEF,
107374182425,90194313551,REACHING_DEF,
107374182425,90194313556,REACHING_DEF,
107374182425,30064772012,REACHING_DEF,
107374182425,68719477661,REACHING_DEF,
107374182425,68719477652,REACHING_DEF,
107374182425,68719477657,REACHING_DEF,
107374182426,90194313579,REACHING_DEF,
107374182426,68719477678,REACHING_DEF,
107374182426,90194313573,REACHING_DEF,
107374182426,68719477667,REACHING_DEF,
107374182426,90194313574,REACHING_DEF,
107374182426,90194313563,REACHING_DEF,
107374182426,90194313578,REACHING_DEF,
107374182426,90194313568,REACHING_DEF,
107374182426,90194313569,REACHING_DEF,
107374182426,68719477670,REACHING_DEF,
107374182426,90194313583,REACHING_DEF,
107374182426,68719477669,REACHING_DEF,
107374182426,68719477692,REACHING_DEF,
107374182426,68719477701,REACHING_DEF,
107374182426,90194313584,REACHING_DEF,
107374182426,90194313564,REACHING_DEF,
107374182426,68719477681,REACHING_DEF,
107374182426,90194313572,REACHING_DEF,
107374182426,68719477691,REACHING_DEF,
107374182426,68719477700,REACHING_DEF,
107374182426,68719477674,REACHING_DEF,
107374182426,90194313576,REACHING_DEF,
107374182426,90194313561,REACHING_DEF,
107374182426,68719477686,REACHING_DEF,
107374182426,90194313580,REACHING_DEF,
107374182426,68719477697,REACHING_DEF,
107374182426,68719477682,REACHING_DEF,
107374182426,68719477696,REACHING_DEF,
107374182426,176093659147,REACHING_DEF,
107374182426,68719477676,REACHING_DEF,
107374182426,68719477685,REACHING_DEF,
107374182426,68719477672,REACHING_DEF,
107374182426,68719477690,REACHING_DEF,
107374182426,68719477673,REACHING_DEF,
107374182426,68719477703,REACHING_DEF,
107374182426,90194313565,REACHING_DEF,
107374182426,68719477679,REACHING_DEF,
107374182426,90194313571,REACHING_DEF,
107374182426,90194313566,REACHING_DEF,
107374182426,68719477668,REACHING_DEF,
107374182426,90194313560,REACHING_DEF,
107374182426,90194313577,REACHING_DEF,
107374182426,90194313575,REACHING_DEF,
107374182426,68719477698,REACHING_DEF,
107374182426,68719477680,REACHING_DEF,
107374182426,90194313582,REACHING_DEF,
107374182426,90194313562,REACHING_DEF,
107374182426,68719477677,REACHING_DEF,
107374182426,68719477694,REACHING_DEF,
107374182426,90194313570,REACHING_DEF,
107374182426,90194313585,REACHING_DEF,
107374182426,90194313567,REACHING_DEF,
107374182426,68719477684,REACHING_DEF,
107374182426,68719477702,REACHING_DEF,
107374182426,68719477689,REACHING_DEF,
107374182426,90194313581,REACHING_DEF,
107374182426,68719477688,REACHING_DEF,
107374182426,68719477693,REACHING_DEF,
107374182427,90194313611,REACHING_DEF,
107374182427,68719477788,REACHING_DEF,
107374182427,90194313591,REACHING_DEF,
107374182427,25769804008,REACHING_DEF,
107374182427,120259084313,REACHING_DEF,
107374182427,90194313590,REACHING_DEF,
107374182427,68719477789,REACHING_DEF,
107374182427,90194313588,REACHING_DEF,
107374182427,176093659152,REACHING_DEF,
107374182427,68719477710,REACHING_DEF,
107374182427,176093659151,REACHING_DEF,
107374182427,68719477784,REACHING_DEF,
107374182427,90194313587,REACHING_DEF,
107374182427,68719477781,REACHING_DEF,
107374182427,90194313593,REACHING_DEF,
107374182427,90194313612,REACHING_DEF,
107374182427,68719477785,REACHING_DEF,
107374182427,68719477714,REACHING_DEF,
107374182427,176093659150,REACHING_DEF,
107374182427,68719477716,REACHING_DEF,
107374182427,120259084314,REACHING_DEF,
107374182427,90194313586,REACHING_DEF,
107374182427,90194313592,REACHING_DEF,
107374182427,68719477782,REACHING_DEF,
107374182427,90194313589,REACHING_DEF,
107374182427,90194313594,REACHING_DEF,
107374182427,176093659148,REACHING_DEF,
107374182427,68719477712,REACHING_DEF,
107374182427,176093659149,REACHING_DEF,
107374182427,68719477790,REACHING_DEF,
107374182427,68719477787,REACHING_DEF,
107374182427,68719477779,REACHING_DEF,
107374182427,90194313613,REACHING_DEF,
107374182427,120259084315,REACHING_DEF,
107374182428,68719477726,REACHING_DEF,
107374182428,68719477747,REACHING_DEF,
107374182428,90194313595,REACHING_DEF,
107374182428,68719477757,REACHING_DEF,
107374182428,68719477738,REACHING_DEF,
107374182428,90194313600,REACHING_DEF,
107374182428,68719477723,REACHING_DEF,
107374182428,68719477751,REACHING_DEF,
107374182428,90194313601,REACHING_DEF,
107374182428,68719477741,REACHING_DEF,
107374182428,68719477731,REACHING_DEF,
107374182428,68719477748,REACHING_DEF,
107374182428,68719477745,REACHING_DEF,
107374182428,68719477721,REACHING_DEF,
107374182428,68719477742,REACHING_DEF,
107374182428,68719477760,REACHING_DEF,
107374182428,90194313596,REACHING_DEF,
107374182428,68719477746,REACHING_DEF,
107374182428,30064772078,REACHING_DEF,
107374182428,25769804010,REACHING_DEF,
107374182428,68719477752,REACHING_DEF,
107374182428,68719477749,REACHING_DEF,
107374182428,68719477743,REACHING_DEF,
107374182428,90194313598,REACHING_DEF,
107374182428,68719477724,REACHING_DEF,
107374182428,111669149714,REACHING_DEF,
107374182428,68719477754,REACHING_DEF,
107374182428,68719477735,REACHING_DEF,
107374182428,25769804014,REACHING_DEF,
107374182428,68719477728,REACHING_DEF,
107374182428,90194313597,REACHING_DEF,
107374182428,30064772099,REACHING_DEF,
107374182428,25769804012,REACHING_DEF,
107374182428,68719477750,REACHING_DEF,
107374182428,68719477739,REACHING_DEF,
107374182428,90194313599,REACHING_DEF,
107374182428,68719477740,REACHING_DEF,
107374182428,68719477734,REACHING_DEF,
107374182428,68719477719,REACHING_DEF,
107374182428,68719477755,REACHING_DEF,
107374182428,68719477744,REACHING_DEF,
107374182428,68719477758,REACHING_DEF,
107374182428,90194313602,REACHING_DEF,
107374182428,68719477730,REACHING_DEF,
107374182428,68719477729,REACHING_DEF,
107374182429,68719477772,REACHING_DEF,
107374182429,25769804016,REACHING_DEF,
107374182429,68719477767,REACHING_DEF,
107374182429,25769804019,REACHING_DEF,
107374182429,68719477768,REACHING_DEF,
107374182429,68719477770,REACHING_DEF,
107374182429,68719477766,REACHING_DEF,
107374182429,30064772122,REACHING_DEF,
107374182429,25769804018,REACHING_DEF,
107374182429,111669149715,REACHING_DEF,
107374182429,68719477775,REACHING_DEF,
107374182429,90194313608,REACHING_DEF,
107374182429,68719477765,REACHING_DEF,
107374182429,68719477763,REACHING_DEF,
107374182429,68719477773,REACHING_DEF,
107374182429,68719477769,REACHING_DEF,
107374182429,141733920801,REACHING_DEF,
107374182430,90194313610,REACHING_DEF,
107374182430,111669149716,REACHING_DEF,
107374182430,68719477778,REACHING_DEF,
107374182430,68719477777,REACHING_DEF,
107374182431,68719477800,REACHING_DEF,
107374182431,25769804023,REACHING_DEF,
107374182431,90194313632,REACHING_DEF,
107374182431,68719477843,REACHING_DEF,
107374182431,68719477808,REACHING_DEF,
107374182431,68719477793,REACHING_DEF,
107374182431,68719477840,REACHING_DEF,
107374182431,90194313623,REACHING_DEF,
107374182431,68719477804,REACHING_DEF,
107374182431,90194313615,REACHING_DEF,
107374182431,90194313620,REACHING_DEF,
107374182431,68719477803,REACHING_DEF,
107374182431,68719477844,REACHING_DEF,
107374182431,90194313633,REACHING_DEF,
107374182431,90194313622,REACHING_DEF,
107374182431,68719477842,REACHING_DEF,
107374182431,90194313616,REACHING_DEF,
107374182431,120259084316,REACHING_DEF,
107374182431,25769804024,REACHING_DEF,
107374182431,68719477799,REACHING_DEF,
107374182431,68719477839,REACHING_DEF,
107374182431,90194313619,REACHING_DEF,
107374182431,68719477845,REACHING_DEF,
107374182431,68719477807,REACHING_DEF,
107374182431,120259084317,REACHING_DEF,
107374182431,68719477838,REACHING_DEF,
107374182431,90194313624,REACHING_DEF,
107374182431,90194313618,REACHING_DEF,
107374182431,68719477797,REACHING_DEF,
107374182431,25769804022,REACHING_DEF,
107374182431,68719477795,REACHING_DEF,
107374182431,176093659153,REACHING_DEF,
107374182431,68719477837,REACHING_DEF,
107374182431,68719477802,REACHING_DEF,
107374182431,90194313621,REACHING_DEF,
107374182431,68719477805,REACHING_DEF,
107374182431,90194313634,REACHING_DEF,
107374182431,90194313617,REACHING_DEF,
107374182431,90194313631,REACHING_DEF,
107374182432,111669149719,REACHING_DEF,
107374182432,68719477824,REACHING_DEF,
107374182432,90194313628,REACHING_DEF,
107374182432,68719477816,REACHING_DEF,
107374182432,68719477825,REACHING_DEF,
107374182432,90194313627,REACHING_DEF,
107374182432,68719477811,REACHING_DEF,
107374182432,68719477826,REACHING_DEF,
107374182432,68719477821,REACHING_DEF,
107374182432,90194313625,REACHING_DEF,
107374182432,68719477813,REACHING_DEF,
107374182432,68719477823,REACHING_DEF,
107374182432,68719477817,REACHING_DEF,
107374182432,68719477818,REACHING_DEF,
107374182432,111669149717,REACHING_DEF,
107374182432,90194313626,REACHING_DEF,
107374182432,68719477814,REACHING_DEF,
107374182432,68719477827,REACHING_DEF,
107374182432,111669149718,REACHING_DEF,
107374182432,25769804026,REACHING_DEF,
107374182432,68719477819,REACHING_DEF,
107374182432,141733920803,REACHING_DEF,
107374182432,141733920804,REACHING_DEF,
107374182433,68719477836,REACHING_DEF,
107374182433,90194313630,REACHING_DEF,
107374182433,90194313629,REACHING_DEF,
107374182433,68719477830,REACHING_DEF,
107374182433,68719477835,REACHING_DEF,
107374182433,111669149720,REACHING_DEF,
107374182433,68719477833,REACHING_DEF,
107374182433,111669149721,REACHING_DEF,
107374182433,68719477832,REACHING_DEF,
107374182433,68719477829,REACHING_DEF,
107374182434,111669149722,REACHING_DEF,
107374182434,111669149723,REACHING_DEF,
107374182434,111669149724,REACHING_DEF,
107374182435,111669149726,REACHING_DEF,
107374182435,111669149725,REACHING_DEF,
107374182436,111669149727,REACHING_DEF,
107374182437,111669149730,REACHING_DEF,
107374182437,111669149728,REACHING_DEF,
107374182437,111669149729,REACHING_DEF,
107374182438,111669149732,REACHING_DEF,
107374182438,111669149731,REACHING_DEF,
107374182439,111669149733,REACHING_DEF,
107374182439,111669149734,REACHING_DEF,
107374182439,111669149738,REACHING_DEF,
107374182439,111669149735,REACHING_DEF,
107374182439,111669149736,REACHING_DEF,
107374182439,111669149737,REACHING_DEF,
107374182440,111669149740,REACHING_DEF,
107374182440,111669149739,REACHING_DEF,
107374182441,111669149742,REACHING_DEF,
107374182441,111669149741,REACHING_DEF,
107374182442,111669149743,REACHING_DEF,
107374182443,111669149745,REACHING_DEF,
107374182443,111669149744,REACHING_DEF,
107374182444,111669149747,REACHING_DEF,
107374182444,111669149746,REACHING_DEF,
107374182445,111669149748,REACHING_DEF,
107374182445,111669149749,REACHING_DEF,
107374182446,111669149751,REACHING_DEF,
107374182446,111669149750,REACHING_DEF,
107374182447,111669149752,REACHING_DEF,
107374182448,111669149753,REACHING_DEF,
107374182449,111669149755,REACHING_DEF,
107374182449,111669149754,REACHING_DEF,
107374182450,111669149757,REACHING_DEF,
107374182450,111669149756,REACHING_DEF,
107374182451,111669149759,REACHING_DEF,
107374182451,111669149758,REACHING_DEF,
107374182452,111669149761,REACHING_DEF,
107374182452,111669149760,REACHING_DEF,
107374182453,111669149763,REACHING_DEF,
107374182453,111669149762,REACHING_DEF,
107374182454,111669149765,REACHING_DEF,
107374182454,111669149764,REACHING_DEF,
107374182455,111669149766,REACHING_DEF,
107374182455,111669149767,REACHING_DEF,
107374182456,111669149769,REACHING_DEF,
107374182456,111669149768,REACHING_DEF,
111669149696,115964116992,REACHING_DEF,filepath
111669149696,68719476780,REACHING_DEF,filepath
111669149697,68719476812,REACHING_DEF,filepath
111669149697,115964116993,REACHING_DEF,filepath
111669149698,68719476808,REACHING_DEF,data
111669149698,115964116994,REACHING_DEF,data
111669149699,68719476898,REACHING_DEF,prompt
111669149699,115964116995,REACHING_DEF,prompt
111669149700,68719476906,REACHING_DEF,validator
111669149700,115964116996,REACHING_DEF,validator
111669149701,115964116997,REACHING_DEF,error_msg
111669149701,115964116997,REACHING_DEF,error_msg
111669149701,68719476909,REACHING_DEF,error_msg
111669149701,124554051588,REACHING_DEF,error_msg
111669149702,115964116998,REACHING_DEF,prompt
111669149702,68719476913,REACHING_DEF,prompt
111669149703,68719476925,REACHING_DEF,prompt
111669149703,115964116999,REACHING_DEF,prompt
111669149704,115964117000,REACHING_DEF,prompt
111669149704,68719476939,REACHING_DEF,prompt
111669149705,115964117001,REACHING_DEF,password
111669149705,68719476948,REACHING_DEF,password
111669149706,68719476949,REACHING_DEF,salt
111669149706,115964117002,REACHING_DEF,salt
111669149707,68719476959,REACHING_DEF,email
111669149707,115964117003,REACHING_DEF,email
111669149708,115964117004,REACHING_DEF,phone
111669149708,68719476964,REACHING_DEF,phone
111669149709,115964117005,REACHING_DEF,nid
111669149709,68719476969,REACHING_DEF,nid
111669149710,68719476986,REACHING_DEF,p
111669149710,115964117006,REACHING_DEF,p
111669149711,68719477476,REACHING_DEF,user
111669149711,115964117007,REACHING_DEF,user
111669149711,115964117007,REACHING_DEF,user
111669149711,30064771828,REACHING_DEF,user
111669149711,30064771897,REACHING_DEF,user
111669149711,68719477542,REACHING_DEF,user
111669149711,124554051605,REACHING_DEF,user
111669149712,115964117008,REACHING_DEF,user
111669149712,115964117008,REACHING_DEF,user
111669149712,68719477570,REACHING_DEF,user
111669149712,30064771923,REACHING_DEF,user
111669149712,124554051606,REACHING_DEF,user
111669149713,30064771981,REACHING_DEF,user
111669149713,68719477635,REACHING_DEF,user
111669149713,68719477632,REACHING_DEF,user
111669149713,68719477621,REACHING_DEF,user
111669149713,115964117009,REACHING_DEF,user
111669149713,115964117009,REACHING_DEF,user
111669149713,124554051608,REACHING_DEF,user
111669149714,68719477751,REACHING_DEF,n
111669149714,115964117010,REACHING_DEF,n
111669149715,115964117011,REACHING_DEF,users
111669149715,68719477770,REACHING_DEF,users
111669149715,68719477769,REACHING_DEF,users
111669149716,115964117012,REACHING_DEF,users
111669149716,68719477777,REACHING_DEF,users
111669149717,68719477821,REACHING_DEF,frame
111669149717,115964117013,REACHING_DEF,frame
111669149717,115964117013,REACHING_DEF,frame
111669149717,30064772181,REACHING_DEF,frame
111669149717,30064772171,REACHING_DEF,frame
111669149717,68719477811,REACHING_DEF,frame
111669149717,124554051616,REACHING_DEF,frame
111669149718,68719477823,REACHING_DEF,event
111669149718,115964117014,REACHING_DEF,event
111669149718,115964117014,REACHING_DEF,event
111669149718,124554051616,REACHING_DEF,event
111669149719,115964117015,REACHING_DEF,arg
111669149719,115964117015,REACHING_DEF,arg
111669149719,124554051616,REACHING_DEF,arg
111669149720,68719477829,REACHING_DEF,email
111669149720,115964117016,REACHING_DEF,email
111669149721,115964117017,REACHING_DEF,password
111669149721,68719477832,REACHING_DEF,password
111669149722,115964117018,REACHING_DEF,p1
111669149722,124554051618,REACHING_DEF,p1
111669149723,115964117019,REACHING_DEF,p2
111669149723,124554051618,REACHING_DEF,p2
111669149724,115964117020,REACHING_DEF,p3
111669149724,124554051618,REACHING_DEF,p3
111669149725,115964117021,REACHING_DEF,p1
111669149725,124554051619,REACHING_DEF,p1
111669149726,115964117022,REACHING_DEF,p2
111669149726,124554051619,REACHING_DEF,p2
111669149727,115964117023,REACHING_DEF,p1
111669149727,124554051620,REACHING_DEF,p1
111669149728,115964117024,REACHING_DEF,p0
111669149728,124554051621,REACHING_DEF,p0
111669149729,115964117025,REACHING_DEF,p1
111669149729,124554051621,REACHING_DEF,p1
111669149730,115964117026,REACHING_DEF,p2
111669149730,124554051621,REACHING_DEF,p2
111669149731,115964117027,REACHING_DEF,p1
111669149731,124554051622,REACHING_DEF,p1
111669149732,115964117028,REACHING_DEF,p2
111669149732,124554051622,REACHING_DEF,p2
111669149733,115964117029,REACHING_DEF,p1
111669149733,124554051623,REACHING_DEF,p1
111669149734,115964117030,REACHING_DEF,p2
111669149734,124554051623,REACHING_DEF,p2
111669149735,115964117031,REACHING_DEF,p3
111669149735,124554051623,REACHING_DEF,p3
111669149736,115964117032,REACHING_DEF,p4
111669149736,124554051623,REACHING_DEF,p4
111669149737,115964117033,REACHING_DEF,p5
111669149737,124554051623,REACHING_DEF,p5
111669149738,115964117034,REACHING_DEF,p6
111669149738,124554051623,REACHING_DEF,p6
111669149739,115964117035,REACHING_DEF,p1
111669149739,124554051624,REACHING_DEF,p1
111669149740,115964117036,REACHING_DEF,p2
111669149740,124554051624,REACHING_DEF,p2
111669149741,115964117037,REACHING_DEF,p1
111669149741,124554051625,REACHING_DEF,p1
111669149742,115964117038,REACHING_DEF,p2
111669149742,124554051625,REACHING_DEF,p2
111669149743,115964117039,REACHING_DEF,p0
111669149743,124554051626,REACHING_DEF,p0
111669149744,115964117040,REACHING_DEF,p1
111669149744,124554051627,REACHING_DEF,p1
111669149745,115964117041,REACHING_DEF,p2
111669149745,124554051627,REACHING_DEF,p2
111669149746,115964117042,REACHING_DEF,p1
111669149746,124554051628,REACHING_DEF,p1
111669149747,115964117043,REACHING_DEF,p2
111669149747,124554051628,REACHING_DEF,p2
111669149748,115964117044,REACHING_DEF,p1
111669149748,124554051629,REACHING_DEF,p1
111669149749,115964117045,REACHING_DEF,p2
111669149749,124554051629,REACHING_DEF,p2
111669149750,115964117046,REACHING_DEF,p1
111669149750,124554051630,REACHING_DEF,p1
111669149751,115964117047,REACHING_DEF,p2
111669149751,124554051630,REACHING_DEF,p2
111669149752,115964117048,REACHING_DEF,p1
111669149752,124554051631,REACHING_DEF,p1
111669149753,115964117049,REACHING_DEF,p0
111669149753,124554051632,REACHING_DEF,p0
111669149754,115964117050,REACHING_DEF,p1
111669149754,124554051633,REACHING_DEF,p1
111669149755,115964117051,REACHING_DEF,p2
111669149755,124554051633,REACHING_DEF,p2
111669149756,115964117052,REACHING_DEF,p1
111669149756,124554051634,REACHING_DEF,p1
111669149757,115964117053,REACHING_DEF,p2
111669149757,124554051634,REACHING_DEF,p2
111669149758,115964117054,REACHING_DEF,p1
111669149758,124554051635,REACHING_DEF,p1
111669149759,115964117055,REACHING_DEF,p2
111669149759,124554051635,REACHING_DEF,p2
111669149760,115964117056,REACHING_DEF,p1
111669149760,124554051636,REACHING_DEF,p1
111669149761,115964117057,REACHING_DEF,p2
111669149761,124554051636,REACHING_DEF,p2
111669149762,115964117058,REACHING_DEF,p1
111669149762,124554051637,REACHING_DEF,p1
111669149763,115964117059,REACHING_DEF,p2
111669149763,124554051637,REACHING_DEF,p2
111669149764,115964117060,REACHING_DEF,p1
111669149764,124554051638,REACHING_DEF,p1
111669149765,115964117061,REACHING_DEF,p2
111669149765,124554051638,REACHING_DEF,p2
111669149766,115964117062,REACHING_DEF,p1
111669149766,124554051639,REACHING_DEF,p1
111669149767,115964117063,REACHING_DEF,p2
111669149767,124554051639,REACHING_DEF,p2
111669149768,115964117064,REACHING_DEF,p1
111669149768,124554051640,REACHING_DEF,p1
111669149769,115964117065,REACHING_DEF,p2
111669149769,124554051640,REACHING_DEF,p2
120259084288,68719476779,REACHING_DEF,def _load(...)
120259084288,30064771143,REACHING_DEF,def _load(...)
120259084289,68719476807,REACHING_DEF,def _save(...)
120259084289,30064771156,REACHING_DEF,def _save(...)
120259084290,68719476826,REACHING_DEF,def init_data(...)
120259084290,30064771239,REACHING_DEF,def init_data(...)
120259084291,68719476897,REACHING_DEF,def _ask(...)
120259084291,30064771251,REACHING_DEF,def _ask(...)
120259084292,68719476912,REACHING_DEF,def _ask_int(...)
120259084292,30064771261,REACHING_DEF,def _ask_int(...)
120259084293,68719476924,REACHING_DEF,def _ask_date(...)
120259084293,30064771272,REACHING_DEF,def _ask_date(...)
120259084294,68719476938,REACHING_DEF,def _confirm(...)
120259084294,30064771283,REACHING_DEF,def _confirm(...)
120259084295,68719476947,REACHING_DEF,def _hash(...)
120259084295,30064771293,REACHING_DEF,def _hash(...)
120259084296,68719476958,REACHING_DEF,def _valid_email(...)
120259084296,30064771297,REACHING_DEF,def _valid_email(...)
120259084297,68719476963,REACHING_DEF,def _valid_phone(...)
120259084297,30064771301,REACHING_DEF,def _valid_phone(...)
120259084298,68719476968,REACHING_DEF,def _valid_national_id(...)
120259084298,30064771305,REACHING_DEF,def _valid_national_id(...)
120259084299,68719476973,REACHING_DEF,def register_user(...)
120259084299,30064771378,REACHING_DEF,def register_user(...)
120259084300,30064771317,REACHING_DEF,def <lambda>0(...)
120259084301,68719477051,REACHING_DEF,def login_admin(...)
120259084301,30064771420,REACHING_DEF,def login_admin(...)
120259084302,68719477095,REACHING_DEF,def login_user(...)
120259084302,30064771467,REACHING_DEF,def login_user(...)
120259084303,68719477140,REACHING_DEF,def add_or_remove_center(...)
120259084303,30064771597,REACHING_DEF,def add_or_remove_center(...)
120259084304,68719477270,REACHING_DEF,def search_center_by_name(...)
120259084304,30064771657,REACHING_DEF,def search_center_by_name(...)
120259084305,68719477322,REACHING_DEF,def list_users_and_reservations(...)
120259084305,30064771733,REACHING_DEF,def list_users_and_reservations(...)
120259084306,68719477387,REACHING_DEF,def accept_reservation(...)
120259084306,30064771793,REACHING_DEF,def accept_reservation(...)
120259084307,68719477447,REACHING_DEF,def view_centers(...)
120259084307,30064771822,REACHING_DEF,def view_centers(...)
120259084308,68719477470,REACHING_DEF,def reserve_vaccination(...)
120259084308,30064771909,REACHING_DEF,def reserve_vaccination(...)
120259084309,68719477555,REACHING_DEF,def view_vaccination_date(...)
120259084309,30064771960,REACHING_DEF,def view_vaccination_date(...)
120259084310,68719477600,REACHING_DEF,def admin_menu(...)
120259084310,30064771980,REACHING_DEF,def admin_menu(...)
120259084311,68719477620,REACHING_DEF,def user_menu(...)
120259084311,30064772000,REACHING_DEF,def user_menu(...)
120259084312,68719477640,REACHING_DEF,def main(...)
120259084312,30064772021,REACHING_DEF,def main(...)
120259084313,68719477717,REACHING_DEF,def generate_bulk_users(...)
120259084313,30064772121,REACHING_DEF,def generate_bulk_users(...)
120259084314,68719477761,REACHING_DEF,def process_users(...)
120259084314,30064772136,REACHING_DEF,def process_users(...)
120259084315,68719477776,REACHING_DEF,def calculate_stats(...)
120259084315,30064772138,REACHING_DEF,def calculate_stats(...)
120259084316,68719477810,REACHING_DEF,def my_tracer(...)
120259084316,30064772188,REACHING_DEF,def my_tracer(...)
120259084317,68719477828,REACHING_DEF,def check_registration(...)
120259084317,30064772194,REACHING_DEF,def check_registration(...)
141733920768,124554051585,REACHING_DEF,<RET>
141733920769,124554051585,REACHING_DEF,<RET>
141733920770,124554051585,REACHING_DEF,<RET>
141733920771,124554051588,REACHING_DEF,<RET>
141733920772,124554051589,REACHING_DEF,<RET>
141733920773,124554051590,REACHING_DEF,<RET>
141733920774,124554051591,REACHING_DEF,<RET>
141733920775,124554051592,REACHING_DEF,<RET>
141733920776,124554051593,REACHING_DEF,<RET>
141733920777,124554051594,REACHING_DEF,<RET>
141733920778,124554051595,REACHING_DEF,<RET>
141733920779,124554051597,REACHING_DEF,<RET>
141733920780,124554051596,REACHING_DEF,<RET>
141733920781,124554051598,REACHING_DEF,<RET>
141733920782,124554051598,REACHING_DEF,<RET>
141733920783,124554051599,REACHING_DEF,<RET>
141733920784,124554051599,REACHING_DEF,<RET>
141733920785,124554051600,REACHING_DEF,<RET>
141733920786,124554051600,REACHING_DEF,<RET>
141733920787,124554051600,REACHING_DEF,<RET>
141733920788,124554051600,REACHING_DEF,<RET>
141733920789,124554051600,REACHING_DEF,<RET>
141733920790,124554051600,REACHING_DEF,<RET>
141733920791,124554051602,REACHING_DEF,<RET>
141733920792,124554051603,REACHING_DEF,<RET>
141733920793,124554051603,REACHING_DEF,<RET>
141733920794,124554051603,REACHING_DEF,<RET>
141733920795,124554051604,REACHING_DEF,<RET>
141733920796,124554051605,REACHING_DEF,<RET>
141733920797,124554051605,REACHING_DEF,<RET>
141733920798,124554051605,REACHING_DEF,<RET>
141733920799,124554051605,REACHING_DEF,<RET>
141733920800,124554051612,REACHING_DEF,<RET>
141733920801,124554051613,REACHING_DEF,<RET>
141733920802,124554051614,REACHING_DEF,<RET>
141733920803,124554051616,REACHING_DEF,<RET>
141733920804,124554051616,REACHING_DEF,<RET>
141733920805,124554051617,REACHING_DEF,<RET>
176093659136,68719476736,REACHING_DEF,__builtins__.any
176093659136,30064771072,REACHING_DEF,__builtins__.any
176093659137,68719476737,REACHING_DEF,__builtins__.input
176093659137,30064771073,REACHING_DEF,__builtins__.input
176093659138,68719476738,REACHING_DEF,__builtins__.len
176093659138,30064771074,REACHING_DEF,__builtins__.len
176093659139,68719476739,REACHING_DEF,__builtins__.max
176093659139,30064771075,REACHING_DEF,__builtins__.max
176093659140,68719476740,REACHING_DEF,__builtins__.next
176093659140,30064771076,REACHING_DEF,__builtins__.next
176093659141,68719476741,REACHING_DEF,__builtins__.open
176093659141,30064771077,REACHING_DEF,__builtins__.open
176093659142,68719476742,REACHING_DEF,__builtins__.print
176093659142,30064771078,REACHING_DEF,__builtins__.print
176093659143,68719476743,REACHING_DEF,__builtins__.range
176093659143,30064771079,REACHING_DEF,__builtins__.range
176093659144,68719476744,REACHING_DEF,__builtins__.bool
176093659144,30064771080,REACHING_DEF,__builtins__.bool
176093659145,68719476745,REACHING_DEF,__builtins__.int
176093659145,30064771081,REACHING_DEF,__builtins__.int
176093659146,68719476746,REACHING_DEF,__builtins__.range
176093659146,30064771082,REACHING_DEF,__builtins__.range
176093659147,68719477665,REACHING_DEF,__builtins__.print
176093659147,30064772024,REACHING_DEF,__builtins__.print
176093659148,68719477704,REACHING_DEF,__builtins__.len
176093659148,30064772065,REACHING_DEF,__builtins__.len
176093659149,68719477705,REACHING_DEF,__builtins__.print
176093659149,30064772066,REACHING_DEF,__builtins__.print
176093659150,68719477706,REACHING_DEF,__builtins__.range
176093659150,30064772067,REACHING_DEF,__builtins__.range
176093659151,68719477707,REACHING_DEF,__builtins__.range
176093659151,30064772068,REACHING_DEF,__builtins__.range
176093659152,68719477708,REACHING_DEF,__builtins__.str
176093659152,30064772069,REACHING_DEF,__builtins__.str
176093659153,68719477791,REACHING_DEF,__builtins__.print
176093659153,30064772152,REACHING_DEF,__builtins__.print
