25769803781,30064771126,POST_DOMINATE
25769803784,30064771140,POST_DOMINATE
25769803792,30064771155,POST_DOMINATE
25769803794,30064771160,POST_DOMINATE
25769803795,68719476837,POST_DOMINATE
25769803796,68719476843,POST_DOMINATE
25769803799,180388626432,POST_DOMINATE
25769803800,68719476862,POST_DOMINATE
25769803801,30064771207,POST_DOMINATE
25769803802,68719476882,POST_DOMINATE
25769803804,30064771235,POST_DOMINATE
25769803807,30064771243,POST_DOMINATE
25769803812,30064771255,POST_DOMINATE
25769803816,30064771265,POST_DOMINATE
25769803817,30064771270,POST_DOMINATE
25769803818,30064771271,POST_DOMINATE
25769803823,30064771278,POST_DOMINATE
25769803824,30064771281,POST_DOMINATE
25769803826,30064771287,POST_DOMINATE
25769803827,30064771292,POST_DOMINATE
25769803834,180388626433,POST_DOMINATE
25769803835,68719477004,POST_DOMINATE
25769803838,180388626434,POST_DOMINATE
25769803839,68719477017,POST_DOMINATE
25769803840,30064771353,POST_DOMINATE
25769803841,68719477043,POST_DOMINATE
25769803845,180388626435,POST_DOMINATE
25769803846,68719477070,POST_DOMINATE
25769803849,30064771414,POST_DOMINATE
25769803853,30064771425,POST_DOMINATE
25769803858,30064771461,POST_DOMINATE
25769803862,30064771487,POST_DOMINATE
25769803863,30064771490,POST_DOMINATE
25769803866,180388626439,POST_DOMINATE
25769803867,68719477169,POST_DOMINATE
25769803870,180388626440,POST_DOMINATE
25769803871,68719477186,POST_DOMINATE
25769803872,68719477198,POST_DOMINATE
25769803877,180388626441,POST_DOMINATE
25769803878,68719477227,POST_DOMINATE
25769803881,180388626442,POST_DOMINATE
25769803882,68719477246,POST_DOMINATE
25769803887,180388626443,POST_DOMINATE
25769803888,68719477265,POST_DOMINATE
25769803895,30064771601,POST_DOMINATE
25769803896,30064771604,POST_DOMINATE
25769803897,30064771621,POST_DOMINATE
25769803900,180388626444,POST_DOMINATE
25769803901,68719477297,POST_DOMINATE
25769803902,30064771644,POST_DOMINATE
25769803904,180388626445,POST_DOMINATE
25769803910,180388626446,POST_DOMINATE
25769803911,68719477344,POST_DOMINATE
25769803914,180388626447,POST_DOMINATE
25769803915,68719477364,POST_DOMINATE
25769803919,180388626448,POST_DOMINATE
25769803923,180388626449,POST_DOMINATE
25769803924,68719477405,POST_DOMINATE
25769803927,30064771766,POST_DOMINATE
25769803928,30064771775,POST_DOMINATE
25769803929,30064771781,POST_DOMINATE
25769803936,30064771810,POST_DOMINATE
25769803938,180388626450,POST_DOMINATE
25769803941,180388626451,POST_DOMINATE
25769803942,68719477485,POST_DOMINATE
25769803947,180388626452,POST_DOMINATE
25769803948,68719477507,POST_DOMINATE
25769803950,30064771866,POST_DOMINATE
25769803951,30064771879,POST_DOMINATE
25769803954,180388626453,POST_DOMINATE
25769803955,68719477535,POST_DOMINATE
25769803957,68719477548,POST_DOMINATE
25769803961,180388626454,POST_DOMINATE
25769803962,68719477571,POST_DOMINATE
25769803966,180388626455,POST_DOMINATE
25769803967,68719477592,POST_DOMINATE
25769804008,30064772077,POST_DOMINATE
25769804010,68719477748,POST_DOMINATE
25769804012,30064772116,POST_DOMINATE
25769804014,180388626456,POST_DOMINATE
25769804016,30064772127,POST_DOMINATE
25769804018,180388626457,POST_DOMINATE
25769804019,68719477775,POST_DOMINATE
25769804022,30064772160,POST_DOMINATE
25769804023,30064772164,POST_DOMINATE
25769804024,30064772168,POST_DOMINATE
25769804026,30064772177,POST_DOMINATE
30064771072,176093659136,POST_DOMINATE
30064771073,176093659137,POST_DOMINATE
30064771074,176093659138,POST_DOMINATE
30064771075,176093659139,POST_DOMINATE
30064771076,176093659140,POST_DOMINATE
30064771077,176093659141,POST_DOMINATE
30064771078,176093659142,POST_DOMINATE
30064771079,176093659143,POST_DOMINATE
30064771080,176093659144,POST_DOMINATE
30064771081,176093659145,POST_DOMINATE
30064771082,176093659146,POST_DOMINATE
30064771083,90194313217,POST_DOMINATE
30064771084,30064771083,POST_DOMINATE
30064771085,90194313219,POST_DOMINATE
30064771086,30064771085,POST_DOMINATE
30064771087,90194313221,POST_DOMINATE
30064771088,30064771087,POST_DOMINATE
30064771089,90194313223,POST_DOMINATE
30064771090,30064771089,POST_DOMINATE
30064771091,90194313225,POST_DOMINATE
30064771092,30064771091,POST_DOMINATE
30064771093,90194313227,POST_DOMINATE
30064771094,30064771093,POST_DOMINATE
30064771095,90194313229,POST_DOMINATE
30064771096,30064771095,POST_DOMINATE
30064771097,55834574848,POST_DOMINATE
30064771098,30064771097,POST_DOMINATE
30064771099,55834574849,POST_DOMINATE
30064771100,90194313230,POST_DOMINATE
30064771101,90194313232,POST_DOMINATE
30064771102,30064771101,POST_DOMINATE
30064771103,55834574850,POST_DOMINATE
30064771104,55834574851,POST_DOMINATE
30064771105,55834574852,POST_DOMINATE
30064771106,90194313233,POST_DOMINATE
30064771107,55834574853,POST_DOMINATE
30064771108,30064771106,POST_DOMINATE
30064771109,55834574854,POST_DOMINATE
30064771110,55834574855,POST_DOMINATE
30064771111,55834574856,POST_DOMINATE
30064771112,90194313234,POST_DOMINATE
30064771113,55834574857,POST_DOMINATE
30064771114,30064771112,POST_DOMINATE
30064771115,90194313235,POST_DOMINATE
30064771116,90194313236,POST_DOMINATE
30064771117,90194313237,POST_DOMINATE
30064771118,90194313238,POST_DOMINATE
30064771119,55834574858,POST_DOMINATE
30064771120,30064771119,POST_DOMINATE
30064771121,55834574859,POST_DOMINATE
30064771122,68719476780,POST_DOMINATE
30064771123,55834574860,POST_DOMINATE
30064771124,30064771123,POST_DOMINATE
30064771125,55834574861,POST_DOMINATE
30064771126,68719476785,POST_DOMINATE
30064771127,90194313240,POST_DOMINATE
30064771128,30064771122,POST_DOMINATE
30064771128,30064771127,POST_DOMINATE
30064771129,55834574862,POST_DOMINATE
30064771130,68719476790,POST_DOMINATE
30064771131,90194313241,POST_DOMINATE
30064771132,30064771131,POST_DOMINATE
30064771133,55834574863,POST_DOMINATE
30064771134,30064771133,POST_DOMINATE
30064771135,55834574864,POST_DOMINATE
30064771136,30064771135,POST_DOMINATE
30064771137,68719476801,POST_DOMINATE
30064771138,30064771137,POST_DOMINATE
30064771139,68719476803,POST_DOMINATE
30064771140,68719476806,POST_DOMINATE
30064771142,25769803785,POST_DOMINATE
30064771143,120259084288,POST_DOMINATE
30064771144,55834574865,POST_DOMINATE
30064771145,90194313243,POST_DOMINATE
30064771146,90194313244,POST_DOMINATE
30064771147,30064771146,POST_DOMINATE
30064771148,55834574866,POST_DOMINATE
30064771149,30064771148,POST_DOMINATE
30064771150,55834574867,POST_DOMINATE
30064771151,30064771150,POST_DOMINATE
30064771152,68719476820,POST_DOMINATE
30064771153,30064771152,POST_DOMINATE
30064771154,68719476822,POST_DOMINATE
30064771155,68719476825,POST_DOMINATE
30064771156,120259084289,POST_DOMINATE
30064771157,55834574868,POST_DOMINATE
30064771158,30064771157,POST_DOMINATE
30064771159,55834574869,POST_DOMINATE
30064771160,68719476827,POST_DOMINATE
30064771161,25769803794,POST_DOMINATE
30064771162,68719476832,POST_DOMINATE
30064771163,30064771162,POST_DOMINATE
30064771164,90194313246,POST_DOMINATE
30064771165,90194313247,POST_DOMINATE
30064771166,90194313248,POST_DOMINATE
30064771167,90194313249,POST_DOMINATE
30064771168,90194313250,POST_DOMINATE
30064771169,90194313251,POST_DOMINATE
30064771170,90194313252,POST_DOMINATE
30064771171,90194313254,POST_DOMINATE
30064771172,30064771171,POST_DOMINATE
30064771173,68719476838,POST_DOMINATE
30064771174,30064771173,POST_DOMINATE
30064771175,90194313255,POST_DOMINATE
30064771176,90194313256,POST_DOMINATE
30064771177,90194313257,POST_DOMINATE
30064771178,90194313258,POST_DOMINATE
30064771179,90194313259,POST_DOMINATE
30064771180,90194313260,POST_DOMINATE
30064771181,90194313261,POST_DOMINATE
30064771182,90194313263,POST_DOMINATE
30064771183,30064771182,POST_DOMINATE
30064771184,25769803796,POST_DOMINATE
30064771185,30064771184,POST_DOMINATE
30064771186,68719476846,POST_DOMINATE
30064771187,68719476848,POST_DOMINATE
30064771188,30064771187,POST_DOMINATE
30064771189,68719476851,POST_DOMINATE
30064771190,30064771189,POST_DOMINATE
30064771191,55834574870,POST_DOMINATE
30064771192,90194313264,POST_DOMINATE
30064771193,55834574871,POST_DOMINATE
30064771194,30064771192,POST_DOMINATE
30064771195,55834574872,POST_DOMINATE
30064771196,68719476857,POST_DOMINATE
30064771197,30064771196,POST_DOMINATE
30064771198,55834574873,POST_DOMINATE
30064771199,68719476860,POST_DOMINATE
30064771200,30064771199,POST_DOMINATE
30064771201,25769803800,POST_DOMINATE
30064771202,30064771201,POST_DOMINATE
30064771203,55834574874,POST_DOMINATE
30064771204,90194313265,POST_DOMINATE
30064771205,30064771204,POST_DOMINATE
30064771206,55834574875,POST_DOMINATE
30064771207,68719476868,POST_DOMINATE
30064771208,25769803801,POST_DOMINATE
30064771209,68719476870,POST_DOMINATE
30064771210,30064771209,POST_DOMINATE
30064771211,90194313266,POST_DOMINATE
30064771212,90194313267,POST_DOMINATE
30064771213,90194313268,POST_DOMINATE
30064771214,90194313269,POST_DOMINATE
30064771215,90194313270,POST_DOMINATE
30064771216,90194313271,POST_DOMINATE
30064771217,90194313272,POST_DOMINATE
30064771218,68719476875,POST_DOMINATE
30064771219,30064771218,POST_DOMINATE
30064771220,90194313274,POST_DOMINATE
30064771221,68719476878,POST_DOMINATE
30064771222,90194313275,POST_DOMINATE
30064771223,90194313276,POST_DOMINATE
30064771224,90194313277,POST_DOMINATE
30064771225,90194313278,POST_DOMINATE
30064771226,90194313279,POST_DOMINATE
30064771227,90194313280,POST_DOMINATE
30064771228,25769803802,POST_DOMINATE
30064771229,55834574876,POST_DOMINATE
30064771230,68719476884,POST_DOMINATE
30064771231,68719476888,POST_DOMINATE
30064771232,55834574877,POST_DOMINATE
30064771233,30064771232,POST_DOMINATE
30064771234,55834574878,POST_DOMINATE
30064771235,68719476890,POST_DOMINATE
30064771236,25769803804,POST_DOMINATE
30064771237,68719476895,POST_DOMINATE
30064771238,30064771237,POST_DOMINATE
30064771239,120259084290,POST_DOMINATE
30064771240,68719476898,POST_DOMINATE
30064771241,30064771240,POST_DOMINATE
30064771242,55834574879,POST_DOMINATE
30064771243,68719476902,POST_DOMINATE
30064771244,25769803807,POST_DOMINATE
30064771245,68719476904,POST_DOMINATE
30064771246,90194313283,POST_DOMINATE
30064771247,68719476907,POST_DOMINATE
30064771248,30064771247,POST_DOMINATE
30064771249,68719476906,POST_DOMINATE
30064771249,30064771248,POST_DOMINATE
30064771250,68719476909,POST_DOMINATE
30064771251,120259084291,POST_DOMINATE
30064771252,68719476913,POST_DOMINATE
30064771253,30064771252,POST_DOMINATE
30064771254,55834574880,POST_DOMINATE
30064771255,68719476917,POST_DOMINATE
30064771256,25769803812,POST_DOMINATE
30064771257,55834574881,POST_DOMINATE
30064771258,68719476920,POST_DOMINATE
30064771259,68719476921,POST_DOMINATE
30064771260,90194313286,POST_DOMINATE
30064771261,120259084292,POST_DOMINATE
30064771262,68719476925,POST_DOMINATE
30064771263,30064771262,POST_DOMINATE
30064771264,55834574882,POST_DOMINATE
30064771265,68719476929,POST_DOMINATE
30064771266,25769803816,POST_DOMINATE
30064771267,55834574883,POST_DOMINATE
30064771268,30064771267,POST_DOMINATE
30064771269,55834574884,POST_DOMINATE
30064771270,68719476931,POST_DOMINATE
30064771271,90194313289,POST_DOMINATE
30064771272,120259084293,POST_DOMINATE
30064771273,68719476939,POST_DOMINATE
30064771274,90194313291,POST_DOMINATE
30064771275,30064771274,POST_DOMINATE
30064771276,30064771275,POST_DOMINATE
30064771277,55834574885,POST_DOMINATE
30064771278,68719476943,POST_DOMINATE
30064771279,25769803823,POST_DOMINATE
30064771280,55834574886,POST_DOMINATE
30064771281,68719476946,POST_DOMINATE
30064771282,90194313292,POST_DOMINATE
30064771283,120259084294,POST_DOMINATE
30064771284,68719476949,POST_DOMINATE
30064771285,30064771284,POST_DOMINATE
30064771286,55834574887,POST_DOMINATE
30064771287,68719476952,POST_DOMINATE
30064771288,55834574888,POST_DOMINATE
30064771289,25769803826,POST_DOMINATE
30064771290,30064771289,POST_DOMINATE
30064771291,55834574889,POST_DOMINATE
30064771292,68719476957,POST_DOMINATE
30064771293,120259084295,POST_DOMINATE
30064771294,55834574890,POST_DOMINATE
30064771295,68719476959,POST_DOMINATE
30064771296,30064771295,POST_DOMINATE
30064771297,120259084296,POST_DOMINATE
30064771298,55834574891,POST_DOMINATE
30064771299,68719476964,POST_DOMINATE
30064771300,30064771299,POST_DOMINATE
30064771301,120259084297,POST_DOMINATE
30064771302,55834574892,POST_DOMINATE
30064771303,68719476969,POST_DOMINATE
30064771304,30064771303,POST_DOMINATE
30064771305,120259084298,POST_DOMINATE
30064771306,90194313297,POST_DOMINATE
30064771307,90194313298,POST_DOMINATE
30064771308,30064771307,POST_DOMINATE
30064771309,90194313300,POST_DOMINATE
30064771310,30064771309,POST_DOMINATE
30064771311,90194313302,POST_DOMINATE
30064771312,30064771311,POST_DOMINATE
30064771313,90194313304,POST_DOMINATE
30064771314,30064771313,POST_DOMINATE
30064771315,68719476986,POST_DOMINATE
30064771316,90194313306,POST_DOMINATE
30064771317,90194313307,POST_DOMINATE
30064771318,30064771317,POST_DOMINATE
30064771319,68719476990,POST_DOMINATE
30064771320,30064771319,POST_DOMINATE
30064771321,68719476993,POST_DOMINATE
30064771322,30064771321,POST_DOMINATE
30064771323,90194313308,POST_DOMINATE
30064771324,68719476995,POST_DOMINATE
30064771325,55834574893,POST_DOMINATE
30064771326,30064771324,POST_DOMINATE
30064771327,55834574894,POST_DOMINATE
30064771328,68719476999,POST_DOMINATE
30064771329,30064771328,POST_DOMINATE
30064771330,55834574895,POST_DOMINATE
30064771331,68719477002,POST_DOMINATE
30064771332,30064771331,POST_DOMINATE
30064771333,25769803835,POST_DOMINATE
30064771334,90194313309,POST_DOMINATE
30064771335,68719477007,POST_DOMINATE
30064771336,30064771335,POST_DOMINATE
30064771337,90194313310,POST_DOMINATE
30064771338,55834574896,POST_DOMINATE
30064771339,30064771337,POST_DOMINATE
30064771340,55834574897,POST_DOMINATE
30064771341,68719477012,POST_DOMINATE
30064771342,30064771341,POST_DOMINATE
30064771343,55834574898,POST_DOMINATE
30064771344,68719477015,POST_DOMINATE
30064771345,30064771344,POST_DOMINATE
30064771346,90194313311,POST_DOMINATE
30064771347,90194313312,POST_DOMINATE
30064771348,30064771347,POST_DOMINATE
30064771349,55834574899,POST_DOMINATE
30064771350,90194313313,POST_DOMINATE
30064771351,30064771350,POST_DOMINATE
30064771352,55834574900,POST_DOMINATE
30064771353,68719477024,POST_DOMINATE
30064771354,25769803840,POST_DOMINATE
30064771355,68719477026,POST_DOMINATE
30064771356,30064771355,POST_DOMINATE
30064771357,90194313314,POST_DOMINATE
30064771358,68719477028,POST_DOMINATE
30064771359,90194313315,POST_DOMINATE
30064771360,68719477030,POST_DOMINATE
30064771361,90194313316,POST_DOMINATE
30064771362,68719477032,POST_DOMINATE
30064771363,90194313317,POST_DOMINATE
30064771364,68719477035,POST_DOMINATE
30064771365,30064771364,POST_DOMINATE
30064771366,90194313318,POST_DOMINATE
30064771367,68719477038,POST_DOMINATE
30064771368,90194313319,POST_DOMINATE
30064771369,68719477040,POST_DOMINATE
30064771370,90194313320,POST_DOMINATE
30064771371,68719477042,POST_DOMINATE
30064771372,55834574901,POST_DOMINATE
30064771373,25769803841,POST_DOMINATE
30064771374,68719477047,POST_DOMINATE
30064771375,68719477049,POST_DOMINATE
30064771376,90194313322,POST_DOMINATE
30064771377,30064771376,POST_DOMINATE
30064771378,120259084299,POST_DOMINATE
30064771379,90194313324,POST_DOMINATE
30064771380,90194313325,POST_DOMINATE
30064771381,30064771380,POST_DOMINATE
30064771382,68719477055,POST_DOMINATE
30064771383,30064771382,POST_DOMINATE
30064771384,68719477058,POST_DOMINATE
30064771385,30064771384,POST_DOMINATE
30064771386,55834574902,POST_DOMINATE
30064771387,68719477059,POST_DOMINATE
30064771388,55834574903,POST_DOMINATE
30064771389,68719477063,POST_DOMINATE
30064771390,30064771389,POST_DOMINATE
30064771391,55834574904,POST_DOMINATE
30064771392,68719477066,POST_DOMINATE
30064771393,30064771392,POST_DOMINATE
30064771394,55834574905,POST_DOMINATE
30064771395,90194313326,POST_DOMINATE
30064771396,30064771395,POST_DOMINATE
30064771397,90194313327,POST_DOMINATE
30064771398,30064771397,POST_DOMINATE
30064771399,55834574906,POST_DOMINATE
30064771400,90194313329,POST_DOMINATE
30064771401,30064771400,POST_DOMINATE
30064771402,90194313330,POST_DOMINATE
30064771403,68719477079,POST_DOMINATE
30064771404,30064771403,POST_DOMINATE
30064771405,90194313331,POST_DOMINATE
30064771406,68719477082,POST_DOMINATE
30064771407,68719477083,POST_DOMINATE
30064771408,90194313335,POST_DOMINATE
30064771409,30064771408,POST_DOMINATE
30064771410,90194313337,POST_DOMINATE
30064771411,30064771410,POST_DOMINATE
30064771412,30064771411,POST_DOMINATE
30064771413,55834574907,POST_DOMINATE
30064771414,68719477089,POST_DOMINATE
30064771415,25769803849,POST_DOMINATE
30064771416,55834574908,POST_DOMINATE
30064771417,68719477092,POST_DOMINATE
30064771418,30064771417,POST_DOMINATE
30064771419,90194313338,POST_DOMINATE
30064771420,120259084301,POST_DOMINATE
30064771421,90194313341,POST_DOMINATE
30064771422,90194313342,POST_DOMINATE
30064771423,30064771422,POST_DOMINATE
30064771424,55834574909,POST_DOMINATE
30064771425,68719477100,POST_DOMINATE
30064771426,25769803853,POST_DOMINATE
30064771427,90194313343,POST_DOMINATE
30064771428,30064771427,POST_DOMINATE
30064771429,68719477104,POST_DOMINATE
30064771430,30064771429,POST_DOMINATE
30064771431,55834574910,POST_DOMINATE
30064771432,90194313344,POST_DOMINATE
30064771433,30064771432,POST_DOMINATE
30064771434,90194313345,POST_DOMINATE
30064771435,68719477110,POST_DOMINATE
30064771436,30064771433,POST_DOMINATE
30064771436,30064771435,POST_DOMINATE
30064771437,55834574911,POST_DOMINATE
30064771438,90194313347,POST_DOMINATE
30064771439,30064771438,POST_DOMINATE
30064771440,90194313348,POST_DOMINATE
30064771441,68719477116,POST_DOMINATE
30064771442,30064771441,POST_DOMINATE
30064771443,90194313350,POST_DOMINATE
30064771444,30064771443,POST_DOMINATE
30064771445,90194313351,POST_DOMINATE
30064771446,30064771445,POST_DOMINATE
30064771447,55834574912,POST_DOMINATE
30064771448,68719477122,POST_DOMINATE
30064771449,30064771448,POST_DOMINATE
30064771450,55834574913,POST_DOMINATE
30064771451,68719477125,POST_DOMINATE
30064771452,30064771451,POST_DOMINATE
30064771453,68719477127,POST_DOMINATE
30064771454,68719477128,POST_DOMINATE
30064771455,90194313354,POST_DOMINATE
30064771456,30064771455,POST_DOMINATE
30064771457,90194313356,POST_DOMINATE
30064771458,30064771457,POST_DOMINATE
30064771459,30064771458,POST_DOMINATE
30064771460,55834574914,POST_DOMINATE
30064771461,68719477134,POST_DOMINATE
30064771462,25769803858,POST_DOMINATE
30064771463,55834574915,POST_DOMINATE
30064771464,68719477137,POST_DOMINATE
30064771465,30064771464,POST_DOMINATE
30064771466,90194313357,POST_DOMINATE
30064771467,120259084302,POST_DOMINATE
30064771468,90194313360,POST_DOMINATE
30064771469,90194313361,POST_DOMINATE
30064771470,90194313362,POST_DOMINATE
30064771471,90194313363,POST_DOMINATE
30064771472,30064771471,POST_DOMINATE
30064771473,90194313364,POST_DOMINATE
30064771474,90194313365,POST_DOMINATE
30064771475,30064771474,POST_DOMINATE
30064771476,90194313366,POST_DOMINATE
30064771477,30064771476,POST_DOMINATE
30064771478,68719477151,POST_DOMINATE
30064771479,30064771478,POST_DOMINATE
30064771480,55834574916,POST_DOMINATE
30064771481,68719477153,POST_DOMINATE
30064771482,55834574917,POST_DOMINATE
30064771483,30064771481,POST_DOMINATE
30064771484,90194313368,POST_DOMINATE
30064771485,30064771484,POST_DOMINATE
30064771486,55834574918,POST_DOMINATE
30064771487,90194313367,POST_DOMINATE
30064771488,25769803862,POST_DOMINATE
30064771489,55834574919,POST_DOMINATE
30064771490,68719477162,POST_DOMINATE
30064771491,25769803863,POST_DOMINATE
30064771492,55834574920,POST_DOMINATE
30064771493,68719477165,POST_DOMINATE
30064771494,30064771493,POST_DOMINATE
30064771495,55834574921,POST_DOMINATE
30064771496,68719477168,POST_DOMINATE
30064771497,30064771496,POST_DOMINATE
30064771498,25769803867,POST_DOMINATE
30064771499,68719477171,POST_DOMINATE
30064771500,90194313369,POST_DOMINATE
30064771501,68719477173,POST_DOMINATE
30064771502,30064771501,POST_DOMINATE
30064771503,68719477176,POST_DOMINATE
30064771504,30064771503,POST_DOMINATE
30064771505,90194313370,POST_DOMINATE
30064771506,55834574922,POST_DOMINATE
30064771507,30064771505,POST_DOMINATE
30064771508,55834574923,POST_DOMINATE
30064771509,68719477181,POST_DOMINATE
30064771510,30064771509,POST_DOMINATE
30064771511,55834574924,POST_DOMINATE
30064771512,68719477184,POST_DOMINATE
30064771513,30064771512,POST_DOMINATE
30064771514,90194313371,POST_DOMINATE
30064771515,90194313372,POST_DOMINATE
30064771516,30064771515,POST_DOMINATE
30064771517,68719477189,POST_DOMINATE
30064771518,30064771517,POST_DOMINATE
30064771519,90194313373,POST_DOMINATE
30064771520,68719477191,POST_DOMINATE
30064771521,90194313374,POST_DOMINATE
30064771522,68719477193,POST_DOMINATE
30064771523,90194313375,POST_DOMINATE
30064771524,68719477195,POST_DOMINATE
30064771525,90194313376,POST_DOMINATE
30064771526,68719477197,POST_DOMINATE
30064771527,55834574925,POST_DOMINATE
30064771528,25769803872,POST_DOMINATE
30064771529,68719477202,POST_DOMINATE
30064771530,68719477204,POST_DOMINATE
30064771531,68719477205,POST_DOMINATE
30064771532,90194313379,POST_DOMINATE
30064771533,30064771532,POST_DOMINATE
30064771534,90194313380,POST_DOMINATE
30064771535,68719477208,POST_DOMINATE
30064771536,30064771535,POST_DOMINATE
30064771537,68719477211,POST_DOMINATE
30064771538,90194313381,POST_DOMINATE
30064771539,90194313382,POST_DOMINATE
30064771540,30064771539,POST_DOMINATE
30064771541,68719477215,POST_DOMINATE
30064771542,30064771541,POST_DOMINATE
30064771543,55834574926,POST_DOMINATE
30064771544,68719477216,POST_DOMINATE
30064771545,55834574927,POST_DOMINATE
30064771546,68719477220,POST_DOMINATE
30064771547,30064771546,POST_DOMINATE
30064771548,55834574928,POST_DOMINATE
30064771549,68719477223,POST_DOMINATE
30064771550,30064771549,POST_DOMINATE
30064771551,90194313383,POST_DOMINATE
30064771552,68719477226,POST_DOMINATE
30064771553,30064771552,POST_DOMINATE
30064771554,90194313384,POST_DOMINATE
30064771555,30064771554,POST_DOMINATE
30064771556,68719477230,POST_DOMINATE
30064771557,90194313385,POST_DOMINATE
30064771558,68719477232,POST_DOMINATE
30064771559,30064771558,POST_DOMINATE
30064771560,68719477235,POST_DOMINATE
30064771561,30064771560,POST_DOMINATE
30064771562,90194313386,POST_DOMINATE
30064771563,68719477237,POST_DOMINATE
30064771564,55834574929,POST_DOMINATE
30064771565,30064771563,POST_DOMINATE
30064771566,55834574930,POST_DOMINATE
30064771567,68719477241,POST_DOMINATE
30064771568,30064771567,POST_DOMINATE
30064771569,55834574931,POST_DOMINATE
30064771570,68719477244,POST_DOMINATE
30064771571,30064771570,POST_DOMINATE
30064771572,25769803882,POST_DOMINATE
30064771573,90194313387,POST_DOMINATE
30064771574,90194313389,POST_DOMINATE
30064771575,30064771574,POST_DOMINATE
30064771576,90194313390,POST_DOMINATE
30064771577,30064771576,POST_DOMINATE
30064771578,30064771577,POST_DOMINATE
30064771579,90194313391,POST_DOMINATE
30064771580,68719477253,POST_DOMINATE
30064771581,30064771580,POST_DOMINATE
30064771582,55834574932,POST_DOMINATE
30064771583,68719477254,POST_DOMINATE
30064771584,55834574933,POST_DOMINATE
30064771585,68719477258,POST_DOMINATE
30064771586,30064771585,POST_DOMINATE
30064771587,55834574934,POST_DOMINATE
30064771588,68719477261,POST_DOMINATE
30064771589,30064771588,POST_DOMINATE
30064771590,90194313392,POST_DOMINATE
30064771591,68719477264,POST_DOMINATE
30064771592,30064771591,POST_DOMINATE
30064771593,25769803888,POST_DOMINATE
30064771594,90194313393,POST_DOMINATE
30064771595,90194313394,POST_DOMINATE
30064771596,90194313395,POST_DOMINATE
30064771597,120259084303,POST_DOMINATE
30064771598,90194313397,POST_DOMINATE
30064771599,30064771598,POST_DOMINATE
30064771600,55834574935,POST_DOMINATE
30064771601,68719477274,POST_DOMINATE
30064771602,25769803895,POST_DOMINATE
30064771603,55834574936,POST_DOMINATE
30064771604,68719477277,POST_DOMINATE
30064771605,25769803896,POST_DOMINATE
30064771606,68719477279,POST_DOMINATE
30064771607,30064771606,POST_DOMINATE
30064771608,68719477282,POST_DOMINATE
30064771609,30064771608,POST_DOMINATE
30064771610,55834574937,POST_DOMINATE
30064771611,68719477283,POST_DOMINATE
30064771612,55834574938,POST_DOMINATE
30064771613,68719477287,POST_DOMINATE
30064771614,30064771613,POST_DOMINATE
30064771615,55834574939,POST_DOMINATE
30064771616,68719477290,POST_DOMINATE
30064771617,30064771616,POST_DOMINATE
30064771618,90194313398,POST_DOMINATE
30064771619,30064771618,POST_DOMINATE
30064771620,55834574940,POST_DOMINATE
30064771621,68719477296,POST_DOMINATE
30064771622,25769803897,POST_DOMINATE
30064771623,30064771622,POST_DOMINATE
30064771624,25769803901,POST_DOMINATE
30064771625,68719477300,POST_DOMINATE
30064771626,30064771625,POST_DOMINATE
30064771627,90194313400,POST_DOMINATE
30064771628,30064771627,POST_DOMINATE
30064771629,90194313402,POST_DOMINATE
30064771630,30064771629,POST_DOMINATE
30064771631,30064771630,POST_DOMINATE
30064771632,30064771631,POST_DOMINATE
30064771633,90194313404,POST_DOMINATE
30064771634,30064771633,POST_DOMINATE
30064771635,30064771634,POST_DOMINATE
30064771636,30064771635,POST_DOMINATE
30064771637,90194313406,POST_DOMINATE
30064771638,30064771637,POST_DOMINATE
30064771639,30064771638,POST_DOMINATE
30064771640,30064771639,POST_DOMINATE
30064771641,90194313408,POST_DOMINATE
30064771642,90194313409,POST_DOMINATE
30064771643,55834574941,POST_DOMINATE
30064771644,30064771641,POST_DOMINATE
30064771645,25769803902,POST_DOMINATE
30064771646,30064771645,POST_DOMINATE
30064771647,30064771646,POST_DOMINATE
30064771648,90194313411,POST_DOMINATE
30064771649,30064771648,POST_DOMINATE
30064771650,55834574942,POST_DOMINATE
30064771651,68719477316,POST_DOMINATE
30064771652,30064771651,POST_DOMINATE
30064771653,55834574943,POST_DOMINATE
30064771654,68719477319,POST_DOMINATE
30064771655,30064771654,POST_DOMINATE
30064771656,90194313412,POST_DOMINATE
30064771657,120259084304,POST_DOMINATE
30064771658,68719477323,POST_DOMINATE
30064771659,30064771658,POST_DOMINATE
30064771660,68719477326,POST_DOMINATE
30064771661,30064771660,POST_DOMINATE
30064771662,68719477329,POST_DOMINATE
30064771663,30064771662,POST_DOMINATE
30064771664,68719477332,POST_DOMINATE
30064771665,90194313414,POST_DOMINATE
30064771666,68719477334,POST_DOMINATE
30064771667,30064771666,POST_DOMINATE
30064771668,90194313415,POST_DOMINATE
30064771669,30064771668,POST_DOMINATE
30064771670,90194313416,POST_DOMINATE
30064771671,30064771670,POST_DOMINATE
30064771672,55834574944,POST_DOMINATE
30064771673,68719477339,POST_DOMINATE
30064771674,30064771673,POST_DOMINATE
30064771675,55834574945,POST_DOMINATE
30064771676,68719477342,POST_DOMINATE
30064771677,30064771676,POST_DOMINATE
30064771678,25769803911,POST_DOMINATE
30064771679,90194313417,POST_DOMINATE
30064771680,90194313419,POST_DOMINATE
30064771681,30064771680,POST_DOMINATE
30064771682,90194313421,POST_DOMINATE
30064771683,30064771682,POST_DOMINATE
30064771684,90194313422,POST_DOMINATE
30064771685,90194313424,POST_DOMINATE
30064771686,30064771685,POST_DOMINATE
30064771687,90194313426,POST_DOMINATE
30064771688,30064771687,POST_DOMINATE
30064771689,30064771688,POST_DOMINATE
30064771690,30064771689,POST_DOMINATE
30064771691,30064771690,POST_DOMINATE
30064771692,68719477352,POST_DOMINATE
30064771693,30064771692,POST_DOMINATE
30064771694,55834574946,POST_DOMINATE
30064771695,68719477353,POST_DOMINATE
30064771696,55834574947,POST_DOMINATE
30064771697,68719477357,POST_DOMINATE
30064771698,30064771697,POST_DOMINATE
30064771699,55834574948,POST_DOMINATE
30064771700,68719477360,POST_DOMINATE
30064771701,30064771700,POST_DOMINATE
30064771702,90194313427,POST_DOMINATE
30064771703,90194313428,POST_DOMINATE
30064771704,30064771703,POST_DOMINATE
30064771705,30064771704,POST_DOMINATE
30064771706,90194313429,POST_DOMINATE
30064771707,30064771706,POST_DOMINATE
30064771708,90194313430,POST_DOMINATE
30064771709,55834574949,POST_DOMINATE
30064771710,90194313431,POST_DOMINATE
30064771711,30064771710,POST_DOMINATE
30064771712,55834574950,POST_DOMINATE
30064771713,90194313432,POST_DOMINATE
30064771714,30064771713,POST_DOMINATE
30064771714,90194313433,POST_DOMINATE
30064771715,30064771714,POST_DOMINATE
30064771716,90194313435,POST_DOMINATE
30064771717,30064771716,POST_DOMINATE
30064771718,90194313436,POST_DOMINATE
30064771719,68719477376,POST_DOMINATE
30064771720,68719477377,POST_DOMINATE
30064771721,30064771720,POST_DOMINATE
30064771722,30064771721,POST_DOMINATE
30064771723,30064771722,POST_DOMINATE
30064771724,90194313438,POST_DOMINATE
30064771725,90194313440,POST_DOMINATE
30064771726,30064771725,POST_DOMINATE
30064771727,55834574951,POST_DOMINATE
30064771728,68719477382,POST_DOMINATE
30064771729,30064771728,POST_DOMINATE
30064771730,55834574952,POST_DOMINATE
30064771731,68719477385,POST_DOMINATE
30064771732,30064771731,POST_DOMINATE
30064771733,120259084305,POST_DOMINATE
30064771734,68719477388,POST_DOMINATE
30064771735,30064771734,POST_DOMINATE
30064771736,90194313442,POST_DOMINATE
30064771737,30064771736,POST_DOMINATE
30064771738,68719477393,POST_DOMINATE
30064771739,30064771738,POST_DOMINATE
30064771740,55834574953,POST_DOMINATE
30064771741,68719477394,POST_DOMINATE
30064771742,55834574954,POST_DOMINATE
30064771743,68719477398,POST_DOMINATE
30064771744,30064771743,POST_DOMINATE
30064771745,55834574955,POST_DOMINATE
30064771746,68719477401,POST_DOMINATE
30064771747,30064771746,POST_DOMINATE
30064771748,90194313443,POST_DOMINATE
30064771749,68719477404,POST_DOMINATE
30064771750,30064771749,POST_DOMINATE
30064771751,90194313444,POST_DOMINATE
30064771752,30064771751,POST_DOMINATE
30064771753,68719477408,POST_DOMINATE
30064771754,90194313445,POST_DOMINATE
30064771755,90194313446,POST_DOMINATE
30064771756,90194313448,POST_DOMINATE
30064771757,30064771756,POST_DOMINATE
30064771758,30064771757,POST_DOMINATE
30064771759,30064771758,POST_DOMINATE
30064771760,90194313449,POST_DOMINATE
30064771761,90194313450,POST_DOMINATE
30064771762,90194313451,POST_DOMINATE
30064771763,90194313452,POST_DOMINATE
30064771764,30064771763,POST_DOMINATE
30064771765,55834574956,POST_DOMINATE
30064771766,68719477419,POST_DOMINATE
30064771767,25769803927,POST_DOMINATE
30064771768,90194313453,POST_DOMINATE
30064771769,55834574957,POST_DOMINATE
30064771770,90194313455,POST_DOMINATE
30064771771,30064771770,POST_DOMINATE
30064771772,55834574958,POST_DOMINATE
30064771773,30064771772,POST_DOMINATE
30064771774,55834574959,POST_DOMINATE
30064771775,68719477428,POST_DOMINATE
30064771776,55834574960,POST_DOMINATE
30064771777,68719477429,POST_DOMINATE
30064771778,30064771777,POST_DOMINATE
30064771779,30064771778,POST_DOMINATE
30064771780,55834574961,POST_DOMINATE
30064771781,90194313456,POST_DOMINATE
30064771782,25769803929,POST_DOMINATE
30064771783,90194313457,POST_DOMINATE
30064771784,90194313458,POST_DOMINATE
30064771785,30064771784,POST_DOMINATE
30064771786,90194313459,POST_DOMINATE
30064771787,90194313460,POST_DOMINATE
30064771788,68719477440,POST_DOMINATE
30064771789,68719477443,POST_DOMINATE
30064771790,68719477445,POST_DOMINATE
30064771791,30064771790,POST_DOMINATE
30064771792,30064771791,POST_DOMINATE
30064771793,120259084306,POST_DOMINATE
30064771794,68719477448,POST_DOMINATE
30064771795,30064771794,POST_DOMINATE
30064771796,68719477451,POST_DOMINATE
30064771797,90194313463,POST_DOMINATE
30064771798,90194313464,POST_DOMINATE
30064771799,90194313466,POST_DOMINATE
30064771800,30064771799,POST_DOMINATE
30064771801,90194313468,POST_DOMINATE
30064771802,30064771801,POST_DOMINATE
30064771803,90194313470,POST_DOMINATE
30064771804,30064771803,POST_DOMINATE
30064771805,30064771804,POST_DOMINATE
30064771806,30064771805,POST_DOMINATE
30064771807,90194313472,POST_DOMINATE
30064771808,90194313473,POST_DOMINATE
30064771809,55834574962,POST_DOMINATE
30064771810,30064771807,POST_DOMINATE
30064771811,25769803936,POST_DOMINATE
30064771812,30064771811,POST_DOMINATE
30064771813,30064771812,POST_DOMINATE
30064771814,55834574963,POST_DOMINATE
30064771815,68719477464,POST_DOMINATE
30064771816,30064771815,POST_DOMINATE
30064771817,55834574964,POST_DOMINATE
30064771818,68719477467,POST_DOMINATE
30064771819,30064771818,POST_DOMINATE
30064771820,90194313475,POST_DOMINATE
30064771821,30064771820,POST_DOMINATE
30064771822,120259084307,POST_DOMINATE
30064771823,68719477471,POST_DOMINATE
30064771824,30064771823,POST_DOMINATE
30064771825,68719477474,POST_DOMINATE
30064771826,30064771825,POST_DOMINATE
30064771827,90194313477,POST_DOMINATE
30064771828,90194313478,POST_DOMINATE
30064771829,30064771828,POST_DOMINATE
30064771830,55834574965,POST_DOMINATE
30064771831,30064771829,POST_DOMINATE
30064771832,55834574966,POST_DOMINATE
30064771833,68719477480,POST_DOMINATE
30064771834,30064771833,POST_DOMINATE
30064771835,55834574967,POST_DOMINATE
30064771836,68719477483,POST_DOMINATE
30064771837,30064771836,POST_DOMINATE
30064771838,25769803942,POST_DOMINATE
30064771839,90194313479,POST_DOMINATE
30064771840,68719477488,POST_DOMINATE
30064771841,68719477489,POST_DOMINATE
30064771842,30064771841,POST_DOMINATE
30064771843,68719477492,POST_DOMINATE
30064771844,90194313480,POST_DOMINATE
30064771845,30064771844,POST_DOMINATE
30064771846,68719477495,POST_DOMINATE
30064771847,30064771846,POST_DOMINATE
30064771848,55834574968,POST_DOMINATE
30064771849,68719477496,POST_DOMINATE
30064771850,55834574969,POST_DOMINATE
30064771851,68719477500,POST_DOMINATE
30064771852,30064771851,POST_DOMINATE
30064771853,55834574970,POST_DOMINATE
30064771854,68719477503,POST_DOMINATE
30064771855,30064771854,POST_DOMINATE
30064771856,90194313481,POST_DOMINATE
30064771857,68719477506,POST_DOMINATE
30064771858,30064771857,POST_DOMINATE
30064771859,90194313482,POST_DOMINATE
30064771860,30064771859,POST_DOMINATE
30064771861,68719477510,POST_DOMINATE
30064771862,90194313483,POST_DOMINATE
30064771863,90194313485,POST_DOMINATE
30064771864,90194313486,POST_DOMINATE
30064771865,55834574971,POST_DOMINATE
30064771866,30064771863,POST_DOMINATE
30064771867,25769803950,POST_DOMINATE
30064771868,30064771867,POST_DOMINATE
30064771869,30064771868,POST_DOMINATE
30064771870,90194313487,POST_DOMINATE
30064771871,30064771870,POST_DOMINATE
30064771872,68719477519,POST_DOMINATE
30064771873,30064771872,POST_DOMINATE
30064771874,55834574972,POST_DOMINATE
30064771875,68719477520,POST_DOMINATE
30064771876,90194313488,POST_DOMINATE
30064771877,30064771876,POST_DOMINATE
30064771878,55834574973,POST_DOMINATE
30064771879,68719477526,POST_DOMINATE
30064771880,25769803951,POST_DOMINATE
30064771881,55834574974,POST_DOMINATE
30064771882,68719477529,POST_DOMINATE
30064771883,30064771882,POST_DOMINATE
30064771884,55834574975,POST_DOMINATE
30064771885,68719477532,POST_DOMINATE
30064771886,55834574976,POST_DOMINATE
30064771887,68719477534,POST_DOMINATE
30064771888,30064771887,POST_DOMINATE
30064771889,30064771888,POST_DOMINATE
30064771890,90194313489,POST_DOMINATE
30064771891,30064771890,POST_DOMINATE
30064771892,68719477538,POST_DOMINATE
30064771893,90194313490,POST_DOMINATE
30064771894,68719477540,POST_DOMINATE
30064771895,30064771894,POST_DOMINATE
30064771896,90194313491,POST_DOMINATE
30064771897,90194313492,POST_DOMINATE
30064771898,30064771897,POST_DOMINATE
30064771899,90194313493,POST_DOMINATE
30064771900,68719477544,POST_DOMINATE
30064771901,90194313494,POST_DOMINATE
30064771902,68719477546,POST_DOMINATE
30064771903,90194313495,POST_DOMINATE
30064771904,90194313496,POST_DOMINATE
30064771905,55834574977,POST_DOMINATE
30064771906,25769803957,POST_DOMINATE
30064771907,68719477552,POST_DOMINATE
30064771908,90194313497,POST_DOMINATE
30064771909,120259084308,POST_DOMINATE
30064771910,68719477556,POST_DOMINATE
30064771911,30064771910,POST_DOMINATE
30064771912,68719477559,POST_DOMINATE
30064771913,30064771912,POST_DOMINATE
30064771914,55834574978,POST_DOMINATE
30064771915,68719477560,POST_DOMINATE
30064771916,55834574979,POST_DOMINATE
30064771917,68719477564,POST_DOMINATE
30064771918,30064771917,POST_DOMINATE
30064771919,55834574980,POST_DOMINATE
30064771920,68719477567,POST_DOMINATE
30064771921,30064771920,POST_DOMINATE
30064771922,90194313499,POST_DOMINATE
30064771923,90194313500,POST_DOMINATE
30064771924,30064771923,POST_DOMINATE
30064771925,30064771924,POST_DOMINATE
30064771926,90194313501,POST_DOMINATE
30064771927,30064771926,POST_DOMINATE
30064771928,68719477574,POST_DOMINATE
30064771929,90194313502,POST_DOMINATE
30064771930,90194313503,POST_DOMINATE
30064771931,68719477577,POST_DOMINATE
30064771932,30064771931,POST_DOMINATE
30064771933,68719477580,POST_DOMINATE
30064771934,30064771933,POST_DOMINATE
30064771935,90194313504,POST_DOMINATE
30064771936,55834574981,POST_DOMINATE
30064771937,30064771935,POST_DOMINATE
30064771938,55834574982,POST_DOMINATE
30064771939,68719477585,POST_DOMINATE
30064771940,30064771939,POST_DOMINATE
30064771941,55834574983,POST_DOMINATE
30064771942,68719477588,POST_DOMINATE
30064771943,30064771942,POST_DOMINATE
30064771944,90194313505,POST_DOMINATE
30064771945,90194313506,POST_DOMINATE
30064771946,30064771945,POST_DOMINATE
30064771947,30064771946,POST_DOMINATE
30064771948,90194313507,POST_DOMINATE
30064771949,30064771948,POST_DOMINATE
30064771950,90194313509,POST_DOMINATE
30064771951,30064771950,POST_DOMINATE
30064771952,68719477596,POST_DOMINATE
30064771953,90194313511,POST_DOMINATE
30064771954,90194313513,POST_DOMINATE
30064771955,30064771954,POST_DOMINATE
30064771956,90194313514,POST_DOMINATE
30064771957,30064771956,POST_DOMINATE
30064771958,30064771957,POST_DOMINATE
30064771959,90194313515,POST_DOMINATE
30064771960,120259084309,POST_DOMINATE
30064771961,90194313517,POST_DOMINATE
30064771962,90194313518,POST_DOMINATE
30064771963,90194313519,POST_DOMINATE
30064771964,90194313520,POST_DOMINATE
30064771965,90194313521,POST_DOMINATE
30064771966,90194313522,POST_DOMINATE
30064771967,90194313523,POST_DOMINATE
30064771968,30064771967,POST_DOMINATE
30064771969,90194313524,POST_DOMINATE
30064771970,68719477610,POST_DOMINATE
30064771971,90194313525,POST_DOMINATE
30064771972,68719477612,POST_DOMINATE
30064771973,90194313526,POST_DOMINATE
30064771974,68719477614,POST_DOMINATE
30064771975,90194313527,POST_DOMINATE
30064771976,68719477616,POST_DOMINATE
30064771977,90194313528,POST_DOMINATE
30064771978,90194313529,POST_DOMINATE
30064771979,90194313530,POST_DOMINATE
30064771980,120259084310,POST_DOMINATE
30064771981,90194313533,POST_DOMINATE
30064771982,30064771981,POST_DOMINATE
30064771983,90194313534,POST_DOMINATE
30064771984,30064771983,POST_DOMINATE
30064771985,90194313535,POST_DOMINATE
30064771986,90194313536,POST_DOMINATE
30064771987,90194313537,POST_DOMINATE
30064771988,90194313538,POST_DOMINATE
30064771989,90194313539,POST_DOMINATE
30064771990,30064771989,POST_DOMINATE
30064771991,90194313540,POST_DOMINATE
30064771992,68719477630,POST_DOMINATE
30064771993,90194313541,POST_DOMINATE
30064771994,68719477632,POST_DOMINATE
30064771995,90194313542,POST_DOMINATE
30064771996,68719477635,POST_DOMINATE
30064771997,90194313543,POST_DOMINATE
30064771998,90194313544,POST_DOMINATE
30064771999,90194313545,POST_DOMINATE
30064772000,120259084311,POST_DOMINATE
30064772001,68719477641,POST_DOMINATE
30064772002,90194313547,POST_DOMINATE
30064772003,90194313548,POST_DOMINATE
30064772004,90194313549,POST_DOMINATE
30064772005,90194313550,POST_DOMINATE
30064772006,90194313551,POST_DOMINATE
30064772007,90194313552,POST_DOMINATE
30064772008,30064772007,POST_DOMINATE
30064772009,90194313553,POST_DOMINATE
30064772010,68719477650,POST_DOMINATE
30064772011,90194313554,POST_DOMINATE
30064772012,68719477652,POST_DOMINATE
30064772013,68719477653,POST_DOMINATE
30064772014,90194313555,POST_DOMINATE
30064772015,68719477655,POST_DOMINATE
30064772016,30064772015,POST_DOMINATE
30064772017,68719477658,POST_DOMINATE
30064772018,90194313556,POST_DOMINATE
30064772019,90194313557,POST_DOMINATE
30064772020,90194313558,POST_DOMINATE
30064772021,120259084312,POST_DOMINATE
30064772022,90194313559,POST_DOMINATE
30064772023,68719477664,POST_DOMINATE
30064772024,176093659147,POST_DOMINATE
30064772025,90194313562,POST_DOMINATE
30064772026,30064772025,POST_DOMINATE
30064772027,90194313564,POST_DOMINATE
30064772028,30064772027,POST_DOMINATE
30064772029,90194313565,POST_DOMINATE
30064772030,90194313567,POST_DOMINATE
30064772031,30064772030,POST_DOMINATE
30064772032,90194313568,POST_DOMINATE
30064772033,55834574984,POST_DOMINATE
30064772034,68719477672,POST_DOMINATE
30064772035,30064772034,POST_DOMINATE
30064772036,55834574985,POST_DOMINATE
30064772037,90194313569,POST_DOMINATE
30064772038,30064772037,POST_DOMINATE
30064772039,90194313572,POST_DOMINATE
30064772040,30064772039,POST_DOMINATE
30064772041,30064772040,POST_DOMINATE
30064772042,90194313573,POST_DOMINATE
30064772043,90194313575,POST_DOMINATE
30064772044,30064772043,POST_DOMINATE
30064772045,90194313576,POST_DOMINATE
30064772046,55834574986,POST_DOMINATE
30064772047,68719477684,POST_DOMINATE
30064772048,30064772047,POST_DOMINATE
30064772049,55834574987,POST_DOMINATE
30064772050,90194313577,POST_DOMINATE
30064772051,30064772050,POST_DOMINATE
30064772052,90194313580,POST_DOMINATE
30064772053,30064772052,POST_DOMINATE
30064772054,30064772053,POST_DOMINATE
30064772055,90194313581,POST_DOMINATE
30064772056,90194313583,POST_DOMINATE
30064772057,30064772056,POST_DOMINATE
30064772058,90194313584,POST_DOMINATE
30064772059,55834574988,POST_DOMINATE
30064772060,68719477696,POST_DOMINATE
30064772061,30064772060,POST_DOMINATE
30064772062,55834574989,POST_DOMINATE
30064772063,90194313585,POST_DOMINATE
30064772064,30064772063,POST_DOMINATE
30064772065,176093659148,POST_DOMINATE
30064772066,176093659149,POST_DOMINATE
30064772067,176093659150,POST_DOMINATE
30064772068,176093659151,POST_DOMINATE
30064772069,176093659152,POST_DOMINATE
30064772070,90194313588,POST_DOMINATE
30064772071,30064772070,POST_DOMINATE
30064772072,90194313590,POST_DOMINATE
30064772073,30064772072,POST_DOMINATE
30064772074,90194313592,POST_DOMINATE
30064772075,30064772074,POST_DOMINATE
30064772076,90194313594,POST_DOMINATE
30064772077,30064772076,POST_DOMINATE
30064772078,68719477718,POST_DOMINATE
30064772079,30064772078,POST_DOMINATE
30064772080,68719477719,POST_DOMINATE
30064772081,90194313597,POST_DOMINATE
30064772082,30064772081,POST_DOMINATE
30064772083,90194313599,POST_DOMINATE
30064772084,30064772083,POST_DOMINATE
30064772085,30064772084,POST_DOMINATE
30064772086,30064772085,POST_DOMINATE
30064772087,68719477723,POST_DOMINATE
30064772088,30064772087,POST_DOMINATE
30064772089,30064772088,POST_DOMINATE
30064772090,68719477726,POST_DOMINATE
30064772091,30064772090,POST_DOMINATE
30064772092,30064772091,POST_DOMINATE
30064772093,68719477728,POST_DOMINATE
30064772094,68719477730,POST_DOMINATE
30064772096,30064772093,POST_DOMINATE
30064772096,30064772094,POST_DOMINATE
30064772097,90194313602,POST_DOMINATE
30064772098,30064772097,POST_DOMINATE
30064772099,68719477737,POST_DOMINATE
30064772100,30064772099,POST_DOMINATE
30064772101,90194313603,POST_DOMINATE
30064772102,68719477739,POST_DOMINATE
30064772103,90194313604,POST_DOMINATE
30064772104,68719477741,POST_DOMINATE
30064772105,90194313605,POST_DOMINATE
30064772106,68719477743,POST_DOMINATE
30064772107,90194313606,POST_DOMINATE
30064772108,68719477745,POST_DOMINATE
30064772109,90194313607,POST_DOMINATE
30064772110,68719477747,POST_DOMINATE
30064772111,55834574990,POST_DOMINATE
30064772112,25769804010,POST_DOMINATE
30064772113,68719477751,POST_DOMINATE
30064772114,30064772113,POST_DOMINATE
30064772115,55834574991,POST_DOMINATE
30064772116,68719477755,POST_DOMINATE
30064772117,25769804012,POST_DOMINATE
30064772118,55834574992,POST_DOMINATE
30064772119,68719477758,POST_DOMINATE
30064772120,30064772119,POST_DOMINATE
30064772121,120259084313,POST_DOMINATE
30064772122,68719477762,POST_DOMINATE
30064772123,30064772122,POST_DOMINATE
30064772124,90194313609,POST_DOMINATE
30064772125,30064772124,POST_DOMINATE
30064772126,55834574993,POST_DOMINATE
30064772127,68719477766,POST_DOMINATE
30064772128,55834574994,POST_DOMINATE
30064772129,25769804016,POST_DOMINATE
30064772130,55834574995,POST_DOMINATE
30064772131,68719477770,POST_DOMINATE
30064772132,30064772131,POST_DOMINATE
30064772133,55834574996,POST_DOMINATE
30064772134,68719477773,POST_DOMINATE
30064772135,30064772134,POST_DOMINATE
30064772136,120259084314,POST_DOMINATE
30064772137,68719477777,POST_DOMINATE
30064772138,120259084315,POST_DOMINATE
30064772139,90194313611,POST_DOMINATE
30064772140,30064772139,POST_DOMINATE
30064772141,68719477781,POST_DOMINATE
30064772142,30064772141,POST_DOMINATE
30064772143,68719477784,POST_DOMINATE
30064772144,30064772143,POST_DOMINATE
30064772145,68719477787,POST_DOMINATE
30064772146,30064772145,POST_DOMINATE
30064772147,30064772146,POST_DOMINATE
30064772148,90194313614,POST_DOMINATE
30064772149,30064772148,POST_DOMINATE
30064772150,30064772149,POST_DOMINATE
30064772151,30064772150,POST_DOMINATE
30064772152,176093659153,POST_DOMINATE
30064772153,90194313617,POST_DOMINATE
30064772154,30064772153,POST_DOMINATE
30064772155,90194313619,POST_DOMINATE
30064772156,30064772155,POST_DOMINATE
30064772157,90194313621,POST_DOMINATE
30064772158,30064772157,POST_DOMINATE
30064772159,90194313623,POST_DOMINATE
30064772160,30064772159,POST_DOMINATE
30064772161,55834574997,POST_DOMINATE
30064772162,30064772161,POST_DOMINATE
30064772163,55834574998,POST_DOMINATE
30064772164,90194313624,POST_DOMINATE
30064772165,55834574999,POST_DOMINATE
30064772166,30064772165,POST_DOMINATE
30064772167,55834575000,POST_DOMINATE
30064772168,68719477804,POST_DOMINATE
30064772169,25769804024,POST_DOMINATE
30064772170,30064772169,POST_DOMINATE
30064772171,55834575001,POST_DOMINATE
30064772172,30064772171,POST_DOMINATE
30064772173,55834575002,POST_DOMINATE
30064772174,55834575003,POST_DOMINATE
30064772175,30064772174,POST_DOMINATE
30064772176,55834575004,POST_DOMINATE
30064772177,30064772173,POST_DOMINATE
30064772178,68719477818,POST_DOMINATE
30064772179,55834575005,POST_DOMINATE
30064772180,30064772179,POST_DOMINATE
30064772181,55834575006,POST_DOMINATE
30064772182,30064772181,POST_DOMINATE
30064772183,68719477823,POST_DOMINATE
30064772184,68719477824,POST_DOMINATE
30064772185,68719477825,POST_DOMINATE
30064772186,30064772185,POST_DOMINATE
30064772187,30064772186,POST_DOMINATE
30064772188,120259084316,POST_DOMINATE
30064772189,68719477829,POST_DOMINATE
30064772190,30064772189,POST_DOMINATE
30064772191,90194313630,POST_DOMINATE
30064772192,30064772191,POST_DOMINATE
30064772193,68719477836,POST_DOMINATE
30064772194,120259084317,POST_DOMINATE
30064772195,55834575007,POST_DOMINATE
30064772196,68719477837,POST_DOMINATE
30064772197,90194313632,POST_DOMINATE
30064772198,30064772197,POST_DOMINATE
30064772199,55834575008,POST_DOMINATE
30064772200,90194313633,POST_DOMINATE
30064772201,68719477844,POST_DOMINATE
47244640268,30064771246,POST_DOMINATE
47244640270,30064771250,POST_DOMINATE
47244640354,30064771978,POST_DOMINATE
47244640360,30064771998,POST_DOMINATE
47244640368,30064772019,POST_DOMINATE
55834574848,68719476761,POST_DOMINATE
55834574849,68719476763,POST_DOMINATE
55834574850,68719476767,POST_DOMINATE
55834574851,30064771103,POST_DOMINATE
55834574852,68719476768,POST_DOMINATE
55834574853,68719476770,POST_DOMINATE
55834574854,68719476771,POST_DOMINATE
55834574855,30064771109,POST_DOMINATE
55834574856,68719476772,POST_DOMINATE
55834574857,68719476774,POST_DOMINATE
55834574858,68719476781,POST_DOMINATE
55834574859,68719476783,POST_DOMINATE
55834574860,68719476786,POST_DOMINATE
55834574861,68719476788,POST_DOMINATE
55834574862,68719476791,POST_DOMINATE
55834574863,68719476796,POST_DOMINATE
55834574864,68719476798,POST_DOMINATE
55834574865,68719476810,POST_DOMINATE
55834574866,68719476815,POST_DOMINATE
55834574867,68719476817,POST_DOMINATE
55834574868,68719476828,POST_DOMINATE
55834574869,68719476830,POST_DOMINATE
55834574870,68719476852,POST_DOMINATE
55834574871,68719476854,POST_DOMINATE
55834574872,68719476856,POST_DOMINATE
55834574873,68719476859,POST_DOMINATE
55834574874,68719476864,POST_DOMINATE
55834574875,68719476867,POST_DOMINATE
55834574876,68719476885,POST_DOMINATE
55834574877,68719476891,POST_DOMINATE
55834574878,68719476893,POST_DOMINATE
55834574879,68719476901,POST_DOMINATE
55834574880,68719476916,POST_DOMINATE
55834574881,68719476919,POST_DOMINATE
55834574882,68719476928,POST_DOMINATE
55834574883,68719476932,POST_DOMINATE
55834574884,68719476934,POST_DOMINATE
55834574885,68719476942,POST_DOMINATE
55834574886,68719476945,POST_DOMINATE
55834574887,68719476951,POST_DOMINATE
55834574888,68719476953,POST_DOMINATE
55834574889,68719476956,POST_DOMINATE
55834574890,68719476960,POST_DOMINATE
55834574891,68719476965,POST_DOMINATE
55834574892,68719476970,POST_DOMINATE
55834574893,68719476996,POST_DOMINATE
55834574894,68719476998,POST_DOMINATE
55834574895,68719477001,POST_DOMINATE
55834574896,68719477009,POST_DOMINATE
55834574897,68719477011,POST_DOMINATE
55834574898,68719477014,POST_DOMINATE
55834574899,68719477020,POST_DOMINATE
55834574900,68719477023,POST_DOMINATE
55834574901,68719477044,POST_DOMINATE
55834574902,68719477060,POST_DOMINATE
55834574903,68719477062,POST_DOMINATE
55834574904,68719477065,POST_DOMINATE
55834574905,68719477068,POST_DOMINATE
55834574906,68719477074,POST_DOMINATE
55834574907,68719477088,POST_DOMINATE
55834574908,68719477091,POST_DOMINATE
55834574909,68719477099,POST_DOMINATE
55834574910,68719477107,POST_DOMINATE
55834574911,68719477111,POST_DOMINATE
55834574912,68719477121,POST_DOMINATE
55834574913,68719477124,POST_DOMINATE
55834574914,68719477133,POST_DOMINATE
55834574915,68719477136,POST_DOMINATE
55834574916,68719477152,POST_DOMINATE
55834574917,68719477154,POST_DOMINATE
55834574918,68719477158,POST_DOMINATE
55834574919,68719477161,POST_DOMINATE
55834574920,68719477164,POST_DOMINATE
55834574921,68719477167,POST_DOMINATE
55834574922,68719477178,POST_DOMINATE
55834574923,68719477180,POST_DOMINATE
55834574924,68719477183,POST_DOMINATE
55834574925,68719477199,POST_DOMINATE
55834574926,68719477217,POST_DOMINATE
55834574927,68719477219,POST_DOMINATE
55834574928,68719477222,POST_DOMINATE
55834574929,68719477238,POST_DOMINATE
55834574930,68719477240,POST_DOMINATE
55834574931,68719477243,POST_DOMINATE
55834574932,68719477255,POST_DOMINATE
55834574933,68719477257,POST_DOMINATE
55834574934,68719477260,POST_DOMINATE
55834574935,68719477273,POST_DOMINATE
55834574936,68719477276,POST_DOMINATE
55834574937,68719477284,POST_DOMINATE
55834574938,68719477286,POST_DOMINATE
55834574939,68719477289,POST_DOMINATE
55834574940,68719477295,POST_DOMINATE
55834574941,68719477311,POST_DOMINATE
55834574942,68719477315,POST_DOMINATE
55834574943,68719477318,POST_DOMINATE
55834574944,68719477338,POST_DOMINATE
55834574945,68719477341,POST_DOMINATE
55834574946,68719477354,POST_DOMINATE
55834574947,68719477356,POST_DOMINATE
55834574948,68719477359,POST_DOMINATE
55834574949,68719477369,POST_DOMINATE
55834574950,68719477372,POST_DOMINATE
55834574951,68719477381,POST_DOMINATE
55834574952,68719477384,POST_DOMINATE
55834574953,68719477395,POST_DOMINATE
55834574954,68719477397,POST_DOMINATE
55834574955,68719477400,POST_DOMINATE
55834574956,68719477418,POST_DOMINATE
55834574957,68719477422,POST_DOMINATE
55834574958,68719477425,POST_DOMINATE
55834574959,68719477427,POST_DOMINATE
55834574960,68719477430,POST_DOMINATE
55834574961,68719477433,POST_DOMINATE
55834574962,68719477460,POST_DOMINATE
55834574963,68719477463,POST_DOMINATE
55834574964,68719477466,POST_DOMINATE
55834574965,68719477477,POST_DOMINATE
55834574966,68719477479,POST_DOMINATE
55834574967,68719477482,POST_DOMINATE
55834574968,68719477497,POST_DOMINATE
55834574969,68719477499,POST_DOMINATE
55834574970,68719477502,POST_DOMINATE
55834574971,68719477514,POST_DOMINATE
55834574972,68719477521,POST_DOMINATE
55834574973,68719477525,POST_DOMINATE
55834574974,68719477528,POST_DOMINATE
55834574975,68719477531,POST_DOMINATE
55834574976,68719477533,POST_DOMINATE
55834574977,68719477549,POST_DOMINATE
55834574978,68719477561,POST_DOMINATE
55834574979,68719477563,POST_DOMINATE
55834574980,68719477566,POST_DOMINATE
55834574981,68719477582,POST_DOMINATE
55834574982,68719477584,POST_DOMINATE
55834574983,68719477587,POST_DOMINATE
55834574984,68719477673,POST_DOMINATE
55834574985,68719477677,POST_DOMINATE
55834574986,68719477685,POST_DOMINATE
55834574987,68719477689,POST_DOMINATE
55834574988,68719477697,POST_DOMINATE
55834574989,68719477701,POST_DOMINATE
55834574990,68719477749,POST_DOMINATE
55834574991,68719477754,POST_DOMINATE
55834574992,68719477757,POST_DOMINATE
55834574993,68719477765,POST_DOMINATE
55834574994,68719477767,POST_DOMINATE
55834574995,68719477769,POST_DOMINATE
55834574996,68719477772,POST_DOMINATE
55834574997,68719477800,POST_DOMINATE
55834574998,68719477802,POST_DOMINATE
55834574999,68719477805,POST_DOMINATE
55834575000,68719477807,POST_DOMINATE
55834575001,68719477811,POST_DOMINATE
55834575002,68719477813,POST_DOMINATE
55834575003,68719477814,POST_DOMINATE
55834575004,68719477816,POST_DOMINATE
55834575005,68719477819,POST_DOMINATE
55834575006,68719477821,POST_DOMINATE
55834575007,68719477838,POST_DOMINATE
55834575008,68719477842,POST_DOMINATE
68719476736,107374182400,POST_DOMINATE
68719476737,30064771072,POST_DOMINATE
68719476738,30064771073,POST_DOMINATE
68719476739,30064771074,POST_DOMINATE
68719476740,30064771075,POST_DOMINATE
68719476741,30064771076,POST_DOMINATE
68719476742,30064771077,POST_DOMINATE
68719476743,30064771078,POST_DOMINATE
68719476744,30064771079,POST_DOMINATE
68719476745,30064771080,POST_DOMINATE
68719476746,30064771081,POST_DOMINATE
68719476747,30064771082,POST_DOMINATE
68719476748,68719476747,POST_DOMINATE
68719476749,30064771084,POST_DOMINATE
68719476750,68719476749,POST_DOMINATE
68719476751,30064771086,POST_DOMINATE
68719476752,68719476751,POST_DOMINATE
68719476753,30064771088,POST_DOMINATE
68719476754,68719476753,POST_DOMINATE
68719476755,30064771090,POST_DOMINATE
68719476756,68719476755,POST_DOMINATE
68719476757,30064771092,POST_DOMINATE
68719476758,68719476757,POST_DOMINATE
68719476759,30064771094,POST_DOMINATE
68719476760,68719476759,POST_DOMINATE
68719476761,68719476762,POST_DOMINATE
68719476762,30064771096,POST_DOMINATE
68719476763,30064771098,POST_DOMINATE
68719476764,30064771099,POST_DOMINATE
68719476766,68719476765,POST_DOMINATE
68719476767,68719476769,POST_DOMINATE
68719476768,30064771107,POST_DOMINATE
68719476769,30064771105,POST_DOMINATE
68719476770,30064771102,POST_DOMINATE
68719476771,68719476773,POST_DOMINATE
68719476772,30064771113,POST_DOMINATE
68719476773,30064771111,POST_DOMINATE
68719476774,30064771108,POST_DOMINATE
68719476775,30064771100,POST_DOMINATE
68719476775,30064771114,POST_DOMINATE
68719476776,30064771115,POST_DOMINATE
68719476777,30064771116,POST_DOMINATE
68719476778,30064771117,POST_DOMINATE
68719476779,30064771118,POST_DOMINATE
68719476780,68719476784,POST_DOMINATE
68719476781,68719476782,POST_DOMINATE
68719476782,90194313239,POST_DOMINATE
68719476783,30064771120,POST_DOMINATE
68719476784,30064771121,POST_DOMINATE
68719476785,68719476789,POST_DOMINATE
68719476786,68719476787,POST_DOMINATE
68719476788,30064771124,POST_DOMINATE
68719476789,30064771125,POST_DOMINATE
68719476790,68719476792,POST_DOMINATE
68719476791,30064771139,POST_DOMINATE
68719476792,30064771129,POST_DOMINATE
68719476793,68719476794,POST_DOMINATE
68719476794,68719476795,POST_DOMINATE
68719476796,68719476797,POST_DOMINATE
68719476797,30064771132,POST_DOMINATE
68719476798,68719476799,POST_DOMINATE
68719476799,30064771134,POST_DOMINATE
68719476800,68719476802,POST_DOMINATE
68719476801,68719476800,POST_DOMINATE
68719476802,30064771136,POST_DOMINATE
68719476803,68719476804,POST_DOMINATE
68719476804,30064771138,POST_DOMINATE
68719476806,68719476805,POST_DOMINATE
68719476807,30064771143,POST_DOMINATE
68719476808,68719476811,POST_DOMINATE
68719476809,68719476808,POST_DOMINATE
68719476810,30064771154,POST_DOMINATE
68719476811,30064771144,POST_DOMINATE
68719476812,68719476813,POST_DOMINATE
68719476813,68719476814,POST_DOMINATE
68719476814,90194313242,POST_DOMINATE
68719476815,68719476816,POST_DOMINATE
68719476816,30064771147,POST_DOMINATE
68719476817,68719476818,POST_DOMINATE
68719476818,30064771149,POST_DOMINATE
68719476819,68719476821,POST_DOMINATE
68719476820,68719476819,POST_DOMINATE
68719476821,30064771151,POST_DOMINATE
68719476822,68719476823,POST_DOMINATE
68719476823,30064771153,POST_DOMINATE
68719476824,30064771145,POST_DOMINATE
68719476825,68719476824,POST_DOMINATE
68719476826,30064771156,POST_DOMINATE
68719476827,68719476831,POST_DOMINATE
68719476828,68719476829,POST_DOMINATE
68719476829,90194313245,POST_DOMINATE
68719476830,30064771158,POST_DOMINATE
68719476831,30064771159,POST_DOMINATE
68719476832,68719476844,POST_DOMINATE
68719476833,30064771163,POST_DOMINATE
68719476834,30064771165,POST_DOMINATE
68719476835,30064771167,POST_DOMINATE
68719476836,30064771169,POST_DOMINATE
68719476837,30064771172,POST_DOMINATE
68719476838,25769803795,POST_DOMINATE
68719476839,30064771174,POST_DOMINATE
68719476840,30064771176,POST_DOMINATE
68719476841,30064771178,POST_DOMINATE
68719476842,30064771180,POST_DOMINATE
68719476843,30064771183,POST_DOMINATE
68719476845,68719476847,POST_DOMINATE
68719476846,68719476845,POST_DOMINATE
68719476847,30064771185,POST_DOMINATE
68719476848,68719476849,POST_DOMINATE
68719476849,68719476850,POST_DOMINATE
68719476850,30064771161,POST_DOMINATE
68719476850,30064771186,POST_DOMINATE
68719476851,68719476863,POST_DOMINATE
68719476852,68719476855,POST_DOMINATE
68719476853,30064771191,POST_DOMINATE
68719476854,30064771200,POST_DOMINATE
68719476855,30064771193,POST_DOMINATE
68719476856,68719476858,POST_DOMINATE
68719476857,30064771195,POST_DOMINATE
68719476858,30064771190,POST_DOMINATE
68719476859,68719476861,POST_DOMINATE
68719476860,30064771198,POST_DOMINATE
68719476862,25769803799,POST_DOMINATE
68719476863,30064771188,POST_DOMINATE
68719476864,68719476866,POST_DOMINATE
68719476865,30064771203,POST_DOMINATE
68719476866,68719476869,POST_DOMINATE
68719476867,30064771205,POST_DOMINATE
68719476868,30064771206,POST_DOMINATE
68719476870,68719476883,POST_DOMINATE
68719476871,30064771210,POST_DOMINATE
68719476872,30064771212,POST_DOMINATE
68719476873,30064771214,POST_DOMINATE
68719476874,30064771216,POST_DOMINATE
68719476875,90194313273,POST_DOMINATE
68719476876,30064771217,POST_DOMINATE
68719476877,30064771219,POST_DOMINATE
68719476878,30064771220,POST_DOMINATE
68719476879,30064771221,POST_DOMINATE
68719476880,30064771223,POST_DOMINATE
68719476881,30064771225,POST_DOMINATE
68719476882,30064771227,POST_DOMINATE
68719476883,30064771208,POST_DOMINATE
68719476884,68719476886,POST_DOMINATE
68719476885,30064771228,POST_DOMINATE
68719476886,30064771229,POST_DOMINATE
68719476887,68719476889,POST_DOMINATE
68719476888,68719476887,POST_DOMINATE
68719476889,30064771230,POST_DOMINATE
68719476890,68719476894,POST_DOMINATE
68719476891,68719476892,POST_DOMINATE
68719476892,30064771202,POST_DOMINATE
68719476892,30064771231,POST_DOMINATE
68719476893,30064771233,POST_DOMINATE
68719476894,30064771234,POST_DOMINATE
68719476895,68719476896,POST_DOMINATE
68719476897,30064771239,POST_DOMINATE
68719476898,68719476899,POST_DOMINATE
68719476899,68719476900,POST_DOMINATE
68719476900,68719476903,POST_DOMINATE
68719476901,30064771241,POST_DOMINATE
68719476902,30064771242,POST_DOMINATE
68719476904,30064771244,POST_DOMINATE
68719476907,68719476908,POST_DOMINATE
68719476909,68719476910,POST_DOMINATE
68719476912,30064771251,POST_DOMINATE
68719476913,68719476914,POST_DOMINATE
68719476914,68719476915,POST_DOMINATE
68719476915,68719476918,POST_DOMINATE
68719476916,30064771253,POST_DOMINATE
68719476917,30064771254,POST_DOMINATE
68719476919,30064771256,POST_DOMINATE
68719476920,30064771257,POST_DOMINATE
68719476921,68719476922,POST_DOMINATE
68719476924,30064771261,POST_DOMINATE
68719476925,68719476926,POST_DOMINATE
68719476926,68719476927,POST_DOMINATE
68719476927,68719476930,POST_DOMINATE
68719476928,30064771263,POST_DOMINATE
68719476929,30064771264,POST_DOMINATE
68719476931,68719476935,POST_DOMINATE
68719476932,68719476933,POST_DOMINATE
68719476933,30064771266,POST_DOMINATE
68719476934,30064771268,POST_DOMINATE
68719476935,30064771269,POST_DOMINATE
68719476936,25769803817,POST_DOMINATE
68719476938,30064771272,POST_DOMINATE
68719476939,68719476940,POST_DOMINATE
68719476940,68719476941,POST_DOMINATE
68719476941,68719476944,POST_DOMINATE
68719476942,30064771276,POST_DOMINATE
68719476943,30064771277,POST_DOMINATE
68719476944,90194313290,POST_DOMINATE
68719476945,30064771279,POST_DOMINATE
68719476946,30064771280,POST_DOMINATE
68719476947,30064771283,POST_DOMINATE
68719476948,68719476950,POST_DOMINATE
68719476949,68719476948,POST_DOMINATE
68719476950,68719476954,POST_DOMINATE
68719476951,30064771285,POST_DOMINATE
68719476952,30064771286,POST_DOMINATE
68719476953,68719476955,POST_DOMINATE
68719476954,30064771288,POST_DOMINATE
68719476955,107374182408,POST_DOMINATE
68719476956,30064771290,POST_DOMINATE
68719476957,30064771291,POST_DOMINATE
68719476958,30064771293,POST_DOMINATE
68719476959,90194313293,POST_DOMINATE
68719476960,68719476962,POST_DOMINATE
68719476961,30064771294,POST_DOMINATE
68719476962,107374182409,POST_DOMINATE
68719476963,30064771297,POST_DOMINATE
68719476964,90194313294,POST_DOMINATE
68719476965,68719476967,POST_DOMINATE
68719476966,30064771298,POST_DOMINATE
68719476967,107374182410,POST_DOMINATE
68719476968,30064771301,POST_DOMINATE
68719476969,90194313295,POST_DOMINATE
68719476970,68719476972,POST_DOMINATE
68719476971,30064771302,POST_DOMINATE
68719476972,107374182411,POST_DOMINATE
68719476973,30064771305,POST_DOMINATE
68719476974,90194313296,POST_DOMINATE
68719476975,68719476976,POST_DOMINATE
68719476976,30064771306,POST_DOMINATE
68719476977,90194313299,POST_DOMINATE
68719476978,68719476979,POST_DOMINATE
68719476979,30064771308,POST_DOMINATE
68719476980,90194313301,POST_DOMINATE
68719476981,68719476982,POST_DOMINATE
68719476982,30064771310,POST_DOMINATE
68719476983,90194313303,POST_DOMINATE
68719476984,68719476985,POST_DOMINATE
68719476985,30064771312,POST_DOMINATE
68719476986,68719476987,POST_DOMINATE
68719476987,107374182413,POST_DOMINATE
68719476988,68719476989,POST_DOMINATE
68719476989,30064771314,POST_DOMINATE
68719476990,68719476991,POST_DOMINATE
68719476991,68719476992,POST_DOMINATE
68719476992,30064771318,POST_DOMINATE
68719476993,68719477005,POST_DOMINATE
68719476994,68719476997,POST_DOMINATE
68719476995,30064771323,POST_DOMINATE
68719476996,30064771332,POST_DOMINATE
68719476997,30064771325,POST_DOMINATE
68719476998,68719477000,POST_DOMINATE
68719476999,30064771327,POST_DOMINATE
68719477000,30064771322,POST_DOMINATE
68719477001,68719477003,POST_DOMINATE
68719477002,30064771330,POST_DOMINATE
68719477004,25769803834,POST_DOMINATE
68719477005,30064771320,POST_DOMINATE
68719477007,68719477018,POST_DOMINATE
68719477008,68719477010,POST_DOMINATE
68719477009,30064771345,POST_DOMINATE
68719477010,30064771338,POST_DOMINATE
68719477011,68719477013,POST_DOMINATE
68719477012,30064771340,POST_DOMINATE
68719477013,30064771336,POST_DOMINATE
68719477014,68719477016,POST_DOMINATE
68719477015,30064771343,POST_DOMINATE
68719477017,25769803838,POST_DOMINATE
68719477018,68719477019,POST_DOMINATE
68719477020,68719477022,POST_DOMINATE
68719477021,30064771349,POST_DOMINATE
68719477022,68719477025,POST_DOMINATE
68719477023,30064771351,POST_DOMINATE
68719477024,30064771352,POST_DOMINATE
68719477025,30064771348,POST_DOMINATE
68719477026,68719477045,POST_DOMINATE
68719477027,30064771356,POST_DOMINATE
68719477028,30064771357,POST_DOMINATE
68719477029,30064771358,POST_DOMINATE
68719477030,30064771359,POST_DOMINATE
68719477031,30064771360,POST_DOMINATE
68719477032,30064771361,POST_DOMINATE
68719477033,30064771362,POST_DOMINATE
68719477034,68719477036,POST_DOMINATE
68719477035,68719477034,POST_DOMINATE
68719477036,30064771363,POST_DOMINATE
68719477037,30064771365,POST_DOMINATE
68719477038,30064771366,POST_DOMINATE
68719477039,30064771367,POST_DOMINATE
68719477040,30064771368,POST_DOMINATE
68719477041,30064771369,POST_DOMINATE
68719477042,30064771370,POST_DOMINATE
68719477043,30064771371,POST_DOMINATE
68719477044,30064771354,POST_DOMINATE
68719477045,30064771372,POST_DOMINATE
68719477046,68719477048,POST_DOMINATE
68719477047,68719477046,POST_DOMINATE
68719477048,30064771373,POST_DOMINATE
68719477049,90194313321,POST_DOMINATE
68719477050,30064771374,POST_DOMINATE
68719477051,30064771378,POST_DOMINATE
68719477052,90194313323,POST_DOMINATE
68719477053,68719477054,POST_DOMINATE
68719477054,30064771418,POST_DOMINATE
68719477055,68719477056,POST_DOMINATE
68719477056,68719477057,POST_DOMINATE
68719477057,30064771381,POST_DOMINATE
68719477058,68719477071,POST_DOMINATE
68719477059,68719477061,POST_DOMINATE
68719477061,30064771386,POST_DOMINATE
68719477062,68719477064,POST_DOMINATE
68719477063,30064771388,POST_DOMINATE
68719477064,30064771385,POST_DOMINATE
68719477065,68719477067,POST_DOMINATE
68719477066,30064771391,POST_DOMINATE
68719477068,30064771393,POST_DOMINATE
68719477069,30064771394,POST_DOMINATE
68719477070,25769803845,POST_DOMINATE
68719477071,68719477072,POST_DOMINATE
68719477072,30064771383,POST_DOMINATE
68719477073,30064771398,POST_DOMINATE
68719477074,68719477076,POST_DOMINATE
68719477075,30064771399,POST_DOMINATE
68719477077,30064771401,POST_DOMINATE
68719477078,68719477080,POST_DOMINATE
68719477079,68719477078,POST_DOMINATE
68719477080,30064771402,POST_DOMINATE
68719477082,90194313333,POST_DOMINATE
68719477083,90194313334,POST_DOMINATE
68719477085,90194313336,POST_DOMINATE
68719477086,68719477087,POST_DOMINATE
68719477087,68719477090,POST_DOMINATE
68719477088,30064771412,POST_DOMINATE
68719477089,30064771413,POST_DOMINATE
68719477090,30064771379,POST_DOMINATE
68719477091,68719477093,POST_DOMINATE
68719477092,30064771416,POST_DOMINATE
68719477094,25769803851,POST_DOMINATE
68719477095,30064771420,POST_DOMINATE
68719477096,90194313340,POST_DOMINATE
68719477097,68719477098,POST_DOMINATE
68719477098,68719477101,POST_DOMINATE
68719477099,30064771423,POST_DOMINATE
68719477100,30064771424,POST_DOMINATE
68719477101,30064771465,POST_DOMINATE
68719477102,68719477103,POST_DOMINATE
68719477103,30064771426,POST_DOMINATE
68719477104,68719477105,POST_DOMINATE
68719477105,68719477106,POST_DOMINATE
68719477106,30064771428,POST_DOMINATE
68719477107,30064771452,POST_DOMINATE
68719477108,30064771431,POST_DOMINATE
68719477110,30064771434,POST_DOMINATE
68719477111,68719477113,POST_DOMINATE
68719477112,30064771437,POST_DOMINATE
68719477114,30064771439,POST_DOMINATE
68719477115,68719477117,POST_DOMINATE
68719477116,68719477115,POST_DOMINATE
68719477117,30064771440,POST_DOMINATE
68719477118,90194313349,POST_DOMINATE
68719477120,30064771446,POST_DOMINATE
68719477121,68719477123,POST_DOMINATE
68719477122,30064771447,POST_DOMINATE
68719477123,30064771430,POST_DOMINATE
68719477124,68719477126,POST_DOMINATE
68719477125,30064771450,POST_DOMINATE
68719477127,90194313352,POST_DOMINATE
68719477128,90194313353,POST_DOMINATE
68719477129,25769803857,POST_DOMINATE
68719477130,90194313355,POST_DOMINATE
68719477131,68719477132,POST_DOMINATE
68719477132,68719477135,POST_DOMINATE
68719477133,30064771459,POST_DOMINATE
68719477134,30064771460,POST_DOMINATE
68719477135,30064771421,POST_DOMINATE
68719477136,68719477138,POST_DOMINATE
68719477137,30064771463,POST_DOMINATE
68719477139,25769803860,POST_DOMINATE
68719477140,30064771467,POST_DOMINATE
68719477141,90194313359,POST_DOMINATE
68719477142,30064771468,POST_DOMINATE
68719477143,30064771469,POST_DOMINATE
68719477144,68719477145,POST_DOMINATE
68719477145,30064771470,POST_DOMINATE
68719477146,30064771472,POST_DOMINATE
68719477147,68719477148,POST_DOMINATE
68719477149,68719477150,POST_DOMINATE
68719477150,30064771475,POST_DOMINATE
68719477151,68719477170,POST_DOMINATE
68719477152,68719477155,POST_DOMINATE
68719477153,30064771480,POST_DOMINATE
68719477155,30064771482,POST_DOMINATE
68719477156,68719477157,POST_DOMINATE
68719477157,68719477160,POST_DOMINATE
68719477158,30064771485,POST_DOMINATE
68719477159,30064771486,POST_DOMINATE
68719477160,68719477163,POST_DOMINATE
68719477161,30064771488,POST_DOMINATE
68719477162,30064771489,POST_DOMINATE
68719477163,30064771479,POST_DOMINATE
68719477164,68719477166,POST_DOMINATE
68719477165,30064771492,POST_DOMINATE
68719477167,30064771494,POST_DOMINATE
68719477168,30064771495,POST_DOMINATE
68719477169,25769803866,POST_DOMINATE
68719477170,30064771477,POST_DOMINATE
68719477171,30064771498,POST_DOMINATE
68719477173,68719477174,POST_DOMINATE
68719477174,68719477175,POST_DOMINATE
68719477176,68719477187,POST_DOMINATE
68719477177,68719477179,POST_DOMINATE
68719477178,30064771513,POST_DOMINATE
68719477179,30064771506,POST_DOMINATE
68719477180,68719477182,POST_DOMINATE
68719477181,30064771508,POST_DOMINATE
68719477182,30064771504,POST_DOMINATE
68719477183,68719477185,POST_DOMINATE
68719477184,30064771511,POST_DOMINATE
68719477186,25769803870,POST_DOMINATE
68719477187,68719477188,POST_DOMINATE
68719477188,30064771502,POST_DOMINATE
68719477189,68719477200,POST_DOMINATE
68719477190,30064771518,POST_DOMINATE
68719477191,30064771519,POST_DOMINATE
68719477192,30064771520,POST_DOMINATE
68719477193,30064771521,POST_DOMINATE
68719477194,30064771522,POST_DOMINATE
68719477195,30064771523,POST_DOMINATE
68719477196,30064771524,POST_DOMINATE
68719477197,30064771525,POST_DOMINATE
68719477198,30064771526,POST_DOMINATE
68719477199,30064771516,POST_DOMINATE
68719477200,30064771527,POST_DOMINATE
68719477201,68719477203,POST_DOMINATE
68719477202,68719477201,POST_DOMINATE
68719477203,30064771528,POST_DOMINATE
68719477204,90194313377,POST_DOMINATE
68719477205,90194313378,POST_DOMINATE
68719477206,30064771529,POST_DOMINATE
68719477208,68719477209,POST_DOMINATE
68719477209,68719477210,POST_DOMINATE
68719477211,30064771536,POST_DOMINATE
68719477213,68719477214,POST_DOMINATE
68719477215,68719477228,POST_DOMINATE
68719477216,68719477218,POST_DOMINATE
68719477218,30064771543,POST_DOMINATE
68719477219,68719477221,POST_DOMINATE
68719477220,30064771545,POST_DOMINATE
68719477221,30064771542,POST_DOMINATE
68719477222,68719477224,POST_DOMINATE
68719477223,30064771548,POST_DOMINATE
68719477225,30064771550,POST_DOMINATE
68719477226,30064771551,POST_DOMINATE
68719477227,25769803877,POST_DOMINATE
68719477228,68719477229,POST_DOMINATE
68719477229,30064771540,POST_DOMINATE
68719477230,30064771555,POST_DOMINATE
68719477232,68719477233,POST_DOMINATE
68719477233,68719477234,POST_DOMINATE
68719477235,68719477247,POST_DOMINATE
68719477236,68719477239,POST_DOMINATE
68719477237,30064771562,POST_DOMINATE
68719477238,30064771571,POST_DOMINATE
68719477239,30064771564,POST_DOMINATE
68719477240,68719477242,POST_DOMINATE
68719477241,30064771566,POST_DOMINATE
68719477242,30064771561,POST_DOMINATE
68719477243,68719477245,POST_DOMINATE
68719477244,30064771569,POST_DOMINATE
68719477246,25769803881,POST_DOMINATE
68719477247,30064771559,POST_DOMINATE
68719477249,90194313388,POST_DOMINATE
68719477252,68719477266,POST_DOMINATE
68719477253,68719477252,POST_DOMINATE
68719477254,68719477256,POST_DOMINATE
68719477256,30064771582,POST_DOMINATE
68719477257,68719477259,POST_DOMINATE
68719477258,30064771584,POST_DOMINATE
68719477259,30064771581,POST_DOMINATE
68719477260,68719477262,POST_DOMINATE
68719477261,30064771587,POST_DOMINATE
68719477263,30064771589,POST_DOMINATE
68719477264,30064771590,POST_DOMINATE
68719477265,25769803887,POST_DOMINATE
68719477267,30064771593,POST_DOMINATE
68719477270,30064771597,POST_DOMINATE
68719477271,68719477272,POST_DOMINATE
68719477272,68719477275,POST_DOMINATE
68719477273,30064771599,POST_DOMINATE
68719477274,30064771600,POST_DOMINATE
68719477275,68719477278,POST_DOMINATE
68719477276,30064771602,POST_DOMINATE
68719477277,30064771603,POST_DOMINATE
68719477278,90194313396,POST_DOMINATE
68719477279,68719477280,POST_DOMINATE
68719477280,68719477281,POST_DOMINATE
68719477281,30064771605,POST_DOMINATE
68719477282,68719477298,POST_DOMINATE
68719477283,68719477285,POST_DOMINATE
68719477285,30064771610,POST_DOMINATE
68719477286,68719477288,POST_DOMINATE
68719477287,30064771612,POST_DOMINATE
68719477288,30064771609,POST_DOMINATE
68719477289,68719477291,POST_DOMINATE
68719477290,30064771615,POST_DOMINATE
68719477292,30064771617,POST_DOMINATE
68719477293,68719477294,POST_DOMINATE
68719477294,68719477292,POST_DOMINATE
68719477295,30064771619,POST_DOMINATE
68719477296,30064771620,POST_DOMINATE
68719477297,25769803900,POST_DOMINATE
68719477298,30064771607,POST_DOMINATE
68719477299,30064771624,POST_DOMINATE
68719477300,68719477301,POST_DOMINATE
68719477301,90194313399,POST_DOMINATE
68719477303,90194313401,POST_DOMINATE
68719477304,30064771655,POST_DOMINATE
68719477305,90194313403,POST_DOMINATE
68719477306,30064771632,POST_DOMINATE
68719477307,90194313405,POST_DOMINATE
68719477308,30064771636,POST_DOMINATE
68719477309,68719477312,POST_DOMINATE
68719477310,90194313407,POST_DOMINATE
68719477311,30064771642,POST_DOMINATE
68719477312,30064771643,POST_DOMINATE
68719477313,30064771640,POST_DOMINATE
68719477314,30064771647,POST_DOMINATE
68719477315,68719477317,POST_DOMINATE
68719477316,30064771650,POST_DOMINATE
68719477317,30064771628,POST_DOMINATE
68719477318,68719477320,POST_DOMINATE
68719477319,30064771653,POST_DOMINATE
68719477322,30064771657,POST_DOMINATE
68719477323,68719477324,POST_DOMINATE
68719477324,68719477325,POST_DOMINATE
68719477325,90194313413,POST_DOMINATE
68719477326,68719477327,POST_DOMINATE
68719477327,68719477328,POST_DOMINATE
68719477328,30064771659,POST_DOMINATE
68719477329,68719477330,POST_DOMINATE
68719477330,68719477331,POST_DOMINATE
68719477331,30064771661,POST_DOMINATE
68719477332,30064771663,POST_DOMINATE
68719477334,68719477345,POST_DOMINATE
68719477335,30064771677,POST_DOMINATE
68719477336,68719477335,POST_DOMINATE
68719477337,30064771669,POST_DOMINATE
68719477338,68719477340,POST_DOMINATE
68719477339,30064771672,POST_DOMINATE
68719477340,30064771667,POST_DOMINATE
68719477341,68719477343,POST_DOMINATE
68719477342,30064771675,POST_DOMINATE
68719477344,25769803910,POST_DOMINATE
68719477346,30064771678,POST_DOMINATE
68719477347,90194313418,POST_DOMINATE
68719477348,90194313420,POST_DOMINATE
68719477349,90194313423,POST_DOMINATE
68719477350,90194313425,POST_DOMINATE
68719477351,30064771732,POST_DOMINATE
68719477352,68719477365,POST_DOMINATE
68719477353,68719477355,POST_DOMINATE
68719477355,30064771694,POST_DOMINATE
68719477356,68719477358,POST_DOMINATE
68719477357,30064771696,POST_DOMINATE
68719477358,30064771693,POST_DOMINATE
68719477359,68719477361,POST_DOMINATE
68719477360,30064771699,POST_DOMINATE
68719477362,30064771701,POST_DOMINATE
68719477363,30064771702,POST_DOMINATE
68719477364,25769803914,POST_DOMINATE
68719477365,68719477366,POST_DOMINATE
68719477366,30064771691,POST_DOMINATE
68719477367,30064771707,POST_DOMINATE
68719477368,68719477370,POST_DOMINATE
68719477369,68719477371,POST_DOMINATE
68719477370,30064771709,POST_DOMINATE
68719477372,68719477374,POST_DOMINATE
68719477373,30064771712,POST_DOMINATE
68719477374,30064771711,POST_DOMINATE
68719477375,90194313434,POST_DOMINATE
68719477376,30064771718,POST_DOMINATE
68719477377,90194313437,POST_DOMINATE
68719477378,30064771715,POST_DOMINATE
68719477380,68719477367,POST_DOMINATE
68719477380,30064771723,POST_DOMINATE
68719477380,30064771724,POST_DOMINATE
68719477381,68719477383,POST_DOMINATE
68719477382,30064771727,POST_DOMINATE
68719477383,30064771679,POST_DOMINATE
68719477384,68719477386,POST_DOMINATE
68719477385,30064771730,POST_DOMINATE
68719477387,30064771733,POST_DOMINATE
68719477388,68719477389,POST_DOMINATE
68719477389,68719477390,POST_DOMINATE
68719477390,90194313441,POST_DOMINATE
68719477391,68719477392,POST_DOMINATE
68719477392,30064771735,POST_DOMINATE
68719477393,68719477406,POST_DOMINATE
68719477394,68719477396,POST_DOMINATE
68719477396,30064771740,POST_DOMINATE
68719477397,68719477399,POST_DOMINATE
68719477398,30064771742,POST_DOMINATE
68719477399,30064771739,POST_DOMINATE
68719477400,68719477402,POST_DOMINATE
68719477401,30064771745,POST_DOMINATE
68719477403,30064771747,POST_DOMINATE
68719477404,30064771748,POST_DOMINATE
68719477405,25769803923,POST_DOMINATE
68719477406,68719477407,POST_DOMINATE
68719477407,30064771737,POST_DOMINATE
68719477408,30064771752,POST_DOMINATE
68719477411,90194313447,POST_DOMINATE
68719477414,30064771760,POST_DOMINATE
68719477415,30064771761,POST_DOMINATE
68719477416,68719477417,POST_DOMINATE
68719477417,68719477420,POST_DOMINATE
68719477418,30064771764,POST_DOMINATE
68719477419,30064771765,POST_DOMINATE
68719477420,30064771762,POST_DOMINATE
68719477421,30064771767,POST_DOMINATE
68719477422,68719477424,POST_DOMINATE
68719477423,30064771769,POST_DOMINATE
68719477425,68719477426,POST_DOMINATE
68719477426,68719477432,POST_DOMINATE
68719477427,30064771773,POST_DOMINATE
68719477428,30064771774,POST_DOMINATE
68719477429,68719477431,POST_DOMINATE
68719477430,25769803928,POST_DOMINATE
68719477431,30064771776,POST_DOMINATE
68719477432,68719477435,POST_DOMINATE
68719477433,30064771779,POST_DOMINATE
68719477434,30064771780,POST_DOMINATE
68719477435,30064771771,POST_DOMINATE
68719477437,68719477438,POST_DOMINATE
68719477440,30064771787,POST_DOMINATE
68719477441,30064771782,POST_DOMINATE
68719477441,30064771785,POST_DOMINATE
68719477442,68719477444,POST_DOMINATE
68719477443,68719477442,POST_DOMINATE
68719477444,30064771788,POST_DOMINATE
68719477445,90194313461,POST_DOMINATE
68719477446,30064771789,POST_DOMINATE
68719477447,30064771793,POST_DOMINATE
68719477448,68719477449,POST_DOMINATE
68719477449,68719477450,POST_DOMINATE
68719477450,90194313462,POST_DOMINATE
68719477451,30064771795,POST_DOMINATE
68719477454,90194313465,POST_DOMINATE
68719477455,90194313467,POST_DOMINATE
68719477456,90194313469,POST_DOMINATE
68719477457,30064771819,POST_DOMINATE
68719477458,68719477461,POST_DOMINATE
68719477459,90194313471,POST_DOMINATE
68719477460,30064771808,POST_DOMINATE
68719477461,30064771809,POST_DOMINATE
68719477462,30064771806,POST_DOMINATE
68719477463,68719477465,POST_DOMINATE
68719477464,30064771814,POST_DOMINATE
68719477465,30064771798,POST_DOMINATE
68719477466,68719477468,POST_DOMINATE
68719477467,30064771817,POST_DOMINATE
68719477469,25769803938,POST_DOMINATE
68719477470,30064771822,POST_DOMINATE
68719477471,68719477472,POST_DOMINATE
68719477472,68719477473,POST_DOMINATE
68719477473,90194313476,POST_DOMINATE
68719477474,68719477486,POST_DOMINATE
68719477475,68719477478,POST_DOMINATE
68719477476,30064771827,POST_DOMINATE
68719477477,30064771837,POST_DOMINATE
68719477478,30064771830,POST_DOMINATE
68719477479,68719477481,POST_DOMINATE
68719477480,30064771832,POST_DOMINATE
68719477481,30064771826,POST_DOMINATE
68719477482,68719477484,POST_DOMINATE
68719477483,30064771835,POST_DOMINATE
68719477485,25769803941,POST_DOMINATE
68719477486,30064771824,POST_DOMINATE
68719477489,68719477490,POST_DOMINATE
68719477490,68719477491,POST_DOMINATE
68719477491,30064771840,POST_DOMINATE
68719477492,30064771842,POST_DOMINATE
68719477493,68719477494,POST_DOMINATE
68719477495,68719477508,POST_DOMINATE
68719477496,68719477498,POST_DOMINATE
68719477498,30064771848,POST_DOMINATE
68719477499,68719477501,POST_DOMINATE
68719477500,30064771850,POST_DOMINATE
68719477501,30064771847,POST_DOMINATE
68719477502,68719477504,POST_DOMINATE
68719477503,30064771853,POST_DOMINATE
68719477505,30064771855,POST_DOMINATE
68719477506,30064771856,POST_DOMINATE
68719477507,25769803947,POST_DOMINATE
68719477508,68719477509,POST_DOMINATE
68719477509,30064771845,POST_DOMINATE
68719477510,30064771860,POST_DOMINATE
68719477512,68719477515,POST_DOMINATE
68719477513,90194313484,POST_DOMINATE
68719477514,30064771864,POST_DOMINATE
68719477515,30064771865,POST_DOMINATE
68719477517,68719477518,POST_DOMINATE
68719477518,30064771869,POST_DOMINATE
68719477519,68719477536,POST_DOMINATE
68719477520,68719477522,POST_DOMINATE
68719477522,30064771874,POST_DOMINATE
68719477523,68719477524,POST_DOMINATE
68719477524,68719477527,POST_DOMINATE
68719477525,30064771877,POST_DOMINATE
68719477526,30064771878,POST_DOMINATE
68719477527,30064771873,POST_DOMINATE
68719477528,68719477530,POST_DOMINATE
68719477529,30064771881,POST_DOMINATE
68719477531,30064771883,POST_DOMINATE
68719477532,30064771884,POST_DOMINATE
68719477533,30064771885,POST_DOMINATE
68719477534,30064771886,POST_DOMINATE
68719477535,25769803954,POST_DOMINATE
68719477536,68719477537,POST_DOMINATE
68719477537,30064771871,POST_DOMINATE
68719477538,30064771891,POST_DOMINATE
68719477540,68719477550,POST_DOMINATE
68719477541,30064771895,POST_DOMINATE
68719477542,30064771896,POST_DOMINATE
68719477543,30064771898,POST_DOMINATE
68719477544,30064771899,POST_DOMINATE
68719477545,30064771900,POST_DOMINATE
68719477546,30064771901,POST_DOMINATE
68719477547,30064771902,POST_DOMINATE
68719477548,30064771904,POST_DOMINATE
68719477550,30064771905,POST_DOMINATE
68719477551,68719477553,POST_DOMINATE
68719477552,68719477551,POST_DOMINATE
68719477553,30064771906,POST_DOMINATE
68719477554,30064771907,POST_DOMINATE
68719477555,30064771909,POST_DOMINATE
68719477556,68719477557,POST_DOMINATE
68719477557,68719477558,POST_DOMINATE
68719477558,90194313498,POST_DOMINATE
68719477559,68719477572,POST_DOMINATE
68719477560,68719477562,POST_DOMINATE
68719477562,30064771914,POST_DOMINATE
68719477563,68719477565,POST_DOMINATE
68719477564,30064771916,POST_DOMINATE
68719477565,30064771913,POST_DOMINATE
68719477566,68719477568,POST_DOMINATE
68719477567,30064771919,POST_DOMINATE
68719477569,30064771921,POST_DOMINATE
68719477570,30064771922,POST_DOMINATE
68719477571,25769803961,POST_DOMINATE
68719477572,68719477573,POST_DOMINATE
68719477573,30064771911,POST_DOMINATE
68719477574,30064771927,POST_DOMINATE
68719477577,68719477578,POST_DOMINATE
68719477578,68719477579,POST_DOMINATE
68719477580,68719477593,POST_DOMINATE
68719477581,68719477583,POST_DOMINATE
68719477583,30064771936,POST_DOMINATE
68719477584,68719477586,POST_DOMINATE
68719477585,30064771938,POST_DOMINATE
68719477586,30064771934,POST_DOMINATE
68719477587,68719477589,POST_DOMINATE
68719477588,30064771941,POST_DOMINATE
68719477590,30064771943,POST_DOMINATE
68719477591,30064771944,POST_DOMINATE
68719477592,25769803966,POST_DOMINATE
68719477593,68719477594,POST_DOMINATE
68719477594,30064771932,POST_DOMINATE
68719477595,90194313508,POST_DOMINATE
68719477596,90194313510,POST_DOMINATE
68719477597,90194313512,POST_DOMINATE
68719477598,30064771949,POST_DOMINATE
68719477600,30064771960,POST_DOMINATE
68719477602,30064771961,POST_DOMINATE
68719477603,30064771962,POST_DOMINATE
68719477604,30064771963,POST_DOMINATE
68719477605,30064771964,POST_DOMINATE
68719477606,30064771965,POST_DOMINATE
68719477607,68719477608,POST_DOMINATE
68719477608,30064771966,POST_DOMINATE
68719477609,30064771968,POST_DOMINATE
68719477620,30064771980,POST_DOMINATE
68719477621,90194313532,POST_DOMINATE
68719477623,30064771984,POST_DOMINATE
68719477624,30064771985,POST_DOMINATE
68719477625,30064771986,POST_DOMINATE
68719477626,30064771987,POST_DOMINATE
68719477627,68719477628,POST_DOMINATE
68719477628,30064771988,POST_DOMINATE
68719477629,30064771990,POST_DOMINATE
68719477632,68719477633,POST_DOMINATE
68719477635,68719477636,POST_DOMINATE
68719477640,30064772000,POST_DOMINATE
68719477641,107374182425,POST_DOMINATE
68719477643,30064772002,POST_DOMINATE
68719477644,30064772003,POST_DOMINATE
68719477645,30064772004,POST_DOMINATE
68719477646,30064772005,POST_DOMINATE
68719477647,68719477648,POST_DOMINATE
68719477648,30064772006,POST_DOMINATE
68719477649,30064772008,POST_DOMINATE
68719477655,68719477656,POST_DOMINATE
68719477657,30064772016,POST_DOMINATE
68719477658,68719477659,POST_DOMINATE
68719477663,30064772021,POST_DOMINATE
68719477665,107374182426,POST_DOMINATE
68719477666,90194313560,POST_DOMINATE
68719477667,68719477666,POST_DOMINATE
68719477668,30064772026,POST_DOMINATE
68719477669,30064772028,POST_DOMINATE
68719477670,30064772029,POST_DOMINATE
68719477671,30064772031,POST_DOMINATE
68719477672,68719477674,POST_DOMINATE
68719477673,68719477675,POST_DOMINATE
68719477674,30064772033,POST_DOMINATE
68719477675,30064772032,POST_DOMINATE
68719477676,68719477678,POST_DOMINATE
68719477677,68719477679,POST_DOMINATE
68719477678,30064772036,POST_DOMINATE
68719477679,30064772035,POST_DOMINATE
68719477680,30064772038,POST_DOMINATE
68719477681,30064772041,POST_DOMINATE
68719477682,30064772042,POST_DOMINATE
68719477683,30064772044,POST_DOMINATE
68719477684,68719477686,POST_DOMINATE
68719477685,68719477687,POST_DOMINATE
68719477686,30064772046,POST_DOMINATE
68719477687,30064772045,POST_DOMINATE
68719477688,68719477690,POST_DOMINATE
68719477689,68719477691,POST_DOMINATE
68719477690,30064772049,POST_DOMINATE
68719477691,30064772048,POST_DOMINATE
68719477692,30064772051,POST_DOMINATE
68719477693,30064772054,POST_DOMINATE
68719477694,30064772055,POST_DOMINATE
68719477695,30064772057,POST_DOMINATE
68719477696,68719477698,POST_DOMINATE
68719477697,68719477699,POST_DOMINATE
68719477698,30064772059,POST_DOMINATE
68719477699,30064772058,POST_DOMINATE
68719477700,68719477702,POST_DOMINATE
68719477701,68719477703,POST_DOMINATE
68719477702,30064772062,POST_DOMINATE
68719477703,30064772061,POST_DOMINATE
68719477704,107374182427,POST_DOMINATE
68719477705,30064772065,POST_DOMINATE
68719477706,30064772066,POST_DOMINATE
68719477707,30064772067,POST_DOMINATE
68719477708,30064772068,POST_DOMINATE
68719477709,90194313586,POST_DOMINATE
68719477710,68719477709,POST_DOMINATE
68719477711,30064772071,POST_DOMINATE
68719477712,68719477711,POST_DOMINATE
68719477713,30064772073,POST_DOMINATE
68719477714,68719477713,POST_DOMINATE
68719477715,30064772075,POST_DOMINATE
68719477716,68719477715,POST_DOMINATE
68719477717,25769804008,POST_DOMINATE
68719477718,90194313595,POST_DOMINATE
68719477719,90194313596,POST_DOMINATE
68719477720,30064772120,POST_DOMINATE
68719477721,90194313598,POST_DOMINATE
68719477722,30064772082,POST_DOMINATE
68719477723,90194313600,POST_DOMINATE
68719477724,68719477725,POST_DOMINATE
68719477725,30064772086,POST_DOMINATE
68719477726,90194313601,POST_DOMINATE
68719477727,30064772089,POST_DOMINATE
68719477728,68719477729,POST_DOMINATE
68719477729,30064772092,POST_DOMINATE
68719477730,68719477731,POST_DOMINATE
68719477734,68719477735,POST_DOMINATE
68719477735,68719477736,POST_DOMINATE
68719477737,68719477750,POST_DOMINATE
68719477738,30064772100,POST_DOMINATE
68719477739,30064772101,POST_DOMINATE
68719477740,30064772102,POST_DOMINATE
68719477741,30064772103,POST_DOMINATE
68719477742,30064772104,POST_DOMINATE
68719477743,30064772105,POST_DOMINATE
68719477744,30064772106,POST_DOMINATE
68719477745,30064772107,POST_DOMINATE
68719477746,30064772108,POST_DOMINATE
68719477747,30064772109,POST_DOMINATE
68719477748,30064772110,POST_DOMINATE
68719477749,30064772098,POST_DOMINATE
68719477750,30064772111,POST_DOMINATE
68719477751,68719477752,POST_DOMINATE
68719477752,68719477753,POST_DOMINATE
68719477753,68719477756,POST_DOMINATE
68719477754,30064772114,POST_DOMINATE
68719477755,30064772115,POST_DOMINATE
68719477756,30064772079,POST_DOMINATE
68719477757,68719477759,POST_DOMINATE
68719477758,30064772118,POST_DOMINATE
68719477760,25769804014,POST_DOMINATE
68719477761,30064772121,POST_DOMINATE
68719477762,90194313608,POST_DOMINATE
68719477763,68719477764,POST_DOMINATE
68719477764,68719477768,POST_DOMINATE
68719477765,30064772125,POST_DOMINATE
68719477766,30064772126,POST_DOMINATE
68719477767,30064772135,POST_DOMINATE
68719477768,30064772128,POST_DOMINATE
68719477769,68719477771,POST_DOMINATE
68719477770,30064772130,POST_DOMINATE
68719477771,30064772123,POST_DOMINATE
68719477772,68719477774,POST_DOMINATE
68719477773,30064772133,POST_DOMINATE
68719477775,25769804018,POST_DOMINATE
68719477776,30064772136,POST_DOMINATE
68719477777,68719477778,POST_DOMINATE
68719477778,90194313610,POST_DOMINATE
68719477779,68719477780,POST_DOMINATE
68719477780,30064772138,POST_DOMINATE
68719477781,68719477782,POST_DOMINATE
68719477782,68719477783,POST_DOMINATE
68719477783,30064772140,POST_DOMINATE
68719477784,68719477785,POST_DOMINATE
68719477785,68719477786,POST_DOMINATE
68719477786,30064772142,POST_DOMINATE
68719477787,90194313612,POST_DOMINATE
68719477788,30064772144,POST_DOMINATE
68719477789,90194313613,POST_DOMINATE
68719477790,30064772147,POST_DOMINATE
68719477791,107374182431,POST_DOMINATE
68719477792,90194313615,POST_DOMINATE
68719477793,68719477792,POST_DOMINATE
68719477794,30064772154,POST_DOMINATE
68719477795,68719477794,POST_DOMINATE
68719477796,30064772156,POST_DOMINATE
68719477797,68719477796,POST_DOMINATE
68719477798,30064772158,POST_DOMINATE
68719477799,68719477798,POST_DOMINATE
68719477800,68719477801,POST_DOMINATE
68719477801,68719477809,POST_DOMINATE
68719477802,30064772162,POST_DOMINATE
68719477803,30064772163,POST_DOMINATE
68719477804,68719477808,POST_DOMINATE
68719477805,68719477806,POST_DOMINATE
68719477806,25769804023,POST_DOMINATE
68719477807,30064772166,POST_DOMINATE
68719477808,30064772167,POST_DOMINATE
68719477809,25769804022,POST_DOMINATE
68719477810,30064772170,POST_DOMINATE
68719477811,68719477812,POST_DOMINATE
68719477812,107374182432,POST_DOMINATE
68719477813,68719477817,POST_DOMINATE
68719477814,68719477815,POST_DOMINATE
68719477815,30064772172,POST_DOMINATE
68719477816,30064772175,POST_DOMINATE
68719477817,30064772176,POST_DOMINATE
68719477818,25769804026,POST_DOMINATE
68719477819,68719477820,POST_DOMINATE
68719477821,68719477822,POST_DOMINATE
68719477822,30064772180,POST_DOMINATE
68719477823,90194313626,POST_DOMINATE
68719477824,90194313627,POST_DOMINATE
68719477825,90194313628,POST_DOMINATE
68719477826,30064772182,POST_DOMINATE
68719477827,30064772187,POST_DOMINATE
68719477828,30064772188,POST_DOMINATE
68719477829,68719477830,POST_DOMINATE
68719477830,68719477831,POST_DOMINATE
68719477831,90194313629,POST_DOMINATE
68719477832,68719477833,POST_DOMINATE
68719477833,68719477834,POST_DOMINATE
68719477834,30064772190,POST_DOMINATE
68719477835,30064772192,POST_DOMINATE
68719477836,68719477835,POST_DOMINATE
68719477837,68719477839,POST_DOMINATE
68719477838,30064772194,POST_DOMINATE
68719477839,30064772195,POST_DOMINATE
68719477840,68719477841,POST_DOMINATE
68719477841,30064772196,POST_DOMINATE
68719477842,30064772198,POST_DOMINATE
68719477843,30064772199,POST_DOMINATE
68719477844,90194313634,POST_DOMINATE
68719477845,30064772200,POST_DOMINATE
90194313216,68719476748,POST_DOMINATE
90194313217,90194313216,POST_DOMINATE
90194313218,68719476750,POST_DOMINATE
90194313219,90194313218,POST_DOMINATE
90194313220,68719476752,POST_DOMINATE
90194313221,90194313220,POST_DOMINATE
90194313222,68719476754,POST_DOMINATE
90194313223,90194313222,POST_DOMINATE
90194313224,68719476756,POST_DOMINATE
90194313225,90194313224,POST_DOMINATE
90194313226,68719476758,POST_DOMINATE
90194313227,90194313226,POST_DOMINATE
90194313228,68719476760,POST_DOMINATE
90194313229,90194313228,POST_DOMINATE
90194313230,68719476764,POST_DOMINATE
90194313231,68719476766,POST_DOMINATE
90194313232,90194313231,POST_DOMINATE
90194313233,30064771104,POST_DOMINATE
90194313234,30064771110,POST_DOMINATE
90194313235,68719476775,POST_DOMINATE
90194313236,68719476776,POST_DOMINATE
90194313237,68719476777,POST_DOMINATE
90194313238,68719476778,POST_DOMINATE
90194313239,107374182401,POST_DOMINATE
90194313240,25769803781,POST_DOMINATE
90194313241,68719476793,POST_DOMINATE
90194313242,107374182402,POST_DOMINATE
90194313243,68719476809,POST_DOMINATE
90194313244,68719476812,POST_DOMINATE
90194313245,107374182403,POST_DOMINATE
90194313246,68719476833,POST_DOMINATE
90194313247,30064771164,POST_DOMINATE
90194313248,68719476834,POST_DOMINATE
90194313249,30064771166,POST_DOMINATE
90194313250,68719476835,POST_DOMINATE
90194313251,30064771168,POST_DOMINATE
90194313252,68719476836,POST_DOMINATE
90194313253,30064771170,POST_DOMINATE
90194313254,90194313253,POST_DOMINATE
90194313255,68719476839,POST_DOMINATE
90194313256,30064771175,POST_DOMINATE
90194313257,68719476840,POST_DOMINATE
90194313258,30064771177,POST_DOMINATE
90194313259,68719476841,POST_DOMINATE
90194313260,30064771179,POST_DOMINATE
90194313261,68719476842,POST_DOMINATE
90194313262,30064771181,POST_DOMINATE
90194313263,90194313262,POST_DOMINATE
90194313264,68719476853,POST_DOMINATE
90194313265,68719476865,POST_DOMINATE
90194313266,68719476871,POST_DOMINATE
90194313267,30064771211,POST_DOMINATE
90194313268,68719476872,POST_DOMINATE
90194313269,30064771213,POST_DOMINATE
90194313270,68719476873,POST_DOMINATE
90194313271,30064771215,POST_DOMINATE
90194313272,68719476874,POST_DOMINATE
90194313273,68719476876,POST_DOMINATE
90194313274,68719476877,POST_DOMINATE
90194313275,68719476879,POST_DOMINATE
90194313276,30064771222,POST_DOMINATE
90194313277,68719476880,POST_DOMINATE
90194313278,30064771224,POST_DOMINATE
90194313279,68719476881,POST_DOMINATE
90194313280,30064771226,POST_DOMINATE
90194313281,107374182404,POST_DOMINATE
90194313282,47244640268,POST_DOMINATE
90194313282,47244640270,POST_DOMINATE
90194313282,90194313281,POST_DOMINATE
90194313283,68719476905,POST_DOMINATE
90194313284,107374182405,POST_DOMINATE
90194313285,30064771260,POST_DOMINATE
90194313285,90194313284,POST_DOMINATE
90194313286,68719476923,POST_DOMINATE
90194313287,107374182406,POST_DOMINATE
90194313288,25769803818,POST_DOMINATE
90194313288,90194313287,POST_DOMINATE
90194313289,68719476937,POST_DOMINATE
90194313290,107374182407,POST_DOMINATE
90194313291,30064771273,POST_DOMINATE
90194313292,25769803824,POST_DOMINATE
90194313293,68719476961,POST_DOMINATE
90194313294,68719476966,POST_DOMINATE
90194313295,68719476971,POST_DOMINATE
90194313296,107374182412,POST_DOMINATE
90194313297,68719476974,POST_DOMINATE
90194313298,68719476975,POST_DOMINATE
90194313299,68719476978,POST_DOMINATE
90194313300,68719476977,POST_DOMINATE
90194313301,68719476981,POST_DOMINATE
90194313302,68719476980,POST_DOMINATE
90194313303,68719476984,POST_DOMINATE
90194313304,68719476983,POST_DOMINATE
90194313305,68719476988,POST_DOMINATE
90194313306,30064771315,POST_DOMINATE
90194313307,120259084300,POST_DOMINATE
90194313308,68719476994,POST_DOMINATE
90194313309,68719477006,POST_DOMINATE
90194313310,68719477008,POST_DOMINATE
90194313311,25769803839,POST_DOMINATE
90194313312,30064771346,POST_DOMINATE
90194313313,68719477021,POST_DOMINATE
90194313314,68719477027,POST_DOMINATE
90194313315,68719477029,POST_DOMINATE
90194313316,68719477031,POST_DOMINATE
90194313317,68719477033,POST_DOMINATE
90194313318,68719477037,POST_DOMINATE
90194313319,68719477039,POST_DOMINATE
90194313320,68719477041,POST_DOMINATE
90194313321,68719477050,POST_DOMINATE
90194313322,30064771375,POST_DOMINATE
90194313323,107374182414,POST_DOMINATE
90194313324,68719477052,POST_DOMINATE
90194313325,68719477053,POST_DOMINATE
90194313326,68719477069,POST_DOMINATE
90194313327,25769803846,POST_DOMINATE
90194313328,68719477075,POST_DOMINATE
90194313329,90194313328,POST_DOMINATE
90194313330,68719477077,POST_DOMINATE
90194313331,68719477081,POST_DOMINATE
90194313332,30064771405,POST_DOMINATE
90194313333,68719477084,POST_DOMINATE
90194313334,30064771406,POST_DOMINATE
90194313335,30064771407,POST_DOMINATE
90194313336,68719477086,POST_DOMINATE
90194313337,68719477085,POST_DOMINATE
90194313338,68719477094,POST_DOMINATE
90194313339,30064771419,POST_DOMINATE
90194313340,107374182415,POST_DOMINATE
90194313341,68719477096,POST_DOMINATE
90194313342,68719477097,POST_DOMINATE
90194313343,68719477102,POST_DOMINATE
90194313344,68719477108,POST_DOMINATE
90194313345,68719477109,POST_DOMINATE
90194313346,68719477112,POST_DOMINATE
90194313347,90194313346,POST_DOMINATE
90194313348,68719477114,POST_DOMINATE
90194313349,68719477119,POST_DOMINATE
90194313350,68719477118,POST_DOMINATE
90194313351,30064771444,POST_DOMINATE
90194313352,68719477129,POST_DOMINATE
90194313353,30064771453,POST_DOMINATE
90194313354,30064771454,POST_DOMINATE
90194313355,68719477131,POST_DOMINATE
90194313356,68719477130,POST_DOMINATE
90194313357,68719477139,POST_DOMINATE
90194313358,30064771466,POST_DOMINATE
90194313359,107374182416,POST_DOMINATE
90194313360,68719477141,POST_DOMINATE
90194313361,68719477142,POST_DOMINATE
90194313362,68719477143,POST_DOMINATE
90194313363,68719477144,POST_DOMINATE
90194313364,68719477146,POST_DOMINATE
90194313365,68719477147,POST_DOMINATE
90194313366,68719477149,POST_DOMINATE
90194313367,68719477159,POST_DOMINATE
90194313368,68719477156,POST_DOMINATE
90194313369,68719477172,POST_DOMINATE
90194313370,68719477177,POST_DOMINATE
90194313371,25769803871,POST_DOMINATE
90194313372,30064771514,POST_DOMINATE
90194313373,68719477190,POST_DOMINATE
90194313374,68719477192,POST_DOMINATE
90194313375,68719477194,POST_DOMINATE
90194313376,68719477196,POST_DOMINATE
90194313377,68719477206,POST_DOMINATE
90194313378,30064771530,POST_DOMINATE
90194313379,30064771531,POST_DOMINATE
90194313380,68719477207,POST_DOMINATE
90194313381,68719477212,POST_DOMINATE
90194313382,68719477213,POST_DOMINATE
90194313383,68719477225,POST_DOMINATE
90194313384,25769803878,POST_DOMINATE
90194313385,68719477231,POST_DOMINATE
90194313386,68719477236,POST_DOMINATE
90194313387,68719477248,POST_DOMINATE
90194313388,68719477250,POST_DOMINATE
90194313389,68719477249,POST_DOMINATE
90194313390,30064771575,POST_DOMINATE
90194313391,68719477251,POST_DOMINATE
90194313392,68719477263,POST_DOMINATE
90194313393,68719477267,POST_DOMINATE
90194313394,68719477268,POST_DOMINATE
90194313395,68719477269,POST_DOMINATE
90194313396,107374182417,POST_DOMINATE
90194313397,68719477271,POST_DOMINATE
90194313398,68719477293,POST_DOMINATE
90194313399,68719477302,POST_DOMINATE
90194313400,30064771626,POST_DOMINATE
90194313401,68719477304,POST_DOMINATE
90194313402,68719477303,POST_DOMINATE
90194313403,68719477306,POST_DOMINATE
90194313404,68719477305,POST_DOMINATE
90194313405,68719477308,POST_DOMINATE
90194313406,68719477307,POST_DOMINATE
90194313407,68719477313,POST_DOMINATE
90194313408,68719477309,POST_DOMINATE
90194313409,68719477310,POST_DOMINATE
90194313410,68719477314,POST_DOMINATE
90194313411,90194313410,POST_DOMINATE
90194313412,68719477321,POST_DOMINATE
90194313413,107374182418,POST_DOMINATE
90194313414,68719477333,POST_DOMINATE
90194313415,68719477336,POST_DOMINATE
90194313416,68719477337,POST_DOMINATE
90194313417,68719477346,POST_DOMINATE
90194313418,68719477351,POST_DOMINATE
90194313419,68719477347,POST_DOMINATE
90194313420,30064771681,POST_DOMINATE
90194313421,68719477348,POST_DOMINATE
90194313422,30064771683,POST_DOMINATE
90194313423,30064771684,POST_DOMINATE
90194313424,68719477349,POST_DOMINATE
90194313425,30064771686,POST_DOMINATE
90194313426,68719477350,POST_DOMINATE
90194313427,68719477362,POST_DOMINATE
90194313428,68719477363,POST_DOMINATE
90194313429,25769803915,POST_DOMINATE
90194313430,68719477368,POST_DOMINATE
90194313431,30064771708,POST_DOMINATE
90194313432,68719477373,POST_DOMINATE
90194313434,68719477378,POST_DOMINATE
90194313435,68719477375,POST_DOMINATE
90194313436,30064771717,POST_DOMINATE
90194313437,30064771719,POST_DOMINATE
90194313438,68719477379,POST_DOMINATE
90194313439,68719477380,POST_DOMINATE
90194313440,90194313439,POST_DOMINATE
90194313441,107374182419,POST_DOMINATE
90194313442,68719477391,POST_DOMINATE
90194313443,68719477403,POST_DOMINATE
90194313444,25769803924,POST_DOMINATE
90194313445,68719477409,POST_DOMINATE
90194313446,68719477410,POST_DOMINATE
90194313447,68719477412,POST_DOMINATE
90194313448,68719477411,POST_DOMINATE
90194313449,68719477413,POST_DOMINATE
90194313450,68719477414,POST_DOMINATE
90194313451,68719477415,POST_DOMINATE
90194313452,68719477416,POST_DOMINATE
90194313453,68719477421,POST_DOMINATE
90194313454,68719477423,POST_DOMINATE
90194313455,90194313454,POST_DOMINATE
90194313456,68719477434,POST_DOMINATE
90194313457,68719477436,POST_DOMINATE
90194313458,68719477437,POST_DOMINATE
90194313459,68719477439,POST_DOMINATE
90194313460,68719477441,POST_DOMINATE
90194313461,68719477446,POST_DOMINATE
90194313462,107374182420,POST_DOMINATE
90194313463,68719477452,POST_DOMINATE
90194313464,68719477453,POST_DOMINATE
90194313465,68719477457,POST_DOMINATE
90194313466,68719477454,POST_DOMINATE
90194313467,30064771800,POST_DOMINATE
90194313468,68719477455,POST_DOMINATE
90194313469,30064771802,POST_DOMINATE
90194313470,68719477456,POST_DOMINATE
90194313471,68719477462,POST_DOMINATE
90194313472,68719477458,POST_DOMINATE
90194313473,68719477459,POST_DOMINATE
90194313474,68719477469,POST_DOMINATE
90194313475,90194313474,POST_DOMINATE
90194313476,107374182421,POST_DOMINATE
90194313477,68719477475,POST_DOMINATE
90194313478,68719477476,POST_DOMINATE
90194313479,68719477487,POST_DOMINATE
90194313480,68719477493,POST_DOMINATE
90194313481,68719477505,POST_DOMINATE
90194313482,25769803948,POST_DOMINATE
90194313483,68719477511,POST_DOMINATE
90194313484,68719477516,POST_DOMINATE
90194313485,68719477512,POST_DOMINATE
90194313486,68719477513,POST_DOMINATE
90194313487,68719477517,POST_DOMINATE
90194313488,68719477523,POST_DOMINATE
90194313489,25769803955,POST_DOMINATE
90194313490,68719477539,POST_DOMINATE
90194313491,68719477541,POST_DOMINATE
90194313492,68719477542,POST_DOMINATE
90194313493,68719477543,POST_DOMINATE
90194313494,68719477545,POST_DOMINATE
90194313495,68719477547,POST_DOMINATE
90194313496,30064771903,POST_DOMINATE
90194313497,68719477554,POST_DOMINATE
90194313498,107374182422,POST_DOMINATE
90194313499,68719477569,POST_DOMINATE
90194313500,68719477570,POST_DOMINATE
90194313501,25769803962,POST_DOMINATE
90194313502,68719477575,POST_DOMINATE
90194313503,68719477576,POST_DOMINATE
90194313504,68719477581,POST_DOMINATE
90194313505,68719477590,POST_DOMINATE
90194313506,68719477591,POST_DOMINATE
90194313507,25769803967,POST_DOMINATE
90194313508,68719477598,POST_DOMINATE
90194313509,68719477595,POST_DOMINATE
90194313510,30064771951,POST_DOMINATE
90194313511,30064771952,POST_DOMINATE
90194313512,30064771953,POST_DOMINATE
90194313513,68719477597,POST_DOMINATE
90194313514,30064771955,POST_DOMINATE
90194313515,68719477599,POST_DOMINATE
90194313516,30064771970,POST_DOMINATE
90194313516,30064771972,POST_DOMINATE
90194313516,30064771974,POST_DOMINATE
90194313516,30064771976,POST_DOMINATE
90194313516,30064771979,POST_DOMINATE
90194313516,107374182423,POST_DOMINATE
90194313517,68719477601,POST_DOMINATE
90194313518,68719477602,POST_DOMINATE
90194313519,68719477603,POST_DOMINATE
90194313520,68719477604,POST_DOMINATE
90194313521,68719477605,POST_DOMINATE
90194313522,68719477606,POST_DOMINATE
90194313523,68719477607,POST_DOMINATE
90194313524,68719477609,POST_DOMINATE
90194313525,68719477611,POST_DOMINATE
90194313526,68719477613,POST_DOMINATE
90194313527,68719477615,POST_DOMINATE
90194313528,68719477617,POST_DOMINATE
90194313529,68719477618,POST_DOMINATE
90194313530,68719477619,POST_DOMINATE
90194313531,30064771992,POST_DOMINATE
90194313531,30064771994,POST_DOMINATE
90194313531,30064771996,POST_DOMINATE
90194313531,30064771999,POST_DOMINATE
90194313531,107374182424,POST_DOMINATE
90194313532,68719477622,POST_DOMINATE
90194313533,68719477621,POST_DOMINATE
90194313534,30064771982,POST_DOMINATE
90194313535,68719477623,POST_DOMINATE
90194313536,68719477624,POST_DOMINATE
90194313537,68719477625,POST_DOMINATE
90194313538,68719477626,POST_DOMINATE
90194313539,68719477627,POST_DOMINATE
90194313540,68719477629,POST_DOMINATE
90194313541,68719477631,POST_DOMINATE
90194313542,68719477634,POST_DOMINATE
90194313543,68719477637,POST_DOMINATE
90194313544,68719477638,POST_DOMINATE
90194313545,68719477639,POST_DOMINATE
90194313546,30064772010,POST_DOMINATE
90194313546,30064772012,POST_DOMINATE
90194313546,30064772013,POST_DOMINATE
90194313546,68719477657,POST_DOMINATE
90194313546,30064772017,POST_DOMINATE
90194313546,30064772020,POST_DOMINATE
90194313546,30064772001,POST_DOMINATE
90194313547,68719477642,POST_DOMINATE
90194313548,68719477643,POST_DOMINATE
90194313549,68719477644,POST_DOMINATE
90194313550,68719477645,POST_DOMINATE
90194313551,68719477646,POST_DOMINATE
90194313552,68719477647,POST_DOMINATE
90194313553,68719477649,POST_DOMINATE
90194313554,68719477651,POST_DOMINATE
90194313555,68719477654,POST_DOMINATE
90194313556,68719477660,POST_DOMINATE
90194313557,68719477661,POST_DOMINATE
90194313558,68719477662,POST_DOMINATE
90194313559,68719477663,POST_DOMINATE
90194313560,30064772024,POST_DOMINATE
90194313561,68719477667,POST_DOMINATE
90194313562,90194313561,POST_DOMINATE
90194313563,68719477668,POST_DOMINATE
90194313564,90194313563,POST_DOMINATE
90194313565,68719477669,POST_DOMINATE
90194313566,68719477670,POST_DOMINATE
90194313567,90194313566,POST_DOMINATE
90194313568,68719477671,POST_DOMINATE
90194313569,68719477676,POST_DOMINATE
90194313570,68719477680,POST_DOMINATE
90194313571,90194313570,POST_DOMINATE
90194313572,90194313571,POST_DOMINATE
90194313573,68719477681,POST_DOMINATE
90194313574,68719477682,POST_DOMINATE
90194313575,90194313574,POST_DOMINATE
90194313576,68719477683,POST_DOMINATE
90194313577,68719477688,POST_DOMINATE
90194313578,68719477692,POST_DOMINATE
90194313579,90194313578,POST_DOMINATE
90194313580,90194313579,POST_DOMINATE
90194313581,68719477693,POST_DOMINATE
90194313582,68719477694,POST_DOMINATE
90194313583,90194313582,POST_DOMINATE
90194313584,68719477695,POST_DOMINATE
90194313585,68719477700,POST_DOMINATE
90194313586,30064772069,POST_DOMINATE
90194313587,68719477710,POST_DOMINATE
90194313588,90194313587,POST_DOMINATE
90194313589,68719477712,POST_DOMINATE
90194313590,90194313589,POST_DOMINATE
90194313591,68719477714,POST_DOMINATE
90194313592,90194313591,POST_DOMINATE
90194313593,68719477716,POST_DOMINATE
90194313594,90194313593,POST_DOMINATE
90194313595,107374182428,POST_DOMINATE
90194313596,68719477720,POST_DOMINATE
90194313597,30064772080,POST_DOMINATE
90194313598,68719477722,POST_DOMINATE
90194313599,68719477721,POST_DOMINATE
90194313600,68719477724,POST_DOMINATE
90194313601,68719477727,POST_DOMINATE
90194313602,68719477734,POST_DOMINATE
90194313603,68719477738,POST_DOMINATE
90194313604,68719477740,POST_DOMINATE
90194313605,68719477742,POST_DOMINATE
90194313606,68719477744,POST_DOMINATE
90194313607,68719477746,POST_DOMINATE
90194313608,107374182429,POST_DOMINATE
90194313609,68719477763,POST_DOMINATE
90194313610,107374182430,POST_DOMINATE
90194313611,68719477779,POST_DOMINATE
90194313612,68719477788,POST_DOMINATE
90194313613,68719477790,POST_DOMINATE
90194313614,68719477789,POST_DOMINATE
90194313615,30064772152,POST_DOMINATE
90194313616,68719477793,POST_DOMINATE
90194313617,90194313616,POST_DOMINATE
90194313618,68719477795,POST_DOMINATE
90194313619,90194313618,POST_DOMINATE
90194313620,68719477797,POST_DOMINATE
90194313621,90194313620,POST_DOMINATE
90194313622,68719477799,POST_DOMINATE
90194313623,90194313622,POST_DOMINATE
90194313624,68719477803,POST_DOMINATE
90194313626,68719477826,POST_DOMINATE
90194313627,30064772183,POST_DOMINATE
90194313628,30064772184,POST_DOMINATE
90194313629,107374182433,POST_DOMINATE
90194313630,68719477832,POST_DOMINATE
90194313631,68719477840,POST_DOMINATE
90194313632,90194313631,POST_DOMINATE
90194313633,68719477843,POST_DOMINATE
90194313634,68719477845,POST_DOMINATE
120259084288,68719476779,POST_DOMINATE
120259084289,68719476807,POST_DOMINATE
120259084290,68719476826,POST_DOMINATE
120259084291,68719476897,POST_DOMINATE
120259084292,68719476912,POST_DOMINATE
120259084293,68719476924,POST_DOMINATE
120259084294,68719476938,POST_DOMINATE
120259084295,68719476947,POST_DOMINATE
120259084296,68719476958,POST_DOMINATE
120259084297,68719476963,POST_DOMINATE
120259084298,68719476968,POST_DOMINATE
120259084299,68719476973,POST_DOMINATE
120259084300,90194313305,POST_DOMINATE
120259084301,68719477051,POST_DOMINATE
120259084302,68719477095,POST_DOMINATE
120259084303,68719477140,POST_DOMINATE
120259084304,68719477270,POST_DOMINATE
120259084305,68719477322,POST_DOMINATE
120259084306,68719477387,POST_DOMINATE
120259084307,68719477447,POST_DOMINATE
120259084308,68719477470,POST_DOMINATE
120259084309,68719477555,POST_DOMINATE
120259084310,68719477600,POST_DOMINATE
120259084311,68719477620,POST_DOMINATE
120259084312,68719477640,POST_DOMINATE
120259084313,68719477717,POST_DOMINATE
120259084314,68719477761,POST_DOMINATE
120259084315,68719477776,POST_DOMINATE
120259084316,68719477810,POST_DOMINATE
120259084317,68719477828,POST_DOMINATE
124554051584,30064772022,POST_DOMINATE
124554051584,30064772023,POST_DOMINATE
124554051585,30064771128,POST_DOMINATE
124554051585,30064771130,POST_DOMINATE
124554051585,141733920768,POST_DOMINATE
124554051585,25769803784,POST_DOMINATE
124554051585,141733920769,POST_DOMINATE
124554051585,141733920770,POST_DOMINATE
124554051586,25769803792,POST_DOMINATE
124554051587,30064771236,POST_DOMINATE
124554051587,30064771238,POST_DOMINATE
124554051588,90194313282,POST_DOMINATE
124554051588,30064771245,POST_DOMINATE
124554051588,30064771249,POST_DOMINATE
124554051588,141733920771,POST_DOMINATE
124554051589,90194313285,POST_DOMINATE
124554051589,30064771258,POST_DOMINATE
124554051589,141733920772,POST_DOMINATE
124554051590,90194313288,POST_DOMINATE
124554051590,68719476936,POST_DOMINATE
124554051590,141733920773,POST_DOMINATE
124554051591,141733920774,POST_DOMINATE
124554051592,141733920775,POST_DOMINATE
124554051593,141733920776,POST_DOMINATE
124554051594,141733920777,POST_DOMINATE
124554051595,141733920778,POST_DOMINATE
124554051596,30064771333,POST_DOMINATE
124554051596,141733920780,POST_DOMINATE
124554051596,30064771377,POST_DOMINATE
124554051597,141733920779,POST_DOMINATE
124554051598,180388626436,POST_DOMINATE
124554051598,68719477073,POST_DOMINATE
124554051598,30064771404,POST_DOMINATE
124554051598,141733920781,POST_DOMINATE
124554051598,141733920782,POST_DOMINATE
124554051599,180388626438,POST_DOMINATE
124554051599,180388626437,POST_DOMINATE
124554051599,30064771436,POST_DOMINATE
124554051599,30064771442,POST_DOMINATE
124554051599,141733920783,POST_DOMINATE
124554051599,141733920784,POST_DOMINATE
124554051600,30064771473,POST_DOMINATE
124554051600,30064771499,POST_DOMINATE
124554051600,141733920785,POST_DOMINATE
124554051600,30064771534,POST_DOMINATE
124554051600,30064771537,POST_DOMINATE
124554051600,141733920786,POST_DOMINATE
124554051600,30064771556,POST_DOMINATE
124554051600,141733920787,POST_DOMINATE
124554051600,30064771572,POST_DOMINATE
124554051600,141733920788,POST_DOMINATE
124554051600,30064771578,POST_DOMINATE
124554051600,141733920789,POST_DOMINATE
124554051600,30064771595,POST_DOMINATE
124554051600,141733920790,POST_DOMINATE
124554051600,30064771533,POST_DOMINATE
124554051600,30064771594,POST_DOMINATE
124554051600,30064771596,POST_DOMINATE
124554051601,68719477299,POST_DOMINATE
124554051601,25769803904,POST_DOMINATE
124554051601,30064771656,POST_DOMINATE
124554051602,30064771664,POST_DOMINATE
124554051602,141733920791,POST_DOMINATE
124554051602,25769803919,POST_DOMINATE
124554051603,30064771753,POST_DOMINATE
124554051603,141733920792,POST_DOMINATE
124554051603,30064771755,POST_DOMINATE
124554051603,141733920793,POST_DOMINATE
124554051603,30064771768,POST_DOMINATE
124554051603,30064771783,POST_DOMINATE
124554051603,141733920794,POST_DOMINATE
124554051603,30064771792,POST_DOMINATE
124554051604,30064771796,POST_DOMINATE
124554051604,141733920795,POST_DOMINATE
124554051604,30064771821,POST_DOMINATE
124554051605,30064771838,POST_DOMINATE
124554051605,141733920796,POST_DOMINATE
124554051605,30064771843,POST_DOMINATE
124554051605,141733920797,POST_DOMINATE
124554051605,30064771861,POST_DOMINATE
124554051605,141733920798,POST_DOMINATE
124554051605,30064771892,POST_DOMINATE
124554051605,141733920799,POST_DOMINATE
124554051605,30064771908,POST_DOMINATE
124554051606,30064771928,POST_DOMINATE
124554051606,30064771929,POST_DOMINATE
124554051606,30064771930,POST_DOMINATE
124554051606,30064771958,POST_DOMINATE
124554051606,30064771959,POST_DOMINATE
124554051607,30064771969,POST_DOMINATE
124554051607,30064771971,POST_DOMINATE
124554051607,30064771973,POST_DOMINATE
124554051607,30064771975,POST_DOMINATE
124554051607,30064771977,POST_DOMINATE
124554051607,90194313516,POST_DOMINATE
124554051607,47244640354,POST_DOMINATE
124554051608,30064771991,POST_DOMINATE
124554051608,30064771993,POST_DOMINATE
124554051608,30064771995,POST_DOMINATE
124554051608,30064771997,POST_DOMINATE
124554051608,90194313531,POST_DOMINATE
124554051608,47244640360,POST_DOMINATE
124554051609,30064772009,POST_DOMINATE
124554051609,30064772011,POST_DOMINATE
124554051609,30064772014,POST_DOMINATE
124554051609,30064772018,POST_DOMINATE
124554051609,90194313546,POST_DOMINATE
124554051609,47244640368,POST_DOMINATE
124554051610,30064772064,POST_DOMINATE
124554051611,30064772151,POST_DOMINATE
124554051612,141733920800,POST_DOMINATE
124554051613,141733920801,POST_DOMINATE
124554051614,141733920802,POST_DOMINATE
124554051615,30064772201,POST_DOMINATE
124554051616,30064772178,POST_DOMINATE
124554051616,141733920803,POST_DOMINATE
124554051616,141733920804,POST_DOMINATE
124554051617,141733920805,POST_DOMINATE
124554051618,107374182434,POST_DOMINATE
124554051619,107374182435,POST_DOMINATE
124554051620,107374182436,POST_DOMINATE
124554051621,107374182437,POST_DOMINATE
124554051622,107374182438,POST_DOMINATE
124554051623,107374182439,POST_DOMINATE
124554051624,107374182440,POST_DOMINATE
124554051625,107374182441,POST_DOMINATE
124554051626,107374182442,POST_DOMINATE
124554051627,107374182443,POST_DOMINATE
124554051628,107374182444,POST_DOMINATE
124554051629,107374182445,POST_DOMINATE
124554051630,107374182446,POST_DOMINATE
124554051631,107374182447,POST_DOMINATE
124554051632,107374182448,POST_DOMINATE
124554051633,107374182449,POST_DOMINATE
124554051634,107374182450,POST_DOMINATE
124554051635,107374182451,POST_DOMINATE
124554051636,107374182452,POST_DOMINATE
124554051637,107374182453,POST_DOMINATE
124554051638,107374182454,POST_DOMINATE
124554051639,107374182455,POST_DOMINATE
124554051640,107374182456,POST_DOMINATE
141733920769,30064771141,POST_DOMINATE
141733920770,30064771142,POST_DOMINATE
141733920771,68719476911,POST_DOMINATE
141733920772,30064771259,POST_DOMINATE
141733920774,30064771282,POST_DOMINATE
141733920775,25769803827,POST_DOMINATE
141733920776,30064771296,POST_DOMINATE
141733920777,30064771300,POST_DOMINATE
141733920778,30064771304,POST_DOMINATE
141733920779,30064771316,POST_DOMINATE
141733920780,30064771334,POST_DOMINATE
141733920781,90194313332,POST_DOMINATE
141733920782,90194313339,POST_DOMINATE
141733920783,68719477120,POST_DOMINATE
141733920784,90194313358,POST_DOMINATE
141733920785,30064771500,POST_DOMINATE
141733920786,30064771538,POST_DOMINATE
141733920787,30064771557,POST_DOMINATE
141733920788,30064771573,POST_DOMINATE
141733920789,30064771579,POST_DOMINATE
141733920791,30064771665,POST_DOMINATE
141733920792,30064771754,POST_DOMINATE
141733920793,30064771759,POST_DOMINATE
141733920794,30064771786,POST_DOMINATE
141733920795,30064771797,POST_DOMINATE
141733920796,30064771839,POST_DOMINATE
141733920798,30064771862,POST_DOMINATE
141733920799,30064771893,POST_DOMINATE
141733920800,68719477760,POST_DOMINATE
141733920801,25769804019,POST_DOMINATE
141733920802,30064772137,POST_DOMINATE
141733920803,90194313625,POST_DOMINATE
141733920804,68719477827,POST_DOMINATE
141733920805,30064772193,POST_DOMINATE
176093659136,68719476736,POST_DOMINATE
176093659137,68719476737,POST_DOMINATE
176093659138,68719476738,POST_DOMINATE
176093659139,68719476739,POST_DOMINATE
176093659140,68719476740,POST_DOMINATE
176093659141,68719476741,POST_DOMINATE
176093659142,68719476742,POST_DOMINATE
176093659143,68719476743,POST_DOMINATE
176093659144,68719476744,POST_DOMINATE
176093659145,68719476745,POST_DOMINATE
176093659146,68719476746,POST_DOMINATE
176093659147,68719477665,POST_DOMINATE
176093659148,68719477704,POST_DOMINATE
176093659149,68719477705,POST_DOMINATE
176093659150,68719477706,POST_DOMINATE
176093659151,68719477707,POST_DOMINATE
176093659152,68719477708,POST_DOMINATE
176093659153,68719477791,POST_DOMINATE
180388626432,30064771194,POST_DOMINATE
180388626432,30064771197,POST_DOMINATE
180388626433,30064771326,POST_DOMINATE
180388626433,30064771329,POST_DOMINATE
180388626434,30064771339,POST_DOMINATE
180388626434,30064771342,POST_DOMINATE
180388626435,30064771396,POST_DOMINATE
180388626435,30064771387,POST_DOMINATE
180388626435,47244640282,POST_DOMINATE
180388626435,30064771390,POST_DOMINATE
180388626436,30064771409,POST_DOMINATE
180388626436,30064771415,POST_DOMINATE
180388626437,30064771449,POST_DOMINATE
180388626438,30064771456,POST_DOMINATE
180388626438,30064771462,POST_DOMINATE
180388626439,30064771497,POST_DOMINATE
180388626439,30064771483,POST_DOMINATE
180388626439,47244640292,POST_DOMINATE
180388626439,30064771491,POST_DOMINATE
180388626440,30064771507,POST_DOMINATE
180388626440,30064771510,POST_DOMINATE
180388626441,30064771553,POST_DOMINATE
180388626441,30064771544,POST_DOMINATE
180388626441,47244640299,POST_DOMINATE
180388626441,30064771547,POST_DOMINATE
180388626442,30064771565,POST_DOMINATE
180388626442,30064771568,POST_DOMINATE
180388626443,30064771592,POST_DOMINATE
180388626443,30064771583,POST_DOMINATE
180388626443,47244640306,POST_DOMINATE
180388626443,30064771586,POST_DOMINATE
180388626444,30064771623,POST_DOMINATE
180388626444,30064771611,POST_DOMINATE
180388626444,47244640311,POST_DOMINATE
180388626444,30064771614,POST_DOMINATE
180388626445,30064771649,POST_DOMINATE
180388626445,30064771652,POST_DOMINATE
180388626446,30064771671,POST_DOMINATE
180388626446,30064771674,POST_DOMINATE
180388626447,30064771705,POST_DOMINATE
180388626447,30064771695,POST_DOMINATE
180388626447,47244640318,POST_DOMINATE
180388626447,30064771698,POST_DOMINATE
180388626448,30064771726,POST_DOMINATE
180388626448,30064771729,POST_DOMINATE
180388626449,30064771750,POST_DOMINATE
180388626449,30064771741,POST_DOMINATE
180388626449,47244640323,POST_DOMINATE
180388626449,30064771744,POST_DOMINATE
180388626450,30064771813,POST_DOMINATE
180388626450,30064771816,POST_DOMINATE
180388626451,30064771831,POST_DOMINATE
180388626451,30064771834,POST_DOMINATE
180388626452,30064771858,POST_DOMINATE
180388626452,30064771849,POST_DOMINATE
180388626452,47244640335,POST_DOMINATE
180388626452,30064771852,POST_DOMINATE
180388626453,30064771889,POST_DOMINATE
180388626453,30064771875,POST_DOMINATE
180388626453,47244640339,POST_DOMINATE
180388626453,30064771880,POST_DOMINATE
180388626454,30064771925,POST_DOMINATE
180388626454,30064771915,POST_DOMINATE
180388626454,47244640343,POST_DOMINATE
180388626454,30064771918,POST_DOMINATE
180388626455,30064771947,POST_DOMINATE
180388626455,30064771937,POST_DOMINATE
180388626455,47244640347,POST_DOMINATE
180388626455,30064771940,POST_DOMINATE
180388626456,30064772096,POST_DOMINATE
180388626456,30064772112,POST_DOMINATE
180388626456,30064772117,POST_DOMINATE
180388626457,30064772129,POST_DOMINATE
180388626457,30064772132,POST_DOMINATE
