68719476736,IDENTIFIER,1,,,any,1,,1,any,1,1,1,,ANY
68719476737,IDENTIFIER,1,,,input,1,,1,input,1,1,1,,ANY
68719476738,IDENTIFIER,1,,,len,1,,1,len,1,1,1,,ANY
68719476739,IDENTIFIER,1,,,max,1,,1,max,1,1,1,,ANY
68719476740,IDENTIFIER,1,,,next,1,,1,next,1,1,1,,ANY
68719476741,IDENTIFIER,1,,,open,1,,1,open,1,1,1,,ANY
68719476742,IDENTIFIER,1,,,print,1,,1,print,1,1,1,,ANY
68719476743,IDENTIFIER,1,,,range,1,,1,range,1,1,1,,ANY
68719476744,IDENTIFIER,1,,,bool,1,,1,bool,1,1,1,,ANY
68719476745,IDENTIFIER,1,,,int,1,,1,int,1,1,1,,ANY
68719476746,IDENTIFIER,1,,,range,1,,1,range,1,1,1,,ANY
68719476747,IDENTIFIER,1,,,json,1,,1,json,0,11,1,,json.py:<module>
68719476748,IDENTIFIER,-1,,,import,1,,1,import,0,11,0,,ANY
68719476749,IDENTIFIER,1,,,os,1,,2,os,12,21,1,,os.py:<module>
68719476750,IDENTIFIER,-1,,,import,1,,2,import,12,21,0,,ANY
68719476751,IDENTIFIER,1,,,re,1,,3,re,22,31,1,,re.py:<module>
68719476752,IDENTIFIER,-1,,,import,1,,3,import,22,31,0,,ANY
68719476753,IDENTIFIER,1,,,random,1,,4,random,32,45,1,,random.py:<module>
68719476754,IDENTIFIER,-1,,,import,1,,4,import,32,45,0,,ANY
68719476755,IDENTIFIER,1,,,datetime,1,,5,datetime,46,61,1,,datetime.py:<module>
68719476756,IDENTIFIER,-1,,,import,1,,5,import,46,61,0,,ANY
68719476757,IDENTIFIER,1,,,hashlib,1,,6,hashlib,62,76,1,,hashlib.py:<module>
68719476758,IDENTIFIER,-1,,,import,1,,6,import,62,76,0,,ANY
68719476759,IDENTIFIER,1,,,sys,1,,7,sys,77,87,1,,sys.py:<module>
68719476760,IDENTIFIER,-1,,,import,1,,7,import,77,87,0,,ANY
68719476761,IDENTIFIER,1,,,sys,4,,10,sys,192,195,1,,sys.py:<module>
68719476762,IDENTIFIER,1,,,tmp0,4,,10,tmp0,192,222,1,,sys.py:<module>.<member>(platform)
68719476763,IDENTIFIER,1,,,tmp0,4,,10,tmp0,192,222,1,,sys.py:<module>.<member>(platform)
68719476764,IDENTIFIER,0,,,tmp0,4,,10,tmp0,192,222,1,,sys.py:<module>.<member>(platform)
68719476765,IDENTIFIER,1,,,io,5,,11,io,228,237,1,,io.py:<module>
68719476766,IDENTIFIER,-1,,,import,5,,11,import,228,237,0,,ANY
68719476767,IDENTIFIER,1,,,sys,35,,12,sys,272,275,1,,sys.py:<module>
68719476768,IDENTIFIER,1,,,io,18,,12,io,255,257,1,,io.py:<module>
68719476769,IDENTIFIER,0,,,io,18,,12,io,255,257,1,,io.py:<module>
68719476770,IDENTIFIER,1,,,sys,5,,12,sys,242,245,1,,sys.py:<module>
68719476771,IDENTIFIER,1,,,sys,35,,13,sys,343,346,1,,sys.py:<module>
68719476772,IDENTIFIER,1,,,io,18,,13,io,326,328,1,,io.py:<module>
68719476773,IDENTIFIER,0,,,io,18,,13,io,326,328,1,,io.py:<module>
68719476774,IDENTIFIER,1,,,sys,5,,13,sys,313,316,1,,sys.py:<module>
68719476775,IDENTIFIER,1,,,USERS_FILE,1,,16,USERS_FILE,461,471,1,,__builtin.str
68719476776,IDENTIFIER,1,,,CENTERS_FILE,1,,17,CENTERS_FILE,499,511,1,,__builtin.str
68719476777,IDENTIFIER,1,,,RESERVATIONS_FILE,1,,18,RESERVATIONS_FILE,551,568,1,,__builtin.str
68719476778,IDENTIFIER,1,,,MAX_LOGIN_ATTEMPTS,1,,19,MAX_LOGIN_ATTEMPTS,596,614,1,,__builtin.int
68719476779,IDENTIFIER,1,,,_load,1,,23,_load,706,1037,1,,ANY
68719476780,IDENTIFIER,1,,,filepath,23,,25,filepath,826,834,2,,ANY
68719476781,IDENTIFIER,1,,,os,8,,25,os,811,813,1,,os.py:<module>
68719476782,IDENTIFIER,1,,,tmp1,8,,25,tmp1,811,835,1,,os.py:<module>.<member>(path)
68719476783,IDENTIFIER,1,,,tmp1,8,,25,tmp1,811,835,1,,os.py:<module>.<member>(path)
68719476784,IDENTIFIER,0,,,tmp1,8,,25,tmp1,811,835,1,,os.py:<module>.<member>(path)
68719476785,IDENTIFIER,1,,,filepath,53,,25,filepath,856,864,2,,ANY
68719476786,IDENTIFIER,1,,,os,37,,25,os,840,842,1,,os.py:<module>
68719476787,IDENTIFIER,1,,,tmp2,37,,25,tmp2,840,865,1,,os.py:<module>.<member>(path)
68719476788,IDENTIFIER,1,,,tmp2,37,,25,tmp2,840,865,1,,os.py:<module>.<member>(path)
68719476789,IDENTIFIER,0,,,tmp2,37,,25,tmp2,840,865,1,,os.py:<module>.<member>(path)
68719476790,IDENTIFIER,1,,,f,34,,28,f,960,961,2,,ANY
68719476791,IDENTIFIER,1,,,json,24,,28,json,950,954,1,,json.py:<module>
68719476792,IDENTIFIER,0,,,json,24,,28,json,950,954,1,,json.py:<module>
68719476793,IDENTIFIER,1,,,filepath,23,,27,filepath,906,914,1,,ANY
68719476794,IDENTIFIER,-1,,,open,18,,27,open,901,905,0,,ANY
68719476795,IDENTIFIER,1,,,manager_tmp3,18,,27,manager_tmp3,901,920,1,,__builtin.open.<returnValue>
68719476796,IDENTIFIER,1,,,manager_tmp3,18,,27,manager_tmp3,901,920,1,,__builtin.open.<returnValue>
68719476797,IDENTIFIER,1,,,enter_tmp4,18,,27,enter_tmp4,901,920,1,,__builtin.open.<returnValue>.<member>(__enter__)
68719476798,IDENTIFIER,1,,,manager_tmp3,18,,27,manager_tmp3,901,920,1,,__builtin.open.<returnValue>
68719476799,IDENTIFIER,1,,,exit_tmp5,18,,27,exit_tmp5,901,920,1,,__builtin.open.<returnValue>.<member>(__exit__)
68719476800,IDENTIFIER,-1,,,enter_tmp4,18,,27,enter_tmp4,901,920,0,,__builtin.open.<returnValue>.<member>(__enter__)
68719476801,IDENTIFIER,0,,,manager_tmp3,18,,27,manager_tmp3,901,920,1,,__builtin.open.<returnValue>
68719476802,IDENTIFIER,1,,,value_tmp6,18,,27,value_tmp6,901,920,1,,ANY
68719476803,IDENTIFIER,2,,,value_tmp6,18,,27,value_tmp6,901,920,2,,ANY
68719476804,IDENTIFIER,1,,,f,41,,27,f,924,925,1,,ANY
68719476805,IDENTIFIER,-1,,,__exit__,18,,27,__exit__,901,920,0,,ANY
68719476806,IDENTIFIER,0,,,manager_tmp3,18,,27,manager_tmp3,901,920,1,,__builtin.open.<returnValue>
68719476807,IDENTIFIER,1,,,_save,1,,33,_save,1037,1173,1,,ANY
68719476808,IDENTIFIER,1,,,data,19,,36,data,1153,1157,2,,ANY
68719476809,IDENTIFIER,2,,,f,25,,36,f,1159,1160,3,,ANY
68719476810,IDENTIFIER,1,,,json,9,,36,json,1143,1147,1,,json.py:<module>
68719476811,IDENTIFIER,0,,,json,9,,36,json,1143,1147,1,,json.py:<module>
68719476812,IDENTIFIER,1,,,filepath,15,,35,filepath,1114,1122,1,,ANY
68719476813,IDENTIFIER,-1,,,open,10,,35,open,1109,1113,0,,ANY
68719476814,IDENTIFIER,1,,,manager_tmp7,10,,35,manager_tmp7,1109,1128,1,,__builtin.open.<returnValue>
68719476815,IDENTIFIER,1,,,manager_tmp7,10,,35,manager_tmp7,1109,1128,1,,__builtin.open.<returnValue>
68719476816,IDENTIFIER,1,,,enter_tmp8,10,,35,enter_tmp8,1109,1128,1,,__builtin.open.<returnValue>.<member>(__enter__)
68719476817,IDENTIFIER,1,,,manager_tmp7,10,,35,manager_tmp7,1109,1128,1,,__builtin.open.<returnValue>
68719476818,IDENTIFIER,1,,,exit_tmp9,10,,35,exit_tmp9,1109,1128,1,,__builtin.open.<returnValue>.<member>(__exit__)
68719476819,IDENTIFIER,-1,,,enter_tmp8,10,,35,enter_tmp8,1109,1128,0,,__builtin.open.<returnValue>.<member>(__enter__)
68719476820,IDENTIFIER,0,,,manager_tmp7,10,,35,manager_tmp7,1109,1128,1,,__builtin.open.<returnValue>
68719476821,IDENTIFIER,1,,,value_tmp10,10,,35,value_tmp10,1109,1128,1,,ANY
68719476822,IDENTIFIER,2,,,value_tmp10,10,,35,value_tmp10,1109,1128,2,,ANY
68719476823,IDENTIFIER,1,,,f,33,,35,f,1132,1133,1,,ANY
68719476824,IDENTIFIER,-1,,,__exit__,10,,35,__exit__,1109,1128,0,,ANY
68719476825,IDENTIFIER,0,,,manager_tmp7,10,,35,manager_tmp7,1109,1128,1,,__builtin.open.<returnValue>
68719476826,IDENTIFIER,1,,,init_data,1,,38,init_data,1173,2326,1,,ANY
68719476827,IDENTIFIER,1,,,CENTERS_FILE,27,,40,CENTERS_FILE,1289,1301,2,,__builtin.str
68719476828,IDENTIFIER,1,,,os,12,,40,os,1274,1276,1,,os.py:<module>
68719476829,IDENTIFIER,1,,,tmp11,12,,40,tmp11,1274,1302,1,,os.py:<module>.<member>(path)
68719476830,IDENTIFIER,1,,,tmp11,12,,40,tmp11,1274,1302,1,,os.py:<module>.<member>(path)
68719476831,IDENTIFIER,0,,,tmp11,12,,40,tmp11,1274,1302,1,,os.py:<module>.<member>(path)
68719476832,IDENTIFIER,1,,,tmp12,13,,42,tmp12,1344,1450,1,,__builtin.dict
68719476833,IDENTIFIER,1,,,tmp12,13,,42,tmp12,1344,1450,1,,__builtin.dict
68719476834,IDENTIFIER,1,,,tmp12,13,,42,tmp12,1344,1450,1,,__builtin.dict
68719476835,IDENTIFIER,1,,,tmp12,13,,42,tmp12,1344,1450,1,,__builtin.dict
68719476836,IDENTIFIER,1,,,tmp12,13,,42,tmp12,1344,1450,1,,__builtin.dict
68719476837,IDENTIFIER,-1,,,tmp12,13,,42,tmp12,1344,1450,6,,__builtin.dict
68719476838,IDENTIFIER,1,,,tmp13,13,,43,tmp13,1464,1586,1,,__builtin.dict
68719476839,IDENTIFIER,1,,,tmp13,13,,43,tmp13,1464,1586,1,,__builtin.dict
68719476840,IDENTIFIER,1,,,tmp13,13,,43,tmp13,1464,1586,1,,__builtin.dict
68719476841,IDENTIFIER,1,,,tmp13,13,,43,tmp13,1464,1586,1,,__builtin.dict
68719476842,IDENTIFIER,1,,,tmp13,13,,43,tmp13,1464,1586,1,,__builtin.dict
68719476843,IDENTIFIER,-1,,,tmp13,13,,43,tmp13,1464,1586,6,,__builtin.dict
68719476844,IDENTIFIER,1,,,default_centers,9,,41,default_centers,1312,1327,1,,__builtin.list
68719476845,IDENTIFIER,1,,,CENTERS_FILE,15,,45,CENTERS_FILE,1611,1623,1,,__builtin.str
68719476846,IDENTIFIER,2,,,default_centers,29,,45,default_centers,1625,1640,2,,__builtin.list
68719476847,IDENTIFIER,-1,,,_save,9,,45,_save,1605,1610,0,,ANY
68719476848,IDENTIFIER,1,,,USERS_FILE,19,,47,USERS_FILE,1665,1675,1,,__builtin.str
68719476849,IDENTIFIER,-1,,,_load,13,,47,_load,1659,1664,0,,ANY
68719476850,IDENTIFIER,1,,,users,5,,47,users,1651,1656,1,,json.py:<module>.load.<returnValue>
68719476851,IDENTIFIER,1,,,tmp14,16,,48,tmp14,1692,1724,1,,ANY
68719476852,IDENTIFIER,1,,,u,16,,48,u,1692,1693,1,,json.py:<module>.load.<returnValue>.__iter__.<returnValue>.__next__.<returnValue>
68719476853,IDENTIFIER,0,,,u,16,,48,u,1692,1693,1,,json.py:<module>.load.<returnValue>.__iter__.<returnValue>.__next__.<returnValue>
68719476854,IDENTIFIER,1,,,tmp14,16,,48,tmp14,1692,1724,1,,ANY
68719476855,IDENTIFIER,0,,,tmp14,16,,48,tmp14,1692,1724,1,,ANY
68719476856,IDENTIFIER,1,,,users,43,,48,users,1719,1724,1,,json.py:<module>.load.<returnValue>
68719476857,IDENTIFIER,0,,,users,43,,48,users,1719,1724,1,,json.py:<module>.load.<returnValue>
68719476858,IDENTIFIER,1,,,tmp15,16,,48,tmp15,1692,1724,1,,json.py:<module>.load.<returnValue>.__iter__.<returnValue>
68719476859,IDENTIFIER,1,,,tmp15,16,,48,tmp15,1692,1724,1,,json.py:<module>.load.<returnValue>.__iter__.<returnValue>
68719476860,IDENTIFIER,0,,,tmp15,16,,48,tmp15,1692,1724,1,,json.py:<module>.load.<returnValue>.__iter__.<returnValue>
68719476861,IDENTIFIER,1,,,u,38,,48,u,1714,1715,1,,json.py:<module>.load.<returnValue>.__iter__.<returnValue>.__next__.<returnValue>
68719476862,IDENTIFIER,-1,,,tmp14,16,,48,tmp14,1692,1724,3,,ANY
68719476863,IDENTIFIER,-1,,,any,12,,48,any,1688,1691,0,,ANY
68719476864,IDENTIFIER,1,,,os,22,,49,os,1748,1750,1,,os.py:<module>
68719476865,IDENTIFIER,0,,,os,22,,49,os,1748,1750,1,,os.py:<module>
68719476866,IDENTIFIER,1,,,tmp16,22,,49,tmp16,1748,1768,1,,os.py:<module>.urandom.<returnValue>
68719476867,IDENTIFIER,1,,,tmp16,22,,49,tmp16,1748,1768,1,,os.py:<module>.urandom.<returnValue>
68719476868,IDENTIFIER,0,,,tmp16,22,,49,tmp16,1748,1768,1,,os.py:<module>.urandom.<returnValue>
68719476869,IDENTIFIER,1,,,admin_salt,9,,49,admin_salt,1735,1745,1,,os.py:<module>.urandom.<returnValue>.hex
68719476870,IDENTIFIER,1,,,tmp17,22,,50,tmp17,1790,2092,1,,__builtin.dict
68719476871,IDENTIFIER,1,,,tmp17,22,,50,tmp17,1790,2092,1,,__builtin.dict
68719476872,IDENTIFIER,1,,,tmp17,22,,50,tmp17,1790,2092,1,,__builtin.dict
68719476873,IDENTIFIER,1,,,tmp17,22,,50,tmp17,1790,2092,1,,__builtin.dict
68719476874,IDENTIFIER,1,,,tmp17,22,,50,tmp17,1790,2092,1,,__builtin.dict
68719476875,IDENTIFIER,2,,,admin_salt,43,,54,admin_salt,1933,1943,2,,os.py:<module>.urandom.<returnValue>.hex
68719476876,IDENTIFIER,-1,,,_hash,25,,54,_hash,1915,1920,0,,ANY
68719476877,IDENTIFIER,1,,,tmp17,22,,50,tmp17,1790,2092,1,,__builtin.dict
68719476878,IDENTIFIER,2,,,admin_salt,21,,55,admin_salt,1966,1976,2,,os.py:<module>.urandom.<returnValue>.hex
68719476879,IDENTIFIER,1,,,tmp17,22,,50,tmp17,1790,2092,1,,__builtin.dict
68719476880,IDENTIFIER,1,,,tmp17,22,,50,tmp17,1790,2092,1,,__builtin.dict
68719476881,IDENTIFIER,1,,,tmp17,22,,50,tmp17,1790,2092,1,,__builtin.dict
68719476882,IDENTIFIER,-1,,,tmp17,22,,50,tmp17,1790,2092,10,,__builtin.dict
68719476883,IDENTIFIER,1,,,admin_user,9,,50,admin_user,1777,1787,1,,__builtin.dict
68719476884,IDENTIFIER,1,,,admin_user,22,,60,admin_user,2114,2124,2,,__builtin.dict
68719476885,IDENTIFIER,1,,,users,9,,60,users,2101,2106,1,,json.py:<module>.load.<returnValue>
68719476886,IDENTIFIER,0,,,users,9,,60,users,2101,2106,1,,json.py:<module>.load.<returnValue>
68719476887,IDENTIFIER,1,,,USERS_FILE,15,,61,USERS_FILE,2140,2150,1,,__builtin.str
68719476888,IDENTIFIER,2,,,users,27,,61,users,2152,2157,2,,json.py:<module>.load.<returnValue>
68719476889,IDENTIFIER,-1,,,_save,9,,61,_save,2134,2139,0,,ANY
68719476890,IDENTIFIER,1,,,RESERVATIONS_FILE,27,,63,RESERVATIONS_FILE,2186,2203,2,,__builtin.str
68719476891,IDENTIFIER,1,,,os,12,,63,os,2171,2173,1,,os.py:<module>
68719476892,IDENTIFIER,1,,,tmp18,12,,63,tmp18,2171,2204,1,,os.py:<module>.<member>(path)
68719476893,IDENTIFIER,1,,,tmp18,12,,63,tmp18,2171,2204,1,,os.py:<module>.<member>(path)
68719476894,IDENTIFIER,0,,,tmp18,12,,63,tmp18,2171,2204,1,,os.py:<module>.<member>(path)
68719476895,IDENTIFIER,1,,,RESERVATIONS_FILE,15,,64,RESERVATIONS_FILE,2220,2237,1,,__builtin.str
68719476896,IDENTIFIER,-1,,,_save,9,,64,_save,2214,2219,0,,ANY
68719476897,IDENTIFIER,1,,,_ask,1,,68,_ask,2326,2717,1,,ANY
68719476898,IDENTIFIER,1,,,prompt,23,,71,prompt,2490,2496,1,,ANY
68719476899,IDENTIFIER,-1,,,input,17,,71,input,2484,2489,0,,ANY
68719476900,IDENTIFIER,1,,,tmp19,17,,71,tmp19,2484,2505,1,,__builtin.input.<returnValue>
68719476901,IDENTIFIER,1,,,tmp19,17,,71,tmp19,2484,2505,1,,__builtin.input.<returnValue>
68719476902,IDENTIFIER,0,,,tmp19,17,,71,tmp19,2484,2505,1,,__builtin.input.<returnValue>
68719476903,IDENTIFIER,1,,,value,9,,71,value,2476,2481,1,,__builtin.input.<returnValue>.strip
68719476904,IDENTIFIER,1,,,value,16,,72,value,2521,2526,1,,__builtin.input.<returnValue>.strip
68719476905,IDENTIFIER,-1,,,print,13,,73,print,2540,2545,0,,ANY
68719476906,IDENTIFIER,1,,,validator,12,,75,validator,2609,2618,1,,ANY
68719476907,IDENTIFIER,1,,,value,40,,75,value,2637,2642,1,,__builtin.input.<returnValue>.strip
68719476908,IDENTIFIER,-1,,,validator,30,,75,validator,2627,2636,0,,ANY
68719476909,IDENTIFIER,1,,,error_msg,19,,76,error_msg,2663,2672,1,,ANY
68719476910,IDENTIFIER,-1,,,print,13,,76,print,2657,2662,0,,ANY
68719476911,IDENTIFIER,1,,,value,16,,78,value,2710,2715,1,,__builtin.input.<returnValue>.strip
68719476912,IDENTIFIER,1,,,_ask_int,1,,80,_ask_int,2717,2948,1,,ANY
68719476913,IDENTIFIER,1,,,prompt,21,,83,prompt,2831,2837,1,,ANY
68719476914,IDENTIFIER,-1,,,input,15,,83,input,2825,2830,0,,ANY
68719476915,IDENTIFIER,1,,,tmp20,15,,83,tmp20,2825,2846,1,,__builtin.input.<returnValue>
68719476916,IDENTIFIER,1,,,tmp20,15,,83,tmp20,2825,2846,1,,__builtin.input.<returnValue>
68719476917,IDENTIFIER,0,,,tmp20,15,,83,tmp20,2825,2846,1,,__builtin.input.<returnValue>
68719476918,IDENTIFIER,1,,,raw,9,,83,raw,2819,2822,1,,__builtin.input.<returnValue>.strip
68719476919,IDENTIFIER,1,,,raw,12,,84,raw,2858,2861,1,,__builtin.input.<returnValue>.strip
68719476920,IDENTIFIER,0,,,raw,12,,84,raw,2858,2861,1,,__builtin.input.<returnValue>.strip
68719476921,IDENTIFIER,1,,,raw,24,,85,raw,2896,2899,1,,__builtin.input.<returnValue>.strip
68719476922,IDENTIFIER,-1,,,int,20,,85,int,2892,2895,0,,ANY
68719476923,IDENTIFIER,-1,,,print,9,,86,print,2909,2914,0,,ANY
68719476924,IDENTIFIER,1,,,_ask_date,1,,88,_ask_date,2948,3254,1,,ANY
68719476925,IDENTIFIER,1,,,prompt,21,,91,prompt,3071,3077,1,,ANY
68719476926,IDENTIFIER,-1,,,input,15,,91,input,3065,3070,0,,ANY
68719476927,IDENTIFIER,1,,,tmp21,15,,91,tmp21,3065,3086,1,,__builtin.input.<returnValue>
68719476928,IDENTIFIER,1,,,tmp21,15,,91,tmp21,3065,3086,1,,__builtin.input.<returnValue>
68719476929,IDENTIFIER,0,,,tmp21,15,,91,tmp21,3065,3086,1,,__builtin.input.<returnValue>
68719476930,IDENTIFIER,1,,,raw,9,,91,raw,3059,3062,1,,__builtin.input.<returnValue>.strip
68719476931,IDENTIFIER,1,,,raw,41,,93,raw,3140,3143,2,,__builtin.input.<returnValue>.strip
68719476932,IDENTIFIER,1,,,datetime,13,,93,datetime,3112,3120,1,,datetime.py:<module>
68719476933,IDENTIFIER,1,,,tmp22,13,,93,tmp22,3112,3144,1,,datetime.py:<module>.<member>(date)
68719476934,IDENTIFIER,1,,,tmp22,13,,93,tmp22,3112,3144,1,,datetime.py:<module>.<member>(date)
68719476935,IDENTIFIER,0,,,tmp22,13,,93,tmp22,3112,3144,1,,datetime.py:<module>.<member>(date)
68719476936,IDENTIFIER,1,,,raw,20,,94,raw,3164,3167,1,,__builtin.input.<returnValue>.strip
68719476937,IDENTIFIER,-1,,,print,13,,96,print,3207,3212,0,,ANY
68719476938,IDENTIFIER,1,,,_confirm,1,,98,_confirm,3254,3392,1,,ANY
68719476939,IDENTIFIER,1,,,prompt,21,,100,prompt,3350,3356,1,,ANY
68719476940,IDENTIFIER,-1,,,input,12,,100,input,3341,3346,0,,ANY
68719476941,IDENTIFIER,1,,,tmp24,12,,100,tmp24,3341,3375,1,,__builtin.input.<returnValue>
68719476942,IDENTIFIER,1,,,tmp24,12,,100,tmp24,3341,3375,1,,__builtin.input.<returnValue>
68719476943,IDENTIFIER,0,,,tmp24,12,,100,tmp24,3341,3375,1,,__builtin.input.<returnValue>
68719476944,IDENTIFIER,1,,,tmp23,12,,100,tmp23,3341,3383,1,,__builtin.input.<returnValue>.strip
68719476945,IDENTIFIER,1,,,tmp23,12,,100,tmp23,3341,3383,1,,__builtin.input.<returnValue>.strip
68719476946,IDENTIFIER,0,,,tmp23,12,,100,tmp23,3341,3383,1,,__builtin.input.<returnValue>.strip
68719476947,IDENTIFIER,1,,,_hash,1,,102,_hash,3392,3571,1,,ANY
68719476948,IDENTIFIER,1,,,password,28,__builtin.input.<returnValue>.strip;__builtin.input.<returnValue>,103,password,3449,3457,1,,ANY
68719476949,IDENTIFIER,2,,,salt,39,os.py:<module>.urandom.<returnValue>.hex;__builtin.next.<returnValue>.get.<returnValue>;json.py:<module>.load.<returnValue>.__iter__.<returnValue>.__next__.<returnValue>.get.<returnValue>,103,salt,3460,3464,2,,ANY
68719476950,IDENTIFIER,1,,,tmp26,28,,103,tmp26,3449,3474,1,,ANY
68719476951,IDENTIFIER,1,,,tmp26,28,,103,tmp26,3449,3474,1,,ANY
68719476952,IDENTIFIER,0,,,tmp26,28,,103,tmp26,3449,3474,1,,ANY
68719476953,IDENTIFIER,1,,,hashlib,12,,103,hashlib,3433,3440,1,,hashlib.py:<module>
68719476954,IDENTIFIER,0,,,hashlib,12,,103,hashlib,3433,3440,1,,hashlib.py:<module>
68719476955,IDENTIFIER,1,,,tmp25,12,,103,tmp25,3433,3487,1,,hashlib.py:<module>.sha256.<returnValue>
68719476956,IDENTIFIER,1,,,tmp25,12,,103,tmp25,3433,3487,1,,hashlib.py:<module>.sha256.<returnValue>
68719476957,IDENTIFIER,0,,,tmp25,12,,103,tmp25,3433,3487,1,,hashlib.py:<module>.sha256.<returnValue>
68719476958,IDENTIFIER,1,,,_valid_email,1,,107,_valid_email,3571,3668,1,,ANY
68719476959,IDENTIFIER,2,,,email,64,,108,email,3659,3664,3,,__builtin.input.<returnValue>.strip
68719476960,IDENTIFIER,1,,,re,17,,108,re,3612,3614,1,,re.py:<module>
68719476961,IDENTIFIER,0,,,re,17,,108,re,3612,3614,1,,re.py:<module>
68719476962,IDENTIFIER,-1,,,bool,12,,108,bool,3607,3611,0,,ANY
68719476963,IDENTIFIER,1,,,_valid_phone,1,,110,_valid_phone,3668,3751,1,,ANY
68719476964,IDENTIFIER,2,,,phone,50,,111,phone,3742,3747,3,,__builtin.input.<returnValue>.strip
68719476965,IDENTIFIER,1,,,re,17,,111,re,3709,3711,1,,re.py:<module>
68719476966,IDENTIFIER,0,,,re,17,,111,re,3709,3711,1,,re.py:<module>
68719476967,IDENTIFIER,-1,,,bool,12,,111,bool,3704,3708,0,,ANY
68719476968,IDENTIFIER,1,,,_valid_national_id,1,,113,_valid_national_id,3751,3910,1,,ANY
68719476969,IDENTIFIER,2,,,nid,42,,114,nid,3821,3824,3,,ANY
68719476970,IDENTIFIER,1,,,re,17,,114,re,3796,3798,1,,re.py:<module>
68719476971,IDENTIFIER,0,,,re,17,,114,re,3796,3798,1,,re.py:<module>
68719476972,IDENTIFIER,-1,,,bool,12,,114,bool,3791,3795,0,,ANY
68719476973,IDENTIFIER,1,,,register_user,1,,118,register_user,3910,5150,1,,ANY
68719476974,IDENTIFIER,-1,,,print,5,,120,print,3983,3988,0,,ANY
68719476975,IDENTIFIER,-1,,,_ask,19,,121,_ask,4059,4063,0,,ANY
68719476976,IDENTIFIER,1,,,name,5,,121,name,4045,4049,1,,__builtin.input.<returnValue>.strip
68719476977,IDENTIFIER,2,,,_valid_email,41,,122,_valid_email,4119,4131,2,,ANY
68719476978,IDENTIFIER,-1,,,_ask,19,,122,_ask,4097,4101,0,,ANY
68719476979,IDENTIFIER,1,,,email,5,,122,email,4083,4088,1,,__builtin.input.<returnValue>.strip
68719476980,IDENTIFIER,2,,,_valid_phone,41,,123,_valid_phone,4211,4223,2,,ANY
68719476981,IDENTIFIER,-1,,,_ask,19,,123,_ask,4189,4193,0,,ANY
68719476982,IDENTIFIER,1,,,phone,5,,123,phone,4175,4180,1,,__builtin.input.<returnValue>.strip
68719476983,IDENTIFIER,2,,,_valid_national_id,41,,124,_valid_national_id,4316,4334,2,,ANY
68719476984,IDENTIFIER,-1,,,_ask,19,,124,_ask,4294,4298,0,,ANY
68719476985,IDENTIFIER,1,,,national_id,5,,124,national_id,4280,4291,1,,__builtin.input.<returnValue>.strip
68719476986,IDENTIFIER,1,,,p,38,,126,p,4461,4462,1,,ANY
68719476987,IDENTIFIER,-1,,,len,34,,126,len,4457,4460,0,,ANY
68719476988,IDENTIFIER,-1,,,_ask,19,,125,_ask,4391,4395,0,,ANY
68719476989,IDENTIFIER,1,,,password,5,__builtin.input.<returnValue>.strip;__builtin.input.<returnValue>,125,password,4377,4385,1,,ANY
68719476990,IDENTIFIER,1,,,USERS_FILE,19,,128,USERS_FILE,4532,4542,1,,__builtin.str
68719476991,IDENTIFIER,-1,,,_load,13,,128,_load,4526,4531,0,,ANY
68719476992,IDENTIFIER,1,,,users,5,,128,users,4518,4523,1,,json.py:<module>.load.<returnValue>
68719476993,IDENTIFIER,1,,,tmp27,12,,131,tmp27,4588,4622,1,,ANY
68719476994,IDENTIFIER,1,,,u,12,,131,u,4588,4589,1,,json.py:<module>.load.<returnValue>.__iter__.<returnValue>.__next__.<returnValue>
68719476995,IDENTIFIER,2,,,email,26,,131,email,4602,4607,2,,__builtin.input.<returnValue>.strip
68719476996,IDENTIFIER,1,,,tmp27,12,,131,tmp27,4588,4622,1,,ANY
68719476997,IDENTIFIER,0,,,tmp27,12,,131,tmp27,4588,4622,1,,ANY
68719476998,IDENTIFIER,1,,,users,41,,131,users,4617,4622,1,,json.py:<module>.load.<returnValue>
68719476999,IDENTIFIER,0,,,users,41,,131,users,4617,4622,1,,json.py:<module>.load.<returnValue>
68719477000,IDENTIFIER,1,,,tmp28,12,,131,tmp28,4588,4622,1,,json.py:<module>.load.<returnValue>.__iter__.<returnValue>
68719477001,IDENTIFIER,1,,,tmp28,12,,131,tmp28,4588,4622,1,,json.py:<module>.load.<returnValue>.__iter__.<returnValue>
68719477002,IDENTIFIER,0,,,tmp28,12,,131,tmp28,4588,4622,1,,json.py:<module>.load.<returnValue>.__iter__.<returnValue>
68719477003,IDENTIFIER,1,,,u,36,,131,u,4612,4613,1,,json.py:<module>.load.<returnValue>.__iter__.<returnValue>.__next__.<returnValue>
68719477004,IDENTIFIER,-1,,,tmp27,12,,131,tmp27,4588,4622,3,,ANY
68719477005,IDENTIFIER,-1,,,any,8,,131,any,4584,4587,0,,ANY
68719477006,IDENTIFIER,-1,,,print,9,,132,print,4633,4638,0,,ANY
68719477007,IDENTIFIER,1,,,tmp29,19,,135,tmp29,4719,4743,1,,ANY
68719477008,IDENTIFIER,1,,,u,20,,135,u,4720,4721,1,,json.py:<module>.load.<returnValue>.__iter__.<returnValue>.__next__.<returnValue>
68719477009,IDENTIFIER,1,,,tmp29,19,,135,tmp29,4719,4743,1,,ANY
68719477010,IDENTIFIER,0,,,tmp29,19,,135,tmp29,4719,4743,1,,ANY
68719477011,IDENTIFIER,1,,,users,37,,135,users,4737,4742,1,,json.py:<module>.load.<returnValue>
68719477012,IDENTIFIER,0,,,users,37,,135,users,4737,4742,1,,json.py:<module>.load.<returnValue>
68719477013,IDENTIFIER,1,,,tmp30,19,,135,tmp30,4719,4743,1,,json.py:<module>.load.<returnValue>.__iter__.<returnValue>
68719477014,IDENTIFIER,1,,,tmp30,19,,135,tmp30,4719,4743,1,,json.py:<module>.load.<returnValue>.__iter__.<returnValue>
68719477015,IDENTIFIER,0,,,tmp30,19,,135,tmp30,4719,4743,1,,json.py:<module>.load.<returnValue>.__iter__.<returnValue>
68719477016,IDENTIFIER,1,,,u,32,,135,u,4732,4733,1,,json.py:<module>.load.<returnValue>.__iter__.<returnValue>.__next__.<returnValue>
68719477017,IDENTIFIER,-1,,,tmp29,19,,135,tmp29,4719,4743,3,,ANY
68719477018,IDENTIFIER,-1,,,max,15,,135,max,4715,4718,0,,ANY
68719477019,IDENTIFIER,1,,,user_id,5,,135,user_id,4705,4712,1,,__builtin.int<meta>.<returnValue>
68719477020,IDENTIFIER,1,,,os,15,,136,os,4774,4776,1,,os.py:<module>
68719477021,IDENTIFIER,0,,,os,15,,136,os,4774,4776,1,,os.py:<module>
68719477022,IDENTIFIER,1,,,tmp31,15,,136,tmp31,4774,4794,1,,os.py:<module>.urandom.<returnValue>
68719477023,IDENTIFIER,1,,,tmp31,15,,136,tmp31,4774,4794,1,,os.py:<module>.urandom.<returnValue>
68719477024,IDENTIFIER,0,,,tmp31,15,,136,tmp31,4774,4794,1,,os.py:<module>.urandom.<returnValue>
68719477025,IDENTIFIER,1,,,salt,5,os.py:<module>.urandom.<returnValue>.hex;__builtin.next.<returnValue>.get.<returnValue>;json.py:<module>.load.<returnValue>.__iter__.<returnValue>.__next__.<returnValue>.get.<returnValue>,136,salt,4764,4768,1,,ANY
68719477026,IDENTIFIER,1,,,tmp32,18,,137,tmp32,4812,5051,1,,__builtin.dict
68719477027,IDENTIFIER,1,,,tmp32,18,,137,tmp32,4812,5051,1,,__builtin.dict
68719477028,IDENTIFIER,2,,,user_id,24,,138,user_id,4837,4844,2,,__builtin.int<meta>.<returnValue>
68719477029,IDENTIFIER,1,,,tmp32,18,,137,tmp32,4812,5051,1,,__builtin.dict
68719477030,IDENTIFIER,2,,,name,24,,139,name,4869,4873,2,,__builtin.input.<returnValue>.strip
68719477031,IDENTIFIER,1,,,tmp32,18,,137,tmp32,4812,5051,1,,__builtin.dict
68719477032,IDENTIFIER,2,,,email,24,,140,email,4898,4903,2,,__builtin.input.<returnValue>.strip
68719477033,IDENTIFIER,1,,,tmp32,18,,137,tmp32,4812,5051,1,,__builtin.dict
68719477034,IDENTIFIER,1,,,password,30,__builtin.input.<returnValue>.strip;__builtin.input.<returnValue>,141,password,4934,4942,1,,ANY
68719477035,IDENTIFIER,2,,,salt,40,os.py:<module>.urandom.<returnValue>.hex;__builtin.next.<returnValue>.get.<returnValue>;json.py:<module>.load.<returnValue>.__iter__.<returnValue>.__next__.<returnValue>.get.<returnValue>,141,salt,4944,4948,2,,ANY
68719477036,IDENTIFIER,-1,,,_hash,24,,141,_hash,4928,4933,0,,ANY
68719477037,IDENTIFIER,1,,,tmp32,18,,137,tmp32,4812,5051,1,,__builtin.dict
68719477038,IDENTIFIER,2,,,salt,24,os.py:<module>.urandom.<returnValue>.hex;__builtin.next.<returnValue>.get.<returnValue>;json.py:<module>.load.<returnValue>.__iter__.<returnValue>.__next__.<returnValue>.get.<returnValue>,142,salt,4974,4978,2,,ANY
68719477039,IDENTIFIER,1,,,tmp32,18,,137,tmp32,4812,5051,1,,__builtin.dict
68719477040,IDENTIFIER,2,,,phone,24,,143,phone,5003,5008,2,,__builtin.input.<returnValue>.strip
68719477041,IDENTIFIER,1,,,tmp32,18,,137,tmp32,4812,5051,1,,__builtin.dict
68719477042,IDENTIFIER,2,,,national_id,24,,144,national_id,5033,5044,2,,__builtin.input.<returnValue>.strip
68719477043,IDENTIFIER,-1,,,tmp32,18,,137,tmp32,4812,5051,9,,__builtin.dict
68719477044,IDENTIFIER,1,,,users,5,,137,users,4799,4804,1,,json.py:<module>.load.<returnValue>
68719477045,IDENTIFIER,0,,,users,5,,137,users,4799,4804,1,,json.py:<module>.load.<returnValue>
68719477046,IDENTIFIER,1,,,USERS_FILE,11,,146,USERS_FILE,5063,5073,1,,__builtin.str
68719477047,IDENTIFIER,2,,,users,23,,146,users,5075,5080,2,,json.py:<module>.load.<returnValue>
68719477048,IDENTIFIER,-1,,,_save,5,,146,_save,5057,5062,0,,ANY
68719477049,IDENTIFIER,1,,,user_id,55,,147,user_id,5136,5143,1,,__builtin.int<meta>.<returnValue>
68719477050,IDENTIFIER,-1,,,print,5,,147,print,5086,5091,0,,ANY
68719477051,IDENTIFIER,1,,,login_admin,1,,150,login_admin,5150,5823,1,,ANY
68719477052,IDENTIFIER,-1,,,print,5,,152,print,5245,5250,0,,ANY
68719477053,IDENTIFIER,-1,,,input,20,,154,input,5375,5380,0,,ANY
68719477054,IDENTIFIER,1,,,password,9,__builtin.input.<returnValue>.strip;__builtin.input.<returnValue>,154,password,5364,5372,1,,ANY
68719477055,IDENTIFIER,1,,,USERS_FILE,26,,155,USERS_FILE,5426,5436,1,,__builtin.str
68719477056,IDENTIFIER,-1,,,_load,20,,155,_load,5420,5425,0,,ANY
68719477057,IDENTIFIER,1,,,users,9,,155,users,5409,5414,1,,json.py:<module>.load.<returnValue>
68719477058,IDENTIFIER,1,,,tmp33,25,,156,tmp33,5462,5501,1,,ANY
68719477059,IDENTIFIER,1,,,u,26,,156,u,5463,5464,2,,json.py:<module>.load.<returnValue>.__iter__.<returnValue>.__next__.<returnValue>
68719477060,IDENTIFIER,1,,,tmp33,25,,156,tmp33,5462,5501,1,,ANY
68719477061,IDENTIFIER,0,,,tmp33,25,,156,tmp33,5462,5501,1,,ANY
68719477062,IDENTIFIER,1,,,users,37,,156,users,5474,5479,1,,json.py:<module>.load.<returnValue>
68719477063,IDENTIFIER,0,,,users,37,,156,users,5474,5479,1,,json.py:<module>.load.<returnValue>
68719477064,IDENTIFIER,1,,,tmp34,25,,156,tmp34,5462,5501,1,,json.py:<module>.load.<returnValue>.__iter__.<returnValue>
68719477065,IDENTIFIER,1,,,tmp34,25,,156,tmp34,5462,5501,1,,json.py:<module>.load.<returnValue>.__iter__.<returnValue>
68719477066,IDENTIFIER,0,,,tmp34,25,,156,tmp34,5462,5501,1,,json.py:<module>.load.<returnValue>.__iter__.<returnValue>
68719477067,IDENTIFIER,1,,,u,32,,156,u,5469,5470,1,,json.py:<module>.load.<returnValue>.__iter__.<returnValue>.__next__.<returnValue>
68719477068,IDENTIFIER,1,,,u,46,,156,u,5483,5484,1,,json.py:<module>.load.<returnValue>.__iter__.<returnValue>.__next__.<returnValue>
68719477069,IDENTIFIER,0,,,u,46,,156,u,5483,5484,1,,json.py:<module>.load.<returnValue>.__iter__.<returnValue>.__next__.<returnValue>
68719477070,IDENTIFIER,-1,,,tmp33,25,,156,tmp33,5462,5501,3,,ANY
68719477071,IDENTIFIER,-1,,,next,20,,156,next,5457,5461,0,,ANY
68719477072,IDENTIFIER,1,,,admin,9,,156,admin,5446,5451,1,,__builtin.next.<returnValue>
68719477073,IDENTIFIER,-1,,,admin,12,,157,admin,5520,5525,1,,__builtin.next.<returnValue>
68719477074,IDENTIFIER,1,,,admin,20,,158,admin,5546,5551,1,,__builtin.next.<returnValue>
68719477075,IDENTIFIER,0,,,admin,20,,158,admin,5546,5551,1,,__builtin.next.<returnValue>
68719477076,IDENTIFIER,1,,,salt,13,os.py:<module>.urandom.<returnValue>.hex;__builtin.next.<returnValue>.get.<returnValue>;json.py:<module>.load.<returnValue>.__iter__.<returnValue>.__next__.<returnValue>.get.<returnValue>,158,salt,5539,5543,1,,ANY
68719477077,IDENTIFIER,1,,,admin,16,,159,admin,5583,5588,1,,__builtin.next.<returnValue>
68719477078,IDENTIFIER,1,,,password,43,__builtin.input.<returnValue>.strip;__builtin.input.<returnValue>,159,password,5610,5618,1,,ANY
68719477079,IDENTIFIER,2,,,salt,53,os.py:<module>.urandom.<returnValue>.hex;__builtin.next.<returnValue>.get.<returnValue>;json.py:<module>.load.<returnValue>.__iter__.<returnValue>.__next__.<returnValue>.get.<returnValue>,159,salt,5620,5624,2,,ANY
68719477080,IDENTIFIER,-1,,,_hash,37,,159,_hash,5604,5609,0,,ANY
68719477081,IDENTIFIER,-1,,,print,17,,160,print,5643,5648,0,,ANY
68719477082,IDENTIFIER,1,,,attempt,35,__builtin.range.<returnValue>.__iter__.__next__.<returnValue>;__builtin.range<meta>.<returnValue>.__iter__.__next__.<returnValue>,162,attempt,5732,5739,1,,ANY
68719477083,IDENTIFIER,1,,,MAX_LOGIN_ATTEMPTS,45,,162,MAX_LOGIN_ATTEMPTS,5742,5760,1,,__builtin.int
68719477084,IDENTIFIER,-1,,,print,9,,162,print,5706,5711,0,,ANY
68719477085,IDENTIFIER,1,,,MAX_LOGIN_ATTEMPTS,29,,153,MAX_LOGIN_ATTEMPTS,5331,5349,1,,__builtin.int
68719477086,IDENTIFIER,-1,,,range,20,,153,range,5322,5327,0,,ANY
68719477087,IDENTIFIER,1,,,tmp36,5,__builtin.range.<returnValue>;__builtin.range<meta>.<returnValue>,153,tmp36,5307,5769,1,,ANY
68719477088,IDENTIFIER,1,,,tmp36,5,__builtin.range.<returnValue>;__builtin.range<meta>.<returnValue>,153,tmp36,5307,5769,1,,ANY
68719477089,IDENTIFIER,0,,,tmp36,5,__builtin.range.<returnValue>;__builtin.range<meta>.<returnValue>,153,tmp36,5307,5769,1,,ANY
68719477090,IDENTIFIER,1,,,tmp35,5,__builtin.range.<returnValue>.__iter__;__builtin.range<meta>.<returnValue>.__iter__,153,tmp35,5307,5769,1,,ANY
68719477091,IDENTIFIER,1,,,tmp35,5,__builtin.range.<returnValue>.__iter__;__builtin.range<meta>.<returnValue>.__iter__,153,tmp35,5307,5769,1,,ANY
68719477092,IDENTIFIER,0,,,tmp35,5,__builtin.range.<returnValue>.__iter__;__builtin.range<meta>.<returnValue>.__iter__,153,tmp35,5307,5769,1,,ANY
68719477093,IDENTIFIER,1,,,attempt,9,__builtin.range.<returnValue>.__iter__.__next__.<returnValue>;__builtin.range<meta>.<returnValue>.__iter__.__next__.<returnValue>,153,attempt,5311,5318,1,,ANY
68719477094,IDENTIFIER,-1,,,print,5,,163,print,5769,5774,0,,ANY
68719477095,IDENTIFIER,1,,,login_user,1,,167,login_user,5823,6753,1,,ANY
68719477096,IDENTIFIER,-1,,,print,5,,169,print,5931,5936,0,,ANY
68719477097,IDENTIFIER,-1,,,input,20,,171,input,6061,6066,0,,ANY
68719477098,IDENTIFIER,1,,,tmp37,20,,171,tmp37,6061,6085,1,,__builtin.input.<returnValue>
68719477099,IDENTIFIER,1,,,tmp37,20,,171,tmp37,6061,6085,1,,__builtin.input.<returnValue>
68719477100,IDENTIFIER,0,,,tmp37,20,,171,tmp37,6061,6085,1,,__builtin.input.<returnValue>
68719477101,IDENTIFIER,1,,,email,9,,171,email,6050,6055,1,,__builtin.input.<returnValue>.strip
68719477102,IDENTIFIER,-1,,,input,20,,172,input,6105,6110,0,,ANY
68719477103,IDENTIFIER,1,,,password,9,__builtin.input.<returnValue>.strip;__builtin.input.<returnValue>,172,password,6094,6102,1,,ANY
68719477104,IDENTIFIER,1,,,USERS_FILE,26,,173,USERS_FILE,6150,6160,1,,__builtin.str
68719477105,IDENTIFIER,-1,,,_load,20,,173,_load,6144,6149,0,,ANY
68719477106,IDENTIFIER,1,,,users,9,,173,users,6133,6138,1,,json.py:<module>.load.<returnValue>
68719477107,IDENTIFIER,1,,,user,20,json.py:<module>.load.<returnValue>.__iter__.<returnValue>.__next__.<returnValue>;Project.py:<module>._load.<returnValue>.__iter__.<returnValue>.__next__.<returnValue>;Project.py:<module>.login_user.<returnValue>,176,user,6297,6301,1,,ANY
68719477108,IDENTIFIER,0,,,user,20,json.py:<module>.load.<returnValue>.__iter__.<returnValue>.__next__.<returnValue>;Project.py:<module>._load.<returnValue>.__iter__.<returnValue>.__next__.<returnValue>;Project.py:<module>.login_user.<returnValue>,176,user,6297,6301,1,,ANY
68719477109,IDENTIFIER,1,,,user,45,json.py:<module>.load.<returnValue>.__iter__.<returnValue>.__next__.<returnValue>;Project.py:<module>._load.<returnValue>.__iter__.<returnValue>.__next__.<returnValue>;Project.py:<module>.login_user.<returnValue>,176,user,6322,6326,1,,ANY
68719477110,IDENTIFIER,2,,,email,62,,176,email,6339,6344,2,,__builtin.input.<returnValue>.strip
68719477111,IDENTIFIER,1,,,user,24,json.py:<module>.load.<returnValue>.__iter__.<returnValue>.__next__.<returnValue>;Project.py:<module>._load.<returnValue>.__iter__.<returnValue>.__next__.<returnValue>;Project.py:<module>.login_user.<returnValue>,177,user,6369,6373,1,,ANY
68719477112,IDENTIFIER,0,,,user,24,json.py:<module>.load.<returnValue>.__iter__.<returnValue>.__next__.<returnValue>;Project.py:<module>._load.<returnValue>.__iter__.<returnValue>.__next__.<returnValue>;Project.py:<module>.login_user.<returnValue>,177,user,6369,6373,1,,ANY
68719477113,IDENTIFIER,1,,,salt,17,os.py:<module>.urandom.<returnValue>.hex;__builtin.next.<returnValue>.get.<returnValue>;json.py:<module>.load.<returnValue>.__iter__.<returnValue>.__next__.<returnValue>.get.<returnValue>,177,salt,6362,6366,1,,ANY
68719477114,IDENTIFIER,1,,,user,20,json.py:<module>.load.<returnValue>.__iter__.<returnValue>.__next__.<returnValue>;Project.py:<module>._load.<returnValue>.__iter__.<returnValue>.__next__.<returnValue>;Project.py:<module>.login_user.<returnValue>,178,user,6409,6413,1,,ANY
68719477115,IDENTIFIER,1,,,password,46,__builtin.input.<returnValue>.strip;__builtin.input.<returnValue>,178,password,6435,6443,1,,ANY
68719477116,IDENTIFIER,2,,,salt,56,os.py:<module>.urandom.<returnValue>.hex;__builtin.next.<returnValue>.get.<returnValue>;json.py:<module>.load.<returnValue>.__iter__.<returnValue>.__next__.<returnValue>.get.<returnValue>,178,salt,6445,6449,2,,ANY
68719477117,IDENTIFIER,-1,,,_hash,40,,178,_hash,6429,6434,0,,ANY
68719477118,IDENTIFIER,1,,,user,39,json.py:<module>.load.<returnValue>.__iter__.<returnValue>.__next__.<returnValue>;Project.py:<module>._load.<returnValue>.__iter__.<returnValue>.__next__.<returnValue>;Project.py:<module>.login_user.<returnValue>,179,user,6490,6494,1,,ANY
68719477119,IDENTIFIER,-1,,,print,21,,179,print,6472,6477,0,,ANY
68719477120,IDENTIFIER,1,,,user,28,json.py:<module>.load.<returnValue>.__iter__.<returnValue>.__next__.<returnValue>;Project.py:<module>._load.<returnValue>.__iter__.<returnValue>.__next__.<returnValue>;Project.py:<module>.login_user.<returnValue>,180,user,6534,6538,1,,ANY
68719477121,IDENTIFIER,1,,,users,21,,174,users,6182,6187,1,,json.py:<module>.load.<returnValue>
68719477122,IDENTIFIER,0,,,users,21,,174,users,6182,6187,1,,json.py:<module>.load.<returnValue>
68719477123,IDENTIFIER,1,,,tmp38,9,,174,tmp38,6170,6547,1,,json.py:<module>.load.<returnValue>.__iter__.<returnValue>
68719477124,IDENTIFIER,1,,,tmp38,9,,174,tmp38,6170,6547,1,,json.py:<module>.load.<returnValue>.__iter__.<returnValue>
68719477125,IDENTIFIER,0,,,tmp38,9,,174,tmp38,6170,6547,1,,json.py:<module>.load.<returnValue>.__iter__.<returnValue>
68719477126,IDENTIFIER,1,,,user,13,json.py:<module>.load.<returnValue>.__iter__.<returnValue>.__next__.<returnValue>;Project.py:<module>._load.<returnValue>.__iter__.<returnValue>.__next__.<returnValue>;Project.py:<module>.login_user.<returnValue>,174,user,6174,6178,1,,ANY
68719477127,IDENTIFIER,1,,,attempt,44,__builtin.range.<returnValue>.__iter__.__next__.<returnValue>;__builtin.range<meta>.<returnValue>.__iter__.__next__.<returnValue>,181,attempt,6582,6589,1,,ANY
68719477128,IDENTIFIER,1,,,MAX_LOGIN_ATTEMPTS,54,,181,MAX_LOGIN_ATTEMPTS,6592,6610,1,,__builtin.int
68719477129,IDENTIFIER,-1,,,print,9,,181,print,6547,6552,0,,ANY
68719477130,IDENTIFIER,1,,,MAX_LOGIN_ATTEMPTS,29,,170,MAX_LOGIN_ATTEMPTS,6017,6035,1,,__builtin.int
68719477131,IDENTIFIER,-1,,,range,20,,170,range,6008,6013,0,,ANY
68719477132,IDENTIFIER,1,,,tmp40,5,__builtin.range.<returnValue>;__builtin.range<meta>.<returnValue>,170,tmp40,5993,6619,1,,ANY
68719477133,IDENTIFIER,1,,,tmp40,5,__builtin.range.<returnValue>;__builtin.range<meta>.<returnValue>,170,tmp40,5993,6619,1,,ANY
68719477134,IDENTIFIER,0,,,tmp40,5,__builtin.range.<returnValue>;__builtin.range<meta>.<returnValue>,170,tmp40,5993,6619,1,,ANY
68719477135,IDENTIFIER,1,,,tmp39,5,__builtin.range.<returnValue>.__iter__;__builtin.range<meta>.<returnValue>.__iter__,170,tmp39,5993,6619,1,,ANY
68719477136,IDENTIFIER,1,,,tmp39,5,__builtin.range.<returnValue>.__iter__;__builtin.range<meta>.<returnValue>.__iter__,170,tmp39,5993,6619,1,,ANY
68719477137,IDENTIFIER,0,,,tmp39,5,__builtin.range.<returnValue>.__iter__;__builtin.range<meta>.<returnValue>.__iter__,170,tmp39,5993,6619,1,,ANY
68719477138,IDENTIFIER,1,,,attempt,9,__builtin.range.<returnValue>.__iter__.__next__.<returnValue>;__builtin.range<meta>.<returnValue>.__iter__.__next__.<returnValue>,170,attempt,5997,6004,1,,ANY
68719477139,IDENTIFIER,-1,,,print,5,,182,print,6619,6624,0,,ANY
68719477140,IDENTIFIER,1,,,add_or_remove_center,1,,187,add_or_remove_center,6753,8581,1,,ANY
68719477141,IDENTIFIER,-1,,,print,5,,189,print,6841,6846,0,,ANY
68719477142,IDENTIFIER,-1,,,print,5,,190,print,6876,6881,0,,ANY
68719477143,IDENTIFIER,-1,,,print,5,,191,print,6918,6923,0,,ANY
68719477144,IDENTIFIER,-1,,,input,14,,192,input,6948,6953,0,,ANY
68719477145,IDENTIFIER,1,,,choice,5,__builtin.input.<returnValue>;__builtin.input.<returnValue>.strip,192,choice,6939,6945,1,,ANY
68719477146,IDENTIFIER,1,,,choice,8,__builtin.input.<returnValue>;__builtin.input.<returnValue>.strip,194,choice,6980,6986,1,,ANY
68719477147,IDENTIFIER,-1,,,_ask,20,,195,_ask,7014,7018,0,,ANY
68719477148,IDENTIFIER,1,,,name,9,,195,name,7003,7007,1,,__builtin.input.<returnValue>.strip
68719477149,IDENTIFIER,-1,,,_ask,20,,196,_ask,7055,7059,0,,ANY
68719477150,IDENTIFIER,1,,,address,9,,196,address,7044,7051,1,,__builtin.input.<returnValue>.strip
68719477151,IDENTIFIER,1,,,tmp41,20,,197,tmp41,7092,7213,1,,__builtin.list
68719477152,IDENTIFIER,1,,,v,21,__builtin.input.<returnValue>.strip.split.__iter__.__next__.<returnValue>;__builtin.next.<returnValue>.<indexAccess>.__iter__.__next__.<returnValue>,197,v,7093,7094,1,,ANY
68719477153,IDENTIFIER,0,,,v,21,__builtin.input.<returnValue>.strip.split.__iter__.__next__.<returnValue>;__builtin.next.<returnValue>.<indexAccess>.__iter__.__next__.<returnValue>,197,v,7093,7094,1,,ANY
68719477154,IDENTIFIER,1,,,tmp41,20,,197,tmp41,7092,7213,1,,__builtin.list
68719477155,IDENTIFIER,0,,,tmp41,20,,197,tmp41,7092,7213,1,,__builtin.list
68719477156,IDENTIFIER,-1,,,_ask,30,,198,_ask,7132,7136,0,,ANY
68719477157,IDENTIFIER,1,,,tmp44,30,,198,tmp44,7132,7179,1,,__builtin.input.<returnValue>.strip
68719477158,IDENTIFIER,1,,,tmp44,30,,198,tmp44,7132,7179,1,,__builtin.input.<returnValue>.strip
68719477159,IDENTIFIER,0,,,tmp44,30,,198,tmp44,7132,7179,1,,__builtin.input.<returnValue>.strip
68719477160,IDENTIFIER,1,,,tmp43,20,,197,tmp43,7092,7213,1,,__builtin.input.<returnValue>.strip.split
68719477161,IDENTIFIER,1,,,tmp43,20,,197,tmp43,7092,7213,1,,__builtin.input.<returnValue>.strip.split
68719477162,IDENTIFIER,0,,,tmp43,20,,197,tmp43,7092,7213,1,,__builtin.input.<returnValue>.strip.split
68719477163,IDENTIFIER,1,,,tmp42,20,,197,tmp42,7092,7213,1,,__builtin.input.<returnValue>.strip.split.__iter__
68719477164,IDENTIFIER,1,,,tmp42,20,,197,tmp42,7092,7213,1,,__builtin.input.<returnValue>.strip.split.__iter__
68719477165,IDENTIFIER,0,,,tmp42,20,,197,tmp42,7092,7213,1,,__builtin.input.<returnValue>.strip.split.__iter__
68719477166,IDENTIFIER,1,,,v,25,__builtin.input.<returnValue>.strip.split.__iter__.__next__.<returnValue>;__builtin.next.<returnValue>.<indexAccess>.__iter__.__next__.<returnValue>,198,v,7127,7128,1,,ANY
68719477167,IDENTIFIER,1,,,v,24,__builtin.input.<returnValue>.strip.split.__iter__.__next__.<returnValue>;__builtin.next.<returnValue>.<indexAccess>.__iter__.__next__.<returnValue>,199,v,7203,7204,1,,ANY
68719477168,IDENTIFIER,0,,,v,24,__builtin.input.<returnValue>.strip.split.__iter__.__next__.<returnValue>;__builtin.next.<returnValue>.<indexAccess>.__iter__.__next__.<returnValue>,199,v,7203,7204,1,,ANY
68719477169,IDENTIFIER,-1,,,tmp41,20,,197,tmp41,7092,7213,3,,__builtin.list
68719477170,IDENTIFIER,1,,,vaccines,9,,197,vaccines,7081,7089,1,,__builtin.list
68719477171,IDENTIFIER,1,,,vaccines,16,,200,vaccines,7229,7237,1,,__builtin.list
68719477172,IDENTIFIER,-1,,,print,13,,201,print,7251,7256,0,,ANY
68719477173,IDENTIFIER,1,,,CENTERS_FILE,25,,203,CENTERS_FILE,7340,7352,1,,__builtin.str
68719477174,IDENTIFIER,-1,,,_load,19,,203,_load,7334,7339,0,,ANY
68719477175,IDENTIFIER,1,,,centers,9,,203,centers,7324,7331,1,,json.py:<module>.load.<returnValue>
68719477176,IDENTIFIER,1,,,tmp45,23,,204,tmp45,7376,7402,1,,ANY
68719477177,IDENTIFIER,1,,,c,24,json.py:<module>.load.<returnValue>.__iter__.<returnValue>.__next__.<returnValue>;__builtin.list.__iter__.<returnValue>.__next__.<returnValue>,204,c,7377,7378,1,,ANY
68719477178,IDENTIFIER,1,,,tmp45,23,,204,tmp45,7376,7402,1,,ANY
68719477179,IDENTIFIER,0,,,tmp45,23,,204,tmp45,7376,7402,1,,ANY
68719477180,IDENTIFIER,1,,,centers,41,,204,centers,7394,7401,1,,json.py:<module>.load.<returnValue>
68719477181,IDENTIFIER,0,,,centers,41,,204,centers,7394,7401,1,,json.py:<module>.load.<returnValue>
68719477182,IDENTIFIER,1,,,tmp46,23,,204,tmp46,7376,7402,1,,json.py:<module>.load.<returnValue>.__iter__.<returnValue>
68719477183,IDENTIFIER,1,,,tmp46,23,,204,tmp46,7376,7402,1,,json.py:<module>.load.<returnValue>.__iter__.<returnValue>
68719477184,IDENTIFIER,0,,,tmp46,23,,204,tmp46,7376,7402,1,,json.py:<module>.load.<returnValue>.__iter__.<returnValue>
68719477185,IDENTIFIER,1,,,c,36,json.py:<module>.load.<returnValue>.__iter__.<returnValue>.__next__.<returnValue>;__builtin.list.__iter__.<returnValue>.__next__.<returnValue>,204,c,7389,7390,1,,ANY
68719477186,IDENTIFIER,-1,,,tmp45,23,,204,tmp45,7376,7402,3,,ANY
68719477187,IDENTIFIER,-1,,,max,19,,204,max,7372,7375,0,,ANY
68719477188,IDENTIFIER,1,,,new_id,9,,204,new_id,7362,7368,1,,ANY
68719477189,IDENTIFIER,1,,,tmp47,24,,205,tmp47,7442,7537,1,,__builtin.dict
68719477190,IDENTIFIER,1,,,tmp47,24,,205,tmp47,7442,7537,1,,__builtin.dict
68719477191,IDENTIFIER,2,,,new_id,31,,205,new_id,7449,7455,2,,ANY
68719477192,IDENTIFIER,1,,,tmp47,24,,205,tmp47,7442,7537,1,,__builtin.dict
68719477193,IDENTIFIER,2,,,name,47,,205,name,7465,7469,2,,__builtin.input.<returnValue>.strip
68719477194,IDENTIFIER,1,,,tmp47,24,,205,tmp47,7442,7537,1,,__builtin.dict
68719477195,IDENTIFIER,2,,,address,37,,206,address,7507,7514,2,,__builtin.input.<returnValue>.strip
68719477196,IDENTIFIER,1,,,tmp47,24,,205,tmp47,7442,7537,1,,__builtin.dict
68719477197,IDENTIFIER,2,,,vaccines,58,,206,vaccines,7528,7536,2,,__builtin.list
68719477198,IDENTIFIER,-1,,,tmp47,24,,205,tmp47,7442,7537,6,,__builtin.dict
68719477199,IDENTIFIER,1,,,centers,9,,205,centers,7427,7434,1,,json.py:<module>.load.<returnValue>
68719477200,IDENTIFIER,0,,,centers,9,,205,centers,7427,7434,1,,json.py:<module>.load.<returnValue>
68719477201,IDENTIFIER,1,,,CENTERS_FILE,15,,207,CENTERS_FILE,7553,7565,1,,__builtin.str
68719477202,IDENTIFIER,2,,,centers,29,,207,centers,7567,7574,2,,json.py:<module>.load.<returnValue>
68719477203,IDENTIFIER,-1,,,_save,9,,207,_save,7547,7552,0,,ANY
68719477204,IDENTIFIER,1,,,name,26,,208,name,7601,7605,1,,__builtin.input.<returnValue>.strip
68719477205,IDENTIFIER,1,,,new_id,48,,208,new_id,7623,7629,1,,ANY
68719477206,IDENTIFIER,-1,,,print,9,,208,print,7584,7589,0,,ANY
68719477207,IDENTIFIER,1,,,choice,10,__builtin.input.<returnValue>;__builtin.input.<returnValue>.strip,210,choice,7644,7650,1,,ANY
68719477208,IDENTIFIER,1,,,CENTERS_FILE,25,,211,CENTERS_FILE,7683,7695,1,,__builtin.str
68719477209,IDENTIFIER,-1,,,_load,19,,211,_load,7677,7682,0,,ANY
68719477210,IDENTIFIER,1,,,centers,9,,211,centers,7667,7674,1,,json.py:<module>.load.<returnValue>
68719477211,IDENTIFIER,1,,,centers,16,,212,centers,7712,7719,1,,json.py:<module>.load.<returnValue>
68719477212,IDENTIFIER,-1,,,print,13,,213,print,7733,7738,0,,ANY
68719477213,IDENTIFIER,-1,,,_ask_int,21,,215,_ask_int,7801,7809,0,,ANY
68719477214,IDENTIFIER,1,,,center_id,9,,215,center_id,7789,7798,1,,__builtin.int<meta>.<returnValue>
68719477215,IDENTIFIER,1,,,tmp48,26,,216,tmp48,7866,7910,1,,ANY
68719477216,IDENTIFIER,1,,,c,27,json.py:<module>.load.<returnValue>.__iter__.<returnValue>.__next__.<returnValue>;__builtin.list.__iter__.<returnValue>.__next__.<returnValue>,216,c,7867,7868,2,,ANY
68719477217,IDENTIFIER,1,,,tmp48,26,,216,tmp48,7866,7910,1,,ANY
68719477218,IDENTIFIER,0,,,tmp48,26,,216,tmp48,7866,7910,1,,ANY
68719477219,IDENTIFIER,1,,,centers,38,,216,centers,7878,7885,1,,json.py:<module>.load.<returnValue>
68719477220,IDENTIFIER,0,,,centers,38,,216,centers,7878,7885,1,,json.py:<module>.load.<returnValue>
68719477221,IDENTIFIER,1,,,tmp49,26,,216,tmp49,7866,7910,1,,json.py:<module>.load.<returnValue>.__iter__.<returnValue>
68719477222,IDENTIFIER,1,,,tmp49,26,,216,tmp49,7866,7910,1,,json.py:<module>.load.<returnValue>.__iter__.<returnValue>
68719477223,IDENTIFIER,0,,,tmp49,26,,216,tmp49,7866,7910,1,,json.py:<module>.load.<returnValue>.__iter__.<returnValue>
68719477224,IDENTIFIER,1,,,c,33,json.py:<module>.load.<returnValue>.__iter__.<returnValue>.__next__.<returnValue>;__builtin.list.__iter__.<returnValue>.__next__.<returnValue>,216,c,7873,7874,1,,ANY
68719477225,IDENTIFIER,1,,,c,49,json.py:<module>.load.<returnValue>.__iter__.<returnValue>.__next__.<returnValue>;__builtin.list.__iter__.<returnValue>.__next__.<returnValue>,216,c,7889,7890,1,,ANY
68719477226,IDENTIFIER,2,,,center_id,60,,216,center_id,7900,7909,2,,__builtin.int<meta>.<returnValue>
68719477227,IDENTIFIER,-1,,,tmp48,26,,216,tmp48,7866,7910,3,,ANY
68719477228,IDENTIFIER,-1,,,next,21,,216,next,7861,7865,0,,ANY
68719477229,IDENTIFIER,1,,,target,9,,216,target,7849,7855,1,,__builtin.next.<returnValue>
68719477230,IDENTIFIER,1,,,target,16,,217,target,7933,7939,1,,__builtin.next.<returnValue>
68719477231,IDENTIFIER,-1,,,print,13,,218,print,7953,7958,0,,ANY
68719477232,IDENTIFIER,1,,,RESERVATIONS_FILE,30,,222,RESERVATIONS_FILE,8095,8112,1,,__builtin.str
68719477233,IDENTIFIER,-1,,,_load,24,,222,_load,8089,8094,0,,ANY
68719477234,IDENTIFIER,1,,,reservations,9,,222,reservations,8074,8086,1,,json.py:<module>.load.<returnValue>
68719477235,IDENTIFIER,1,,,tmp50,16,,223,tmp50,8129,8178,1,,ANY
68719477236,IDENTIFIER,1,,,r,16,,223,r,8129,8130,1,,json.py:<module>.load.<returnValue>.__iter__.<returnValue>.__next__.<returnValue>
68719477237,IDENTIFIER,2,,,center_id,34,,223,center_id,8147,8156,2,,__builtin.int<meta>.<returnValue>
68719477238,IDENTIFIER,1,,,tmp50,16,,223,tmp50,8129,8178,1,,ANY
68719477239,IDENTIFIER,0,,,tmp50,16,,223,tmp50,8129,8178,1,,ANY
68719477240,IDENTIFIER,1,,,reservations,53,,223,reservations,8166,8178,1,,json.py:<module>.load.<returnValue>
68719477241,IDENTIFIER,0,,,reservations,53,,223,reservations,8166,8178,1,,json.py:<module>.load.<returnValue>
68719477242,IDENTIFIER,1,,,tmp51,16,,223,tmp51,8129,8178,1,,json.py:<module>.load.<returnValue>.__iter__.<returnValue>
68719477243,IDENTIFIER,1,,,tmp51,16,,223,tmp51,8129,8178,1,,json.py:<module>.load.<returnValue>.__iter__.<returnValue>
68719477244,IDENTIFIER,0,,,tmp51,16,,223,tmp51,8129,8178,1,,json.py:<module>.load.<returnValue>.__iter__.<returnValue>
68719477245,IDENTIFIER,1,,,r,48,,223,r,8161,8162,1,,json.py:<module>.load.<returnValue>.__iter__.<returnValue>.__next__.<returnValue>
68719477246,IDENTIFIER,-1,,,tmp50,16,,223,tmp50,8129,8178,3,,ANY
68719477247,IDENTIFIER,-1,,,any,12,,223,any,8125,8128,0,,ANY
68719477248,IDENTIFIER,-1,,,print,13,,224,print,8193,8198,0,,ANY
68719477249,IDENTIFIER,1,,,target,36,,227,target,8317,8323,1,,__builtin.next.<returnValue>
68719477250,IDENTIFIER,-1,,,_confirm,16,,227,_confirm,8297,8305,0,,ANY
68719477251,IDENTIFIER,-1,,,print,13,,228,print,8350,8355,0,,ANY
68719477252,IDENTIFIER,1,,,CENTERS_FILE,15,,230,CENTERS_FILE,8403,8415,1,,__builtin.str
68719477253,IDENTIFIER,1,,,tmp52,29,,230,tmp52,8417,8461,1,,__builtin.list
68719477254,IDENTIFIER,1,,,c,30,json.py:<module>.load.<returnValue>.__iter__.<returnValue>.__next__.<returnValue>;__builtin.list.__iter__.<returnValue>.__next__.<returnValue>,230,c,8418,8419,2,,ANY
68719477255,IDENTIFIER,1,,,tmp52,29,,230,tmp52,8417,8461,1,,__builtin.list
68719477256,IDENTIFIER,0,,,tmp52,29,,230,tmp52,8417,8461,1,,__builtin.list
68719477257,IDENTIFIER,1,,,centers,41,,230,centers,8429,8436,1,,json.py:<module>.load.<returnValue>
68719477258,IDENTIFIER,0,,,centers,41,,230,centers,8429,8436,1,,json.py:<module>.load.<returnValue>
68719477259,IDENTIFIER,1,,,tmp53,29,,230,tmp53,8417,8461,1,,json.py:<module>.load.<returnValue>.__iter__.<returnValue>
68719477260,IDENTIFIER,1,,,tmp53,29,,230,tmp53,8417,8461,1,,json.py:<module>.load.<returnValue>.__iter__.<returnValue>
68719477261,IDENTIFIER,0,,,tmp53,29,,230,tmp53,8417,8461,1,,json.py:<module>.load.<returnValue>.__iter__.<returnValue>
68719477262,IDENTIFIER,1,,,c,36,json.py:<module>.load.<returnValue>.__iter__.<returnValue>.__next__.<returnValue>;__builtin.list.__iter__.<returnValue>.__next__.<returnValue>,230,c,8424,8425,1,,ANY
68719477263,IDENTIFIER,1,,,c,52,json.py:<module>.load.<returnValue>.__iter__.<returnValue>.__next__.<returnValue>;__builtin.list.__iter__.<returnValue>.__next__.<returnValue>,230,c,8440,8441,1,,ANY
68719477264,IDENTIFIER,2,,,center_id,63,,230,center_id,8451,8460,2,,__builtin.int<meta>.<returnValue>
68719477265,IDENTIFIER,-1,,,tmp52,29,,230,tmp52,8417,8461,3,,__builtin.list
68719477266,IDENTIFIER,-1,,,_save,9,,230,_save,8397,8402,0,,ANY
68719477267,IDENTIFIER,-1,,,print,9,,231,print,8471,8476,0,,ANY
68719477268,IDENTIFIER,1,,,choice,10,__builtin.input.<returnValue>;__builtin.input.<returnValue>.strip,233,choice,8506,8512,1,,ANY
68719477269,IDENTIFIER,-1,,,print,9,,236,print,8554,8559,0,,ANY
68719477270,IDENTIFIER,1,,,search_center_by_name,1,,239,search_center_by_name,8581,9240,1,,ANY
68719477271,IDENTIFIER,-1,,,input,15,,241,input,8710,8715,0,,ANY
68719477272,IDENTIFIER,1,,,tmp55,15,,241,tmp55,8710,8756,1,,__builtin.input.<returnValue>
68719477273,IDENTIFIER,1,,,tmp55,15,,241,tmp55,8710,8756,1,,__builtin.input.<returnValue>
68719477274,IDENTIFIER,0,,,tmp55,15,,241,tmp55,8710,8756,1,,__builtin.input.<returnValue>
68719477275,IDENTIFIER,1,,,tmp54,15,,241,tmp54,8710,8764,1,,__builtin.input.<returnValue>.strip
68719477276,IDENTIFIER,1,,,tmp54,15,,241,tmp54,8710,8764,1,,__builtin.input.<returnValue>.strip
68719477277,IDENTIFIER,0,,,tmp54,15,,241,tmp54,8710,8764,1,,__builtin.input.<returnValue>.strip
68719477278,IDENTIFIER,1,,,query,5,,241,query,8700,8705,1,,__builtin.input.<returnValue>.strip.lower
68719477279,IDENTIFIER,1,,,CENTERS_FILE,21,,242,CENTERS_FILE,8785,8797,1,,__builtin.str
68719477280,IDENTIFIER,-1,,,_load,15,,242,_load,8779,8784,0,,ANY
68719477281,IDENTIFIER,1,,,centers,5,,242,centers,8769,8776,1,,json.py:<module>.load.<returnValue>
68719477282,IDENTIFIER,1,,,tmp56,15,,243,tmp56,8813,8863,1,,__builtin.list
68719477283,IDENTIFIER,1,,,c,16,json.py:<module>.load.<returnValue>.__iter__.<returnValue>.__next__.<returnValue>;__builtin.list.__iter__.<returnValue>.__next__.<returnValue>,243,c,8814,8815,2,,ANY
68719477284,IDENTIFIER,1,,,tmp56,15,,243,tmp56,8813,8863,1,,__builtin.list
68719477285,IDENTIFIER,0,,,tmp56,15,,243,tmp56,8813,8863,1,,__builtin.list
68719477286,IDENTIFIER,1,,,centers,27,,243,centers,8825,8832,1,,json.py:<module>.load.<returnValue>
68719477287,IDENTIFIER,0,,,centers,27,,243,centers,8825,8832,1,,json.py:<module>.load.<returnValue>
68719477288,IDENTIFIER,1,,,tmp57,15,,243,tmp57,8813,8863,1,,json.py:<module>.load.<returnValue>.__iter__.<returnValue>
68719477289,IDENTIFIER,1,,,tmp57,15,,243,tmp57,8813,8863,1,,json.py:<module>.load.<returnValue>.__iter__.<returnValue>
68719477290,IDENTIFIER,0,,,tmp57,15,,243,tmp57,8813,8863,1,,json.py:<module>.load.<returnValue>.__iter__.<returnValue>
68719477291,IDENTIFIER,1,,,c,22,json.py:<module>.load.<returnValue>.__iter__.<returnValue>.__next__.<returnValue>;__builtin.list.__iter__.<returnValue>.__next__.<returnValue>,243,c,8820,8821,1,,ANY
68719477292,IDENTIFIER,1,,,query,38,,243,query,8836,8841,1,,__builtin.input.<returnValue>.strip.lower
68719477293,IDENTIFIER,1,,,c,47,json.py:<module>.load.<returnValue>.__iter__.<returnValue>.__next__.<returnValue>;__builtin.list.__iter__.<returnValue>.__next__.<returnValue>,243,c,8845,8846,1,,ANY
68719477294,IDENTIFIER,1,,,tmp58,47,json.py:<module>.load.<returnValue>.__iter__.<returnValue>.__next__.<returnValue>.<indexAccess>;__builtin.list.__iter__.<returnValue>.__next__.<returnValue>.<indexAccess>,243,tmp58,8845,8862,1,,ANY
68719477295,IDENTIFIER,1,,,tmp58,47,json.py:<module>.load.<returnValue>.__iter__.<returnValue>.__next__.<returnValue>.<indexAccess>;__builtin.list.__iter__.<returnValue>.__next__.<returnValue>.<indexAccess>,243,tmp58,8845,8862,1,,ANY
68719477296,IDENTIFIER,0,,,tmp58,47,json.py:<module>.load.<returnValue>.__iter__.<returnValue>.__next__.<returnValue>.<indexAccess>;__builtin.list.__iter__.<returnValue>.__next__.<returnValue>.<indexAccess>,243,tmp58,8845,8862,1,,ANY
68719477297,IDENTIFIER,-1,,,tmp56,15,,243,tmp56,8813,8863,3,,__builtin.list
68719477298,IDENTIFIER,1,,,found,5,,243,found,8803,8808,1,,__builtin.list
68719477299,IDENTIFIER,-1,,,found,8,,245,found,8872,8877,1,,__builtin.list
68719477300,IDENTIFIER,1,,,found,30,,246,found,8908,8913,1,,__builtin.list
68719477301,IDENTIFIER,-1,,,len,26,,246,len,8904,8907,0,,ANY
68719477302,IDENTIFIER,-1,,,print,9,,246,print,8887,8892,0,,ANY
68719477303,IDENTIFIER,1,,,c,34,json.py:<module>.load.<returnValue>.__iter__.<returnValue>.__next__.<returnValue>;__builtin.list.__iter__.<returnValue>.__next__.<returnValue>,248,c,8986,8987,1,,ANY
68719477304,IDENTIFIER,-1,,,print,13,,248,print,8965,8970,0,,ANY
68719477305,IDENTIFIER,1,,,c,32,json.py:<module>.load.<returnValue>.__iter__.<returnValue>.__next__.<returnValue>;__builtin.list.__iter__.<returnValue>.__next__.<returnValue>,249,c,9028,9029,1,,ANY
68719477306,IDENTIFIER,-1,,,print,13,,249,print,9009,9014,0,,ANY
68719477307,IDENTIFIER,1,,,c,32,json.py:<module>.load.<returnValue>.__iter__.<returnValue>.__next__.<returnValue>;__builtin.list.__iter__.<returnValue>.__next__.<returnValue>,250,c,9072,9073,1,,ANY
68719477308,IDENTIFIER,-1,,,print,13,,250,print,9053,9058,0,,ANY
68719477309,IDENTIFIER,1,,,c,42,json.py:<module>.load.<returnValue>.__iter__.<returnValue>.__next__.<returnValue>;__builtin.list.__iter__.<returnValue>.__next__.<returnValue>,251,c,9129,9130,1,,ANY
68719477310,IDENTIFIER,1,,,tmp59,32,,251,tmp59,9119,9143,1,,__builtin.str
68719477311,IDENTIFIER,1,,,tmp59,32,,251,tmp59,9119,9143,1,,__builtin.str
68719477312,IDENTIFIER,0,,,tmp59,32,,251,tmp59,9119,9143,1,,__builtin.str
68719477313,IDENTIFIER,-1,,,print,13,,251,print,9100,9105,0,,ANY
68719477314,IDENTIFIER,-1,,,print,13,,252,print,9159,9164,0,,ANY
68719477315,IDENTIFIER,1,,,found,18,,247,found,8946,8951,1,,__builtin.list
68719477316,IDENTIFIER,0,,,found,18,,247,found,8946,8951,1,,__builtin.list
68719477317,IDENTIFIER,1,,,tmp60,9,,247,tmp60,8937,9179,1,,__builtin.list.__iter__.<returnValue>
68719477318,IDENTIFIER,1,,,tmp60,9,,247,tmp60,8937,9179,1,,__builtin.list.__iter__.<returnValue>
68719477319,IDENTIFIER,0,,,tmp60,9,,247,tmp60,8937,9179,1,,__builtin.list.__iter__.<returnValue>
68719477320,IDENTIFIER,1,,,c,13,json.py:<module>.load.<returnValue>.__iter__.<returnValue>.__next__.<returnValue>;__builtin.list.__iter__.<returnValue>.__next__.<returnValue>,247,c,8941,8942,1,,ANY
68719477321,IDENTIFIER,-1,,,print,9,,254,print,9193,9198,0,,ANY
68719477322,IDENTIFIER,1,,,list_users_and_reservations,1,,257,list_users_and_reservations,9240,10215,1,,ANY
68719477323,IDENTIFIER,1,,,USERS_FILE,26,,259,USERS_FILE,9368,9378,1,,__builtin.str
68719477324,IDENTIFIER,-1,,,_load,20,,259,_load,9362,9367,0,,ANY
68719477325,IDENTIFIER,1,,,users,5,,259,users,9347,9352,1,,json.py:<module>.load.<returnValue>
68719477326,IDENTIFIER,1,,,RESERVATIONS_FILE,26,,260,RESERVATIONS_FILE,9405,9422,1,,__builtin.str
68719477327,IDENTIFIER,-1,,,_load,20,,260,_load,9399,9404,0,,ANY
68719477328,IDENTIFIER,1,,,reservations,5,,260,reservations,9384,9396,1,,json.py:<module>.load.<returnValue>
68719477329,IDENTIFIER,1,,,CENTERS_FILE,26,,261,CENTERS_FILE,9449,9461,1,,__builtin.str
68719477330,IDENTIFIER,-1,,,_load,20,,261,_load,9443,9448,0,,ANY
68719477331,IDENTIFIER,1,,,centers,5,,261,centers,9428,9435,1,,json.py:<module>.load.<returnValue>
68719477332,IDENTIFIER,1,,,users,12,,263,users,9475,9480,1,,json.py:<module>.load.<returnValue>
68719477333,IDENTIFIER,-1,,,print,9,,264,print,9490,9495,0,,ANY
68719477334,IDENTIFIER,1,,,tmp61,18,,267,tmp61,9557,9594,1,,__builtin.dict
68719477335,IDENTIFIER,1,,,tmp61,18,,267,tmp61,9557,9594,1,,__builtin.dict
68719477336,IDENTIFIER,1,,,c,19,json.py:<module>.load.<returnValue>.__iter__.<returnValue>.__next__.<returnValue>;__builtin.list.__iter__.<returnValue>.__next__.<returnValue>,267,c,9558,9559,1,,ANY
68719477337,IDENTIFIER,1,,,c,28,json.py:<module>.load.<returnValue>.__iter__.<returnValue>.__next__.<returnValue>;__builtin.list.__iter__.<returnValue>.__next__.<returnValue>,267,c,9567,9568,1,,ANY
68719477338,IDENTIFIER,1,,,centers,47,,267,centers,9586,9593,1,,json.py:<module>.load.<returnValue>
68719477339,IDENTIFIER,0,,,centers,47,,267,centers,9586,9593,1,,json.py:<module>.load.<returnValue>
68719477340,IDENTIFIER,1,,,tmp62,18,,267,tmp62,9557,9594,1,,json.py:<module>.load.<returnValue>.__iter__.<returnValue>
68719477341,IDENTIFIER,1,,,tmp62,18,,267,tmp62,9557,9594,1,,json.py:<module>.load.<returnValue>.__iter__.<returnValue>
68719477342,IDENTIFIER,0,,,tmp62,18,,267,tmp62,9557,9594,1,,json.py:<module>.load.<returnValue>.__iter__.<returnValue>
68719477343,IDENTIFIER,1,,,c,42,json.py:<module>.load.<returnValue>.__iter__.<returnValue>.__next__.<returnValue>;__builtin.list.__iter__.<returnValue>.__next__.<returnValue>,267,c,9581,9582,1,,ANY
68719477344,IDENTIFIER,-1,,,tmp61,18,,267,tmp61,9557,9594,3,,__builtin.dict
68719477345,IDENTIFIER,1,,,center_map,5,,267,center_map,9544,9554,1,,__builtin.dict
68719477346,IDENTIFIER,-1,,,print,5,,269,print,9600,9605,0,,ANY
68719477347,IDENTIFIER,1,,,u,22,,271,u,9699,9700,1,,json.py:<module>.load.<returnValue>.__iter__.<returnValue>.__next__.<returnValue>
68719477348,IDENTIFIER,1,,,u,42,,271,u,9719,9720,1,,json.py:<module>.load.<returnValue>.__iter__.<returnValue>.__next__.<returnValue>
68719477349,IDENTIFIER,1,,,u,25,,272,u,9760,9761,1,,json.py:<module>.load.<returnValue>.__iter__.<returnValue>.__next__.<returnValue>
68719477350,IDENTIFIER,1,,,u,49,,272,u,9784,9785,1,,json.py:<module>.load.<returnValue>.__iter__.<returnValue>.__next__.<returnValue>
68719477351,IDENTIFIER,-1,,,print,9,,271,print,9686,9691,0,,ANY
68719477352,IDENTIFIER,1,,,tmp63,20,,274,tmp63,9818,9870,1,,ANY
68719477353,IDENTIFIER,1,,,r,21,,274,r,9819,9820,2,,json.py:<module>.load.<returnValue>.__iter__.<returnValue>.__next__.<returnValue>
68719477354,IDENTIFIER,1,,,tmp63,20,,274,tmp63,9818,9870,1,,ANY
68719477355,IDENTIFIER,0,,,tmp63,20,,274,tmp63,9818,9870,1,,ANY
68719477356,IDENTIFIER,1,,,reservations,32,,274,reservations,9830,9842,1,,json.py:<module>.load.<returnValue>
68719477357,IDENTIFIER,0,,,reservations,32,,274,reservations,9830,9842,1,,json.py:<module>.load.<returnValue>
68719477358,IDENTIFIER,1,,,tmp64,20,,274,tmp64,9818,9870,1,,json.py:<module>.load.<returnValue>.__iter__.<returnValue>
68719477359,IDENTIFIER,1,,,tmp64,20,,274,tmp64,9818,9870,1,,json.py:<module>.load.<returnValue>.__iter__.<returnValue>
68719477360,IDENTIFIER,0,,,tmp64,20,,274,tmp64,9818,9870,1,,json.py:<module>.load.<returnValue>.__iter__.<returnValue>
68719477361,IDENTIFIER,1,,,r,27,,274,r,9825,9826,1,,json.py:<module>.load.<returnValue>.__iter__.<returnValue>.__next__.<returnValue>
68719477362,IDENTIFIER,1,,,r,48,,274,r,9846,9847,1,,json.py:<module>.load.<returnValue>.__iter__.<returnValue>.__next__.<returnValue>
68719477363,IDENTIFIER,1,,,u,64,,274,u,9862,9863,1,,json.py:<module>.load.<returnValue>.__iter__.<returnValue>.__next__.<returnValue>
68719477364,IDENTIFIER,-1,,,tmp63,20,,274,tmp63,9818,9870,3,,ANY
68719477365,IDENTIFIER,-1,,,next,15,,274,next,9813,9817,0,,ANY
68719477366,IDENTIFIER,1,,,res,9,,274,res,9807,9810,1,,__builtin.next.<returnValue>
68719477367,IDENTIFIER,-1,,,res,12,,275,res,9889,9892,1,,__builtin.next.<returnValue>
68719477368,IDENTIFIER,1,,,res,42,,276,res,9935,9938,1,,__builtin.next.<returnValue>
68719477369,IDENTIFIER,1,,,center_map,27,,276,center_map,9920,9930,1,,__builtin.dict
68719477370,IDENTIFIER,0,,,center_map,27,,276,center_map,9920,9930,1,,__builtin.dict
68719477371,IDENTIFIER,1,,,center_name,13,__builtin.dict.get.<returnValue>;__builtin.next.<returnValue>,276,center_name,9906,9917,1,,ANY
68719477372,IDENTIFIER,1,,,res,27,,277,res,9990,9993,1,,__builtin.next.<returnValue>
68719477373,IDENTIFIER,0,,,res,27,,277,res,9990,9993,1,,__builtin.next.<returnValue>
68719477374,IDENTIFIER,1,,,date_str,13,,277,date_str,9976,9984,1,,ANY
68719477375,IDENTIFIER,1,,,res,40,,278,res,10058,10061,1,,__builtin.next.<returnValue>
68719477376,IDENTIFIER,1,,,center_name,22,__builtin.dict.get.<returnValue>;__builtin.next.<returnValue>,279,center_name,10100,10111,1,,ANY
68719477377,IDENTIFIER,1,,,date_str,44,,279,date_str,10122,10130,1,,ANY
68719477378,IDENTIFIER,-1,,,print,13,,278,print,10031,10036,0,,ANY
68719477379,IDENTIFIER,-1,,,print,13,,281,print,10160,10165,0,,ANY
68719477380,IDENTIFIER,-1,,,print,9,,282,print,10197,10202,0,,ANY
68719477381,IDENTIFIER,1,,,users,14,,270,users,9671,9676,1,,json.py:<module>.load.<returnValue>
68719477382,IDENTIFIER,0,,,users,14,,270,users,9671,9676,1,,json.py:<module>.load.<returnValue>
68719477383,IDENTIFIER,1,,,tmp65,5,,270,tmp65,9662,10215,1,,json.py:<module>.load.<returnValue>.__iter__.<returnValue>
68719477384,IDENTIFIER,1,,,tmp65,5,,270,tmp65,9662,10215,1,,json.py:<module>.load.<returnValue>.__iter__.<returnValue>
68719477385,IDENTIFIER,0,,,tmp65,5,,270,tmp65,9662,10215,1,,json.py:<module>.load.<returnValue>.__iter__.<returnValue>
68719477386,IDENTIFIER,1,,,u,9,,270,u,9666,9667,1,,json.py:<module>.load.<returnValue>.__iter__.<returnValue>.__next__.<returnValue>
68719477387,IDENTIFIER,1,,,accept_reservation,1,,285,accept_reservation,10215,11465,1,,ANY
68719477388,IDENTIFIER,1,,,RESERVATIONS_FILE,26,,287,RESERVATIONS_FILE,10356,10373,1,,__builtin.str
68719477389,IDENTIFIER,-1,,,_load,20,,287,_load,10350,10355,0,,ANY
68719477390,IDENTIFIER,1,,,reservations,5,,287,reservations,10335,10347,1,,json.py:<module>.load.<returnValue>
68719477391,IDENTIFIER,-1,,,_ask_int,20,,288,_ask_int,10394,10402,0,,ANY
68719477392,IDENTIFIER,1,,,user_id,5,,288,user_id,10379,10386,1,,__builtin.int<meta>.<returnValue>
68719477393,IDENTIFIER,1,,,tmp66,16,,290,tmp66,10438,10490,1,,ANY
68719477394,IDENTIFIER,1,,,r,17,,290,r,10439,10440,2,,json.py:<module>.load.<returnValue>.__iter__.<returnValue>.__next__.<returnValue>
68719477395,IDENTIFIER,1,,,tmp66,16,,290,tmp66,10438,10490,1,,ANY
68719477396,IDENTIFIER,0,,,tmp66,16,,290,tmp66,10438,10490,1,,ANY
68719477397,IDENTIFIER,1,,,reservations,28,,290,reservations,10450,10462,1,,json.py:<module>.load.<returnValue>
68719477398,IDENTIFIER,0,,,reservations,28,,290,reservations,10450,10462,1,,json.py:<module>.load.<returnValue>
68719477399,IDENTIFIER,1,,,tmp67,16,,290,tmp67,10438,10490,1,,json.py:<module>.load.<returnValue>.__iter__.<returnValue>
68719477400,IDENTIFIER,1,,,tmp67,16,,290,tmp67,10438,10490,1,,json.py:<module>.load.<returnValue>.__iter__.<returnValue>
68719477401,IDENTIFIER,0,,,tmp67,16,,290,tmp67,10438,10490,1,,json.py:<module>.load.<returnValue>.__iter__.<returnValue>
68719477402,IDENTIFIER,1,,,r,23,,290,r,10445,10446,1,,json.py:<module>.load.<returnValue>.__iter__.<returnValue>.__next__.<returnValue>
68719477403,IDENTIFIER,1,,,r,44,,290,r,10466,10467,1,,json.py:<module>.load.<returnValue>.__iter__.<returnValue>.__next__.<returnValue>
68719477404,IDENTIFIER,2,,,user_id,60,,290,user_id,10482,10489,2,,__builtin.int<meta>.<returnValue>
68719477405,IDENTIFIER,-1,,,tmp66,16,,290,tmp66,10438,10490,3,,ANY
68719477406,IDENTIFIER,-1,,,next,11,,290,next,10433,10437,0,,ANY
68719477407,IDENTIFIER,1,,,res,5,,290,res,10427,10430,1,,__builtin.next.<returnValue>
68719477408,IDENTIFIER,1,,,res,12,,291,res,10509,10512,1,,__builtin.next.<returnValue>
68719477409,IDENTIFIER,-1,,,print,9,,292,print,10522,10527,0,,ANY
68719477410,IDENTIFIER,1,,,res,8,,295,res,10590,10593,1,,__builtin.next.<returnValue>
68719477411,IDENTIFIER,1,,,res,58,,296,res,10660,10663,1,,__builtin.next.<returnValue>
68719477412,IDENTIFIER,-1,,,print,9,,296,print,10611,10616,0,,ANY
68719477413,IDENTIFIER,-1,,,print,5,,299,print,10695,10700,0,,ANY
68719477414,IDENTIFIER,-1,,,print,5,,300,print,10739,10744,0,,ANY
68719477415,IDENTIFIER,-1,,,print,5,,301,print,10805,10810,0,,ANY
68719477416,IDENTIFIER,-1,,,input,14,,302,input,10863,10868,0,,ANY
68719477417,IDENTIFIER,1,,,tmp68,14,,302,tmp68,10863,10894,1,,__builtin.input.<returnValue>
68719477418,IDENTIFIER,1,,,tmp68,14,,302,tmp68,10863,10894,1,,__builtin.input.<returnValue>
68719477419,IDENTIFIER,0,,,tmp68,14,,302,tmp68,10863,10894,1,,__builtin.input.<returnValue>
68719477420,IDENTIFIER,1,,,choice,5,__builtin.input.<returnValue>;__builtin.input.<returnValue>.strip,302,choice,10854,10860,1,,ANY
68719477421,IDENTIFIER,1,,,choice,8,__builtin.input.<returnValue>;__builtin.input.<returnValue>.strip,304,choice,10903,10909,1,,ANY
68719477422,IDENTIFIER,1,,,random,26,,305,random,10943,10949,1,,random.py:<module>
68719477423,IDENTIFIER,0,,,random,26,,305,random,10943,10949,1,,random.py:<module>
68719477424,IDENTIFIER,1,,,delta,9,,305,delta,10926,10931,1,,random.py:<module>.randint.<returnValue>
68719477425,IDENTIFIER,1,,,datetime,27,,306,datetime,10992,11000,1,,datetime.py:<module>
68719477426,IDENTIFIER,1,,,tmp70,27,,306,tmp70,10992,11013,1,,datetime.py:<module>.<member>(date)
68719477427,IDENTIFIER,1,,,tmp70,27,,306,tmp70,10992,11013,1,,datetime.py:<module>.<member>(date)
68719477428,IDENTIFIER,0,,,tmp70,27,,306,tmp70,10992,11013,1,,datetime.py:<module>.<member>(date)
68719477429,IDENTIFIER,-1,,days,delta,75,,306,delta,11040,11045,2,,random.py:<module>.randint.<returnValue>
68719477430,IDENTIFIER,1,,,datetime,51,,306,datetime,11016,11024,1,,datetime.py:<module>
68719477431,IDENTIFIER,0,,,datetime,51,,306,datetime,11016,11024,1,,datetime.py:<module>
68719477432,IDENTIFIER,1,,,tmp69,27,,306,tmp69,10992,11068,1,,ANY
68719477433,IDENTIFIER,1,,,tmp69,27,,306,tmp69,10992,11068,1,,ANY
68719477434,IDENTIFIER,0,,,tmp69,27,,306,tmp69,10992,11068,1,,ANY
68719477435,IDENTIFIER,1,,,assigned_date,9,,306,assigned_date,10974,10987,1,,__builtin.input.<returnValue>.strip
68719477436,IDENTIFIER,1,,,choice,10,__builtin.input.<returnValue>;__builtin.input.<returnValue>.strip,307,choice,11078,11084,1,,ANY
68719477437,IDENTIFIER,-1,,,_ask_date,26,,308,_ask_date,11118,11127,0,,ANY
68719477438,IDENTIFIER,1,,,assigned_date,9,,308,assigned_date,11101,11114,1,,__builtin.input.<returnValue>.strip
68719477439,IDENTIFIER,-1,,,print,9,,310,print,11175,11180,0,,ANY
68719477440,IDENTIFIER,2,,,assigned_date,22,,313,assigned_date,11258,11271,2,,__builtin.input.<returnValue>.strip
68719477441,IDENTIFIER,1,,,res,5,,313,res,11241,11244,1,,__builtin.next.<returnValue>
68719477442,IDENTIFIER,1,,,RESERVATIONS_FILE,11,,314,RESERVATIONS_FILE,11282,11299,1,,__builtin.str
68719477443,IDENTIFIER,2,,,reservations,30,,314,reservations,11301,11313,2,,json.py:<module>.load.<returnValue>
68719477444,IDENTIFIER,-1,,,_save,5,,314,_save,11276,11281,0,,ANY
68719477445,IDENTIFIER,1,,,assigned_date,51,,315,assigned_date,11365,11378,1,,__builtin.input.<returnValue>.strip
68719477446,IDENTIFIER,-1,,,print,5,,315,print,11319,11324,0,,ANY
68719477447,IDENTIFIER,1,,,view_centers,1,,319,view_centers,11465,11883,1,,ANY
68719477448,IDENTIFIER,1,,,CENTERS_FILE,21,,321,CENTERS_FILE,11548,11560,1,,__builtin.str
68719477449,IDENTIFIER,-1,,,_load,15,,321,_load,11542,11547,0,,ANY
68719477450,IDENTIFIER,1,,,centers,5,,321,centers,11532,11539,1,,json.py:<module>.load.<returnValue>
68719477451,IDENTIFIER,1,,,centers,12,,322,centers,11573,11580,1,,json.py:<module>.load.<returnValue>
68719477452,IDENTIFIER,-1,,,print,9,,323,print,11590,11595,0,,ANY
68719477453,IDENTIFIER,-1,,,print,5,,325,print,11656,11661,0,,ANY
68719477454,IDENTIFIER,1,,,c,22,json.py:<module>.load.<returnValue>.__iter__.<returnValue>.__next__.<returnValue>;__builtin.list.__iter__.<returnValue>.__next__.<returnValue>,327,c,11757,11758,1,,ANY
68719477455,IDENTIFIER,1,,,c,36,json.py:<module>.load.<returnValue>.__iter__.<returnValue>.__next__.<returnValue>;__builtin.list.__iter__.<returnValue>.__next__.<returnValue>,327,c,11771,11772,1,,ANY
68719477456,IDENTIFIER,1,,,c,52,json.py:<module>.load.<returnValue>.__iter__.<returnValue>.__next__.<returnValue>;__builtin.list.__iter__.<returnValue>.__next__.<returnValue>,327,c,11787,11788,1,,ANY
68719477457,IDENTIFIER,-1,,,print,9,,327,print,11744,11749,0,,ANY
68719477458,IDENTIFIER,1,,,c,41,json.py:<module>.load.<returnValue>.__iter__.<returnValue>.__next__.<returnValue>;__builtin.list.__iter__.<returnValue>.__next__.<returnValue>,328,c,11843,11844,1,,ANY
68719477459,IDENTIFIER,1,,,tmp71,31,,328,tmp71,11833,11857,1,,__builtin.str
68719477460,IDENTIFIER,1,,,tmp71,31,,328,tmp71,11833,11857,1,,__builtin.str
68719477461,IDENTIFIER,0,,,tmp71,31,,328,tmp71,11833,11857,1,,__builtin.str
68719477462,IDENTIFIER,-1,,,print,9,,328,print,11811,11816,0,,ANY
68719477463,IDENTIFIER,1,,,centers,14,,326,centers,11727,11734,1,,json.py:<module>.load.<returnValue>
68719477464,IDENTIFIER,0,,,centers,14,,326,centers,11727,11734,1,,json.py:<module>.load.<returnValue>
68719477465,IDENTIFIER,1,,,tmp72,5,,326,tmp72,11718,11865,1,,json.py:<module>.load.<returnValue>.__iter__.<returnValue>
68719477466,IDENTIFIER,1,,,tmp72,5,,326,tmp72,11718,11865,1,,json.py:<module>.load.<returnValue>.__iter__.<returnValue>
68719477467,IDENTIFIER,0,,,tmp72,5,,326,tmp72,11718,11865,1,,json.py:<module>.load.<returnValue>.__iter__.<returnValue>
68719477468,IDENTIFIER,1,,,c,9,json.py:<module>.load.<returnValue>.__iter__.<returnValue>.__next__.<returnValue>;__builtin.list.__iter__.<returnValue>.__next__.<returnValue>,326,c,11722,11723,1,,ANY
68719477469,IDENTIFIER,-1,,,print,5,,329,print,11865,11870,0,,ANY
68719477470,IDENTIFIER,1,,,reserve_vaccination,1,,332,reserve_vaccination,11883,13090,1,,ANY
68719477471,IDENTIFIER,1,,,RESERVATIONS_FILE,26,,334,RESERVATIONS_FILE,11995,12012,1,,__builtin.str
68719477472,IDENTIFIER,-1,,,_load,20,,334,_load,11989,11994,0,,ANY
68719477473,IDENTIFIER,1,,,reservations,5,,334,reservations,11974,11986,1,,json.py:<module>.load.<returnValue>
68719477474,IDENTIFIER,1,,,tmp73,12,,337,tmp73,12057,12105,1,,ANY
68719477475,IDENTIFIER,1,,,r,12,,337,r,12057,12058,1,,json.py:<module>.load.<returnValue>.__iter__.<returnValue>.__next__.<returnValue>
68719477476,IDENTIFIER,1,,,user,28,json.py:<module>.load.<returnValue>.__iter__.<returnValue>.__next__.<returnValue>;Project.py:<module>._load.<returnValue>.__iter__.<returnValue>.__next__.<returnValue>;Project.py:<module>.login_user.<returnValue>,337,user,12073,12077,1,,ANY
68719477477,IDENTIFIER,1,,,tmp73,12,,337,tmp73,12057,12105,1,,ANY
68719477478,IDENTIFIER,0,,,tmp73,12,,337,tmp73,12057,12105,1,,ANY
68719477479,IDENTIFIER,1,,,reservations,48,,337,reservations,12093,12105,1,,json.py:<module>.load.<returnValue>
68719477480,IDENTIFIER,0,,,reservations,48,,337,reservations,12093,12105,1,,json.py:<module>.load.<returnValue>
68719477481,IDENTIFIER,1,,,tmp74,12,,337,tmp74,12057,12105,1,,json.py:<module>.load.<returnValue>.__iter__.<returnValue>
68719477482,IDENTIFIER,1,,,tmp74,12,,337,tmp74,12057,12105,1,,json.py:<module>.load.<returnValue>.__iter__.<returnValue>
68719477483,IDENTIFIER,0,,,tmp74,12,,337,tmp74,12057,12105,1,,json.py:<module>.load.<returnValue>.__iter__.<returnValue>
68719477484,IDENTIFIER,1,,,r,43,,337,r,12088,12089,1,,json.py:<module>.load.<returnValue>.__iter__.<returnValue>.__next__.<returnValue>
68719477485,IDENTIFIER,-1,,,tmp73,12,,337,tmp73,12057,12105,3,,ANY
68719477486,IDENTIFIER,-1,,,any,8,,337,any,12053,12056,0,,ANY
68719477487,IDENTIFIER,-1,,,print,9,,338,print,12116,12121,0,,ANY
68719477488,IDENTIFIER,-1,,,view_centers,5,,341,view_centers,12200,12212,0,,ANY
68719477489,IDENTIFIER,1,,,CENTERS_FILE,21,,342,CENTERS_FILE,12235,12247,1,,__builtin.str
68719477490,IDENTIFIER,-1,,,_load,15,,342,_load,12229,12234,0,,ANY
68719477491,IDENTIFIER,1,,,centers,5,,342,centers,12219,12226,1,,json.py:<module>.load.<returnValue>
68719477492,IDENTIFIER,1,,,centers,12,,343,centers,12260,12267,1,,json.py:<module>.load.<returnValue>
68719477493,IDENTIFIER,-1,,,_ask_int,17,,346,_ask_int,12301,12309,0,,ANY
68719477494,IDENTIFIER,1,,,center_id,5,,346,center_id,12289,12298,1,,__builtin.int<meta>.<returnValue>
68719477495,IDENTIFIER,1,,,tmp75,22,,347,tmp75,12346,12390,1,,ANY
68719477496,IDENTIFIER,1,,,c,23,json.py:<module>.load.<returnValue>.__iter__.<returnValue>.__next__.<returnValue>;__builtin.list.__iter__.<returnValue>.__next__.<returnValue>,347,c,12347,12348,2,,ANY
68719477497,IDENTIFIER,1,,,tmp75,22,,347,tmp75,12346,12390,1,,ANY
68719477498,IDENTIFIER,0,,,tmp75,22,,347,tmp75,12346,12390,1,,ANY
68719477499,IDENTIFIER,1,,,centers,34,,347,centers,12358,12365,1,,json.py:<module>.load.<returnValue>
68719477500,IDENTIFIER,0,,,centers,34,,347,centers,12358,12365,1,,json.py:<module>.load.<returnValue>
68719477501,IDENTIFIER,1,,,tmp76,22,,347,tmp76,12346,12390,1,,json.py:<module>.load.<returnValue>.__iter__.<returnValue>
68719477502,IDENTIFIER,1,,,tmp76,22,,347,tmp76,12346,12390,1,,json.py:<module>.load.<returnValue>.__iter__.<returnValue>
68719477503,IDENTIFIER,0,,,tmp76,22,,347,tmp76,12346,12390,1,,json.py:<module>.load.<returnValue>.__iter__.<returnValue>
68719477504,IDENTIFIER,1,,,c,29,json.py:<module>.load.<returnValue>.__iter__.<returnValue>.__next__.<returnValue>;__builtin.list.__iter__.<returnValue>.__next__.<returnValue>,347,c,12353,12354,1,,ANY
68719477505,IDENTIFIER,1,,,c,45,json.py:<module>.load.<returnValue>.__iter__.<returnValue>.__next__.<returnValue>;__builtin.list.__iter__.<returnValue>.__next__.<returnValue>,347,c,12369,12370,1,,ANY
68719477506,IDENTIFIER,2,,,center_id,56,,347,center_id,12380,12389,2,,__builtin.int<meta>.<returnValue>
68719477507,IDENTIFIER,-1,,,tmp75,22,,347,tmp75,12346,12390,3,,ANY
68719477508,IDENTIFIER,-1,,,next,17,,347,next,12341,12345,0,,ANY
68719477509,IDENTIFIER,1,,,center,5,,347,center,12329,12335,1,,__builtin.next.<returnValue>
68719477510,IDENTIFIER,1,,,center,12,,349,center,12410,12416,1,,__builtin.next.<returnValue>
68719477511,IDENTIFIER,-1,,,print,9,,350,print,12426,12431,0,,ANY
68719477512,IDENTIFIER,1,,,center,44,,353,center,12512,12518,1,,__builtin.next.<returnValue>
68719477513,IDENTIFIER,1,,,tmp77,34,,353,tmp77,12502,12531,1,,__builtin.str
68719477514,IDENTIFIER,1,,,tmp77,34,,353,tmp77,12502,12531,1,,__builtin.str
68719477515,IDENTIFIER,0,,,tmp77,34,,353,tmp77,12502,12531,1,,__builtin.str
68719477516,IDENTIFIER,-1,,,print,5,,353,print,12473,12478,0,,ANY
68719477517,IDENTIFIER,-1,,,_ask,15,,354,_ask,12549,12553,0,,ANY
68719477518,IDENTIFIER,1,,,vaccine,5,,354,vaccine,12539,12546,1,,__builtin.input.<returnValue>.strip
68719477519,IDENTIFIER,1,,,tmp78,20,,357,tmp78,12621,12684,1,,ANY
68719477520,IDENTIFIER,1,,,v,21,__builtin.input.<returnValue>.strip.split.__iter__.__next__.<returnValue>;__builtin.next.<returnValue>.<indexAccess>.__iter__.__next__.<returnValue>,357,v,12622,12623,2,,ANY
68719477521,IDENTIFIER,1,,,tmp78,20,,357,tmp78,12621,12684,1,,ANY
68719477522,IDENTIFIER,0,,,tmp78,20,,357,tmp78,12621,12684,1,,ANY
68719477523,IDENTIFIER,1,,,center,32,,357,center,12633,12639,1,,__builtin.next.<returnValue>
68719477524,IDENTIFIER,1,,,tmp80,20,,357,tmp80,12621,12684,1,,__builtin.next.<returnValue>.<indexAccess>
68719477525,IDENTIFIER,1,,,tmp80,20,,357,tmp80,12621,12684,1,,__builtin.next.<returnValue>.<indexAccess>
68719477526,IDENTIFIER,0,,,tmp80,20,,357,tmp80,12621,12684,1,,__builtin.next.<returnValue>.<indexAccess>
68719477527,IDENTIFIER,1,,,tmp79,20,,357,tmp79,12621,12684,1,,__builtin.next.<returnValue>.<indexAccess>.__iter__
68719477528,IDENTIFIER,1,,,tmp79,20,,357,tmp79,12621,12684,1,,__builtin.next.<returnValue>.<indexAccess>.__iter__
68719477529,IDENTIFIER,0,,,tmp79,20,,357,tmp79,12621,12684,1,,__builtin.next.<returnValue>.<indexAccess>.__iter__
68719477530,IDENTIFIER,1,,,v,27,__builtin.input.<returnValue>.strip.split.__iter__.__next__.<returnValue>;__builtin.next.<returnValue>.<indexAccess>.__iter__.__next__.<returnValue>,357,v,12628,12629,1,,ANY
68719477531,IDENTIFIER,1,,,v,54,__builtin.input.<returnValue>.strip.split.__iter__.__next__.<returnValue>;__builtin.next.<returnValue>.<indexAccess>.__iter__.__next__.<returnValue>,357,v,12655,12656,1,,ANY
68719477532,IDENTIFIER,0,,,v,54,__builtin.input.<returnValue>.strip.split.__iter__.__next__.<returnValue>;__builtin.next.<returnValue>.<indexAccess>.__iter__.__next__.<returnValue>,357,v,12655,12656,1,,ANY
68719477533,IDENTIFIER,1,,,vaccine,67,,357,vaccine,12668,12675,1,,__builtin.input.<returnValue>.strip
68719477534,IDENTIFIER,0,,,vaccine,67,,357,vaccine,12668,12675,1,,__builtin.input.<returnValue>.strip
68719477535,IDENTIFIER,-1,,,tmp78,20,,357,tmp78,12621,12684,3,,ANY
68719477536,IDENTIFIER,-1,,,next,15,,357,next,12616,12620,0,,ANY
68719477537,IDENTIFIER,1,,,matched,5,,357,matched,12606,12613,1,,__builtin.next.<returnValue>
68719477538,IDENTIFIER,1,,,matched,12,,358,matched,12703,12710,1,,__builtin.next.<returnValue>
68719477539,IDENTIFIER,-1,,,print,9,,359,print,12720,12725,0,,ANY
68719477540,IDENTIFIER,1,,,tmp81,25,,362,tmp81,12815,12979,1,,__builtin.dict
68719477541,IDENTIFIER,1,,,tmp81,25,,362,tmp81,12815,12979,1,,__builtin.dict
68719477542,IDENTIFIER,1,,,user,22,json.py:<module>.load.<returnValue>.__iter__.<returnValue>.__next__.<returnValue>;Project.py:<module>._load.<returnValue>.__iter__.<returnValue>.__next__.<returnValue>;Project.py:<module>.login_user.<returnValue>,363,user,12838,12842,1,,ANY
68719477543,IDENTIFIER,1,,,tmp81,25,,362,tmp81,12815,12979,1,,__builtin.dict
68719477544,IDENTIFIER,2,,,center_id,22,,364,center_id,12871,12880,2,,__builtin.int<meta>.<returnValue>
68719477545,IDENTIFIER,1,,,tmp81,25,,362,tmp81,12815,12979,1,,__builtin.dict
68719477546,IDENTIFIER,2,,,matched,22,,365,matched,12903,12910,2,,__builtin.next.<returnValue>
68719477547,IDENTIFIER,1,,,tmp81,25,,362,tmp81,12815,12979,1,,__builtin.dict
68719477548,IDENTIFIER,-1,,,tmp81,25,,362,tmp81,12815,12979,6,,__builtin.dict
68719477549,IDENTIFIER,1,,,reservations,5,,362,reservations,12795,12807,1,,json.py:<module>.load.<returnValue>
68719477550,IDENTIFIER,0,,,reservations,5,,362,reservations,12795,12807,1,,json.py:<module>.load.<returnValue>
68719477551,IDENTIFIER,1,,,RESERVATIONS_FILE,11,,368,RESERVATIONS_FILE,12991,13008,1,,__builtin.str
68719477552,IDENTIFIER,2,,,reservations,30,,368,reservations,13010,13022,2,,json.py:<module>.load.<returnValue>
68719477553,IDENTIFIER,-1,,,_save,5,,368,_save,12985,12990,0,,ANY
68719477554,IDENTIFIER,-1,,,print,5,,369,print,13028,13033,0,,ANY
68719477555,IDENTIFIER,1,,,view_vaccination_date,1,,372,view_vaccination_date,13090,13841,1,,ANY
68719477556,IDENTIFIER,1,,,RESERVATIONS_FILE,26,,374,RESERVATIONS_FILE,13205,13222,1,,__builtin.str
68719477557,IDENTIFIER,-1,,,_load,20,,374,_load,13199,13204,0,,ANY
68719477558,IDENTIFIER,1,,,reservations,5,,374,reservations,13184,13196,1,,json.py:<module>.load.<returnValue>
68719477559,IDENTIFIER,1,,,tmp82,16,,375,tmp82,13239,13294,1,,ANY
68719477560,IDENTIFIER,1,,,r,17,,375,r,13240,13241,2,,json.py:<module>.load.<returnValue>.__iter__.<returnValue>.__next__.<returnValue>
68719477561,IDENTIFIER,1,,,tmp82,16,,375,tmp82,13239,13294,1,,ANY
68719477562,IDENTIFIER,0,,,tmp82,16,,375,tmp82,13239,13294,1,,ANY
68719477563,IDENTIFIER,1,,,reservations,28,,375,reservations,13251,13263,1,,json.py:<module>.load.<returnValue>
68719477564,IDENTIFIER,0,,,reservations,28,,375,reservations,13251,13263,1,,json.py:<module>.load.<returnValue>
68719477565,IDENTIFIER,1,,,tmp83,16,,375,tmp83,13239,13294,1,,json.py:<module>.load.<returnValue>.__iter__.<returnValue>
68719477566,IDENTIFIER,1,,,tmp83,16,,375,tmp83,13239,13294,1,,json.py:<module>.load.<returnValue>.__iter__.<returnValue>
68719477567,IDENTIFIER,0,,,tmp83,16,,375,tmp83,13239,13294,1,,json.py:<module>.load.<returnValue>.__iter__.<returnValue>
68719477568,IDENTIFIER,1,,,r,23,,375,r,13246,13247,1,,json.py:<module>.load.<returnValue>.__iter__.<returnValue>.__next__.<returnValue>
68719477569,IDENTIFIER,1,,,r,44,,375,r,13267,13268,1,,json.py:<module>.load.<returnValue>.__iter__.<returnValue>.__next__.<returnValue>
68719477570,IDENTIFIER,1,,,user,60,json.py:<module>.load.<returnValue>.__iter__.<returnValue>.__next__.<returnValue>;Project.py:<module>._load.<returnValue>.__iter__.<returnValue>.__next__.<returnValue>;Project.py:<module>.login_user.<returnValue>,375,user,13283,13287,1,,ANY
68719477571,IDENTIFIER,-1,,,tmp82,16,,375,tmp82,13239,13294,3,,ANY
68719477572,IDENTIFIER,-1,,,next,11,,375,next,13234,13238,0,,ANY
68719477573,IDENTIFIER,1,,,res,5,,375,res,13228,13231,1,,__builtin.next.<returnValue>
68719477574,IDENTIFIER,1,,,res,12,,377,res,13314,13317,1,,__builtin.next.<returnValue>
68719477575,IDENTIFIER,-1,,,print,9,,378,print,13327,13332,0,,ANY
68719477576,IDENTIFIER,1,,,res,10,,379,res,13374,13377,1,,__builtin.next.<returnValue>
68719477577,IDENTIFIER,1,,,CENTERS_FILE,29,,380,CENTERS_FILE,13415,13427,1,,__builtin.str
68719477578,IDENTIFIER,-1,,,_load,23,,380,_load,13409,13414,0,,ANY
68719477579,IDENTIFIER,1,,,centers,9,,380,centers,13395,13402,1,,json.py:<module>.load.<returnValue>
68719477580,IDENTIFIER,1,,,tmp84,13,,382,tmp84,13469,13528,1,,ANY
68719477581,IDENTIFIER,1,,,c,14,json.py:<module>.load.<returnValue>.__iter__.<returnValue>.__next__.<returnValue>;__builtin.list.__iter__.<returnValue>.__next__.<returnValue>,382,c,13470,13471,1,,ANY
68719477582,IDENTIFIER,1,,,tmp84,13,,382,tmp84,13469,13528,1,,ANY
68719477583,IDENTIFIER,0,,,tmp84,13,,382,tmp84,13469,13528,1,,ANY
68719477584,IDENTIFIER,1,,,centers,33,,382,centers,13489,13496,1,,json.py:<module>.load.<returnValue>
68719477585,IDENTIFIER,0,,,centers,33,,382,centers,13489,13496,1,,json.py:<module>.load.<returnValue>
68719477586,IDENTIFIER,1,,,tmp85,13,,382,tmp85,13469,13528,1,,json.py:<module>.load.<returnValue>.__iter__.<returnValue>
68719477587,IDENTIFIER,1,,,tmp85,13,,382,tmp85,13469,13528,1,,json.py:<module>.load.<returnValue>.__iter__.<returnValue>
68719477588,IDENTIFIER,0,,,tmp85,13,,382,tmp85,13469,13528,1,,json.py:<module>.load.<returnValue>.__iter__.<returnValue>
68719477589,IDENTIFIER,1,,,c,28,json.py:<module>.load.<returnValue>.__iter__.<returnValue>.__next__.<returnValue>;__builtin.list.__iter__.<returnValue>.__next__.<returnValue>,382,c,13484,13485,1,,ANY
68719477590,IDENTIFIER,1,,,c,44,json.py:<module>.load.<returnValue>.__iter__.<returnValue>.__next__.<returnValue>;__builtin.list.__iter__.<returnValue>.__next__.<returnValue>,382,c,13500,13501,1,,ANY
68719477591,IDENTIFIER,1,,,res,55,,382,res,13511,13514,1,,__builtin.next.<returnValue>
68719477592,IDENTIFIER,-1,,,tmp84,13,,382,tmp84,13469,13528,3,,ANY
68719477593,IDENTIFIER,-1,,,next,23,,381,next,13451,13455,0,,ANY
68719477594,IDENTIFIER,1,,,center_name,9,__builtin.dict.get.<returnValue>;__builtin.next.<returnValue>,381,center_name,13437,13448,1,,ANY
68719477595,IDENTIFIER,1,,,res,36,,385,res,13597,13600,1,,__builtin.next.<returnValue>
68719477596,IDENTIFIER,1,,,center_name,56,__builtin.dict.get.<returnValue>;__builtin.next.<returnValue>,385,center_name,13617,13628,1,,ANY
68719477597,IDENTIFIER,1,,,res,21,,386,res,13652,13655,1,,__builtin.next.<returnValue>
68719477598,IDENTIFIER,-1,,,print,9,,385,print,13570,13575,0,,ANY
68719477599,IDENTIFIER,-1,,,print,9,,388,print,13686,13691,0,,ANY
68719477600,IDENTIFIER,1,,,admin_menu,1,,392,admin_menu,13841,14565,1,,ANY
68719477601,IDENTIFIER,-1,,,print,9,,394,print,13883,13888,0,,ANY
68719477602,IDENTIFIER,-1,,,print,9,,395,print,13949,13954,0,,ANY
68719477603,IDENTIFIER,-1,,,print,9,,396,print,14003,14008,0,,ANY
68719477604,IDENTIFIER,-1,,,print,9,,397,print,14051,14056,0,,ANY
68719477605,IDENTIFIER,-1,,,print,9,,398,print,14103,14108,0,,ANY
68719477606,IDENTIFIER,-1,,,print,9,,399,print,14162,14167,0,,ANY
68719477607,IDENTIFIER,-1,,,input,18,,400,input,14198,14203,0,,ANY
68719477608,IDENTIFIER,1,,,choice,9,__builtin.input.<returnValue>;__builtin.input.<returnValue>.strip,400,choice,14189,14195,1,,ANY
68719477609,IDENTIFIER,1,,,choice,14,__builtin.input.<returnValue>;__builtin.input.<returnValue>.strip,402,choice,14236,14242,1,,ANY
68719477610,IDENTIFIER,-1,,,add_or_remove_center,29,,402,add_or_remove_center,14251,14271,0,,ANY
68719477611,IDENTIFIER,1,,,choice,14,__builtin.input.<returnValue>;__builtin.input.<returnValue>.strip,403,choice,14287,14293,1,,ANY
68719477612,IDENTIFIER,-1,,,search_center_by_name,29,,403,search_center_by_name,14302,14323,0,,ANY
68719477613,IDENTIFIER,1,,,choice,14,__builtin.input.<returnValue>;__builtin.input.<returnValue>.strip,404,choice,14339,14345,1,,ANY
68719477614,IDENTIFIER,-1,,,list_users_and_reservations,29,,404,list_users_and_reservations,14354,14381,0,,ANY
68719477615,IDENTIFIER,1,,,choice,14,__builtin.input.<returnValue>;__builtin.input.<returnValue>.strip,405,choice,14397,14403,1,,ANY
68719477616,IDENTIFIER,-1,,,accept_reservation,29,,405,accept_reservation,14412,14430,0,,ANY
68719477617,IDENTIFIER,1,,,choice,14,__builtin.input.<returnValue>;__builtin.input.<returnValue>.strip,406,choice,14446,14452,1,,ANY
68719477618,IDENTIFIER,-1,,,print,13,,407,print,14473,14478,0,,ANY
68719477619,IDENTIFIER,-1,,,print,13,,410,print,14538,14543,0,,ANY
68719477620,IDENTIFIER,1,,,user_menu,1,,413,user_menu,14565,15240,1,,ANY
68719477621,IDENTIFIER,1,,,user,34,json.py:<module>.load.<returnValue>.__iter__.<returnValue>.__next__.<returnValue>;Project.py:<module>._load.<returnValue>.__iter__.<returnValue>.__next__.<returnValue>;Project.py:<module>.login_user.<returnValue>,415,user,14635,14639,1,,ANY
68719477622,IDENTIFIER,-1,,,print,9,,415,print,14610,14615,0,,ANY
68719477623,IDENTIFIER,-1,,,print,9,,416,print,14681,14686,0,,ANY
68719477624,IDENTIFIER,-1,,,print,9,,417,print,14726,14731,0,,ANY
68719477625,IDENTIFIER,-1,,,print,9,,418,print,14768,14773,0,,ANY
68719477626,IDENTIFIER,-1,,,print,9,,419,print,14813,14818,0,,ANY
68719477627,IDENTIFIER,-1,,,input,18,,420,input,14849,14854,0,,ANY
68719477628,IDENTIFIER,1,,,choice,9,__builtin.input.<returnValue>;__builtin.input.<returnValue>.strip,420,choice,14840,14846,1,,ANY
68719477629,IDENTIFIER,1,,,choice,14,__builtin.input.<returnValue>;__builtin.input.<returnValue>.strip,422,choice,14887,14893,1,,ANY
68719477630,IDENTIFIER,-1,,,view_centers,29,,422,view_centers,14902,14914,0,,ANY
68719477631,IDENTIFIER,1,,,choice,14,__builtin.input.<returnValue>;__builtin.input.<returnValue>.strip,423,choice,14930,14936,1,,ANY
68719477632,IDENTIFIER,1,,,user,49,json.py:<module>.load.<returnValue>.__iter__.<returnValue>.__next__.<returnValue>;Project.py:<module>._load.<returnValue>.__iter__.<returnValue>.__next__.<returnValue>;Project.py:<module>.login_user.<returnValue>,423,user,14965,14969,1,,ANY
68719477633,IDENTIFIER,-1,,,reserve_vaccination,29,,423,reserve_vaccination,14945,14964,0,,ANY
68719477634,IDENTIFIER,1,,,choice,14,__builtin.input.<returnValue>;__builtin.input.<returnValue>.strip,424,choice,14984,14990,1,,ANY
68719477635,IDENTIFIER,1,,,user,51,json.py:<module>.load.<returnValue>.__iter__.<returnValue>.__next__.<returnValue>;Project.py:<module>._load.<returnValue>.__iter__.<returnValue>.__next__.<returnValue>;Project.py:<module>.login_user.<returnValue>,424,user,15021,15025,1,,ANY
68719477636,IDENTIFIER,-1,,,view_vaccination_date,29,,424,view_vaccination_date,14999,15020,0,,ANY
68719477637,IDENTIFIER,1,,,choice,14,__builtin.input.<returnValue>;__builtin.input.<returnValue>.strip,425,choice,15040,15046,1,,ANY
68719477638,IDENTIFIER,-1,,,print,13,,426,print,15067,15072,0,,ANY
68719477639,IDENTIFIER,-1,,,print,13,,429,print,15132,15137,0,,ANY
68719477640,IDENTIFIER,1,,,main,1,,433,main,15240,15943,1,,ANY
68719477641,IDENTIFIER,-1,,,init_data,5,,434,init_data,15256,15265,0,,ANY
68719477642,IDENTIFIER,-1,,,print,9,,436,print,15336,15341,0,,ANY
68719477643,IDENTIFIER,-1,,,print,9,,437,print,15403,15408,0,,ANY
68719477644,IDENTIFIER,-1,,,print,9,,438,print,15432,15437,0,,ANY
68719477645,IDENTIFIER,-1,,,print,9,,439,print,15467,15472,0,,ANY
68719477646,IDENTIFIER,-1,,,print,9,,440,print,15501,15506,0,,ANY
68719477647,IDENTIFIER,-1,,,input,18,,441,input,15535,15540,0,,ANY
68719477648,IDENTIFIER,1,,,choice,9,__builtin.input.<returnValue>;__builtin.input.<returnValue>.strip,441,choice,15526,15532,1,,ANY
68719477649,IDENTIFIER,1,,,choice,12,__builtin.input.<returnValue>;__builtin.input.<returnValue>.strip,443,choice,15571,15577,1,,ANY
68719477650,IDENTIFIER,-1,,,register_user,13,,444,register_user,15598,15611,0,,ANY
68719477651,IDENTIFIER,1,,,choice,14,__builtin.input.<returnValue>;__builtin.input.<returnValue>.strip,445,choice,15627,15633,1,,ANY
68719477652,IDENTIFIER,-1,,,login_admin,16,,446,login_admin,15657,15668,0,,ANY
68719477653,IDENTIFIER,-1,,,admin_menu,17,,447,admin_menu,15688,15698,0,,ANY
68719477654,IDENTIFIER,1,,,choice,14,__builtin.input.<returnValue>;__builtin.input.<returnValue>.strip,448,choice,15714,15720,1,,ANY
68719477655,IDENTIFIER,-1,,,login_user,20,,449,login_user,15748,15758,0,,ANY
68719477656,IDENTIFIER,1,,,user,13,json.py:<module>.load.<returnValue>.__iter__.<returnValue>.__next__.<returnValue>;Project.py:<module>._load.<returnValue>.__iter__.<returnValue>.__next__.<returnValue>;Project.py:<module>.login_user.<returnValue>,449,user,15741,15745,1,,ANY
68719477657,IDENTIFIER,-1,,,user,16,json.py:<module>.load.<returnValue>.__iter__.<returnValue>.__next__.<returnValue>;Project.py:<module>._load.<returnValue>.__iter__.<returnValue>.__next__.<returnValue>;Project.py:<module>.login_user.<returnValue>,450,user,15776,15780,1,,ANY
68719477658,IDENTIFIER,1,,,user,27,json.py:<module>.load.<returnValue>.__iter__.<returnValue>.__next__.<returnValue>;Project.py:<module>._load.<returnValue>.__iter__.<returnValue>.__next__.<returnValue>;Project.py:<module>.login_user.<returnValue>,451,user,15808,15812,1,,ANY
68719477659,IDENTIFIER,-1,,,user_menu,17,,451,user_menu,15798,15807,0,,ANY
68719477660,IDENTIFIER,1,,,choice,14,__builtin.input.<returnValue>;__builtin.input.<returnValue>.strip,452,choice,15827,15833,1,,ANY
68719477661,IDENTIFIER,-1,,,print,13,,453,print,15854,15859,0,,ANY
68719477662,IDENTIFIER,-1,,,print,13,,456,print,15916,15921,0,,ANY
68719477663,IDENTIFIER,1,,,__name__,4,,459,__name__,15946,15954,1,,ANY
68719477664,IDENTIFIER,-1,,,main,5,,460,main,15974,15978,0,,ANY
68719477665,IDENTIFIER,1,,,print,1,,1,print,1,1,1,,ANY
68719477666,IDENTIFIER,1,,,ast,1,,6,ast,124,134,1,,ast.py:<module>
68719477667,IDENTIFIER,-1,,,import,1,,6,import,124,134,0,,ANY
68719477668,IDENTIFIER,-1,,,print,1,,11,print,380,385,0,,ANY
68719477669,IDENTIFIER,-1,,,print,1,,12,print,396,401,0,,ANY
68719477670,IDENTIFIER,-1,,,print,1,,13,print,450,455,0,,ANY
68719477671,IDENTIFIER,1,,,code1,1,,14,code1,466,471,1,,__builtin.str
68719477672,IDENTIFIER,1,,,code1,19,,15,code1,514,519,2,,__builtin.str
68719477673,IDENTIFIER,1,,,ast,9,,15,ast,504,507,1,,ast.py:<module>
68719477674,IDENTIFIER,0,,,ast,9,,15,ast,504,507,1,,ast.py:<module>
68719477675,IDENTIFIER,1,,,tree1,1,,15,tree1,496,501,1,,ast.py:<module>.parse.<returnValue>
68719477676,IDENTIFIER,1,,,tree1,16,,16,tree1,536,541,2,,ast.py:<module>.parse.<returnValue>
68719477677,IDENTIFIER,1,,,ast,7,,16,ast,527,530,1,,ast.py:<module>
68719477678,IDENTIFIER,0,,,ast,7,,16,ast,527,530,1,,ast.py:<module>
68719477679,IDENTIFIER,-1,,,print,1,,16,print,521,526,0,,ANY
68719477680,IDENTIFIER,-1,,,print,1,,22,print,736,741,0,,ANY
68719477681,IDENTIFIER,-1,,,print,1,,23,print,759,764,0,,ANY
68719477682,IDENTIFIER,-1,,,print,1,,24,print,811,816,0,,ANY
68719477683,IDENTIFIER,1,,,code2,1,,25,code2,827,832,1,,__builtin.str
68719477684,IDENTIFIER,1,,,code2,19,,31,code2,973,978,2,,__builtin.str
68719477685,IDENTIFIER,1,,,ast,9,,31,ast,963,966,1,,ast.py:<module>
68719477686,IDENTIFIER,0,,,ast,9,,31,ast,963,966,1,,ast.py:<module>
68719477687,IDENTIFIER,1,,,tree2,1,,31,tree2,955,960,1,,ast.py:<module>.parse.<returnValue>
68719477688,IDENTIFIER,1,,,tree2,16,,32,tree2,995,1000,2,,ast.py:<module>.parse.<returnValue>
68719477689,IDENTIFIER,1,,,ast,7,,32,ast,986,989,1,,ast.py:<module>
68719477690,IDENTIFIER,0,,,ast,7,,32,ast,986,989,1,,ast.py:<module>
68719477691,IDENTIFIER,-1,,,print,1,,32,print,980,985,0,,ANY
68719477692,IDENTIFIER,-1,,,print,1,,37,print,1140,1145,0,,ANY
68719477693,IDENTIFIER,-1,,,print,1,,38,print,1163,1168,0,,ANY
68719477694,IDENTIFIER,-1,,,print,1,,39,print,1227,1232,0,,ANY
68719477695,IDENTIFIER,1,,,code3,1,,40,code3,1243,1248,1,,__builtin.str
68719477696,IDENTIFIER,1,,,code3,19,,47,code3,1426,1431,2,,__builtin.str
68719477697,IDENTIFIER,1,,,ast,9,,47,ast,1416,1419,1,,ast.py:<module>
68719477698,IDENTIFIER,0,,,ast,9,,47,ast,1416,1419,1,,ast.py:<module>
68719477699,IDENTIFIER,1,,,tree3,1,,47,tree3,1408,1413,1,,ast.py:<module>.parse.<returnValue>
68719477700,IDENTIFIER,1,,,tree3,16,,48,tree3,1448,1453,2,,ast.py:<module>.parse.<returnValue>
68719477701,IDENTIFIER,1,,,ast,7,,48,ast,1439,1442,1,,ast.py:<module>
68719477702,IDENTIFIER,0,,,ast,7,,48,ast,1439,1442,1,,ast.py:<module>
68719477703,IDENTIFIER,-1,,,print,1,,48,print,1433,1438,0,,ANY
68719477704,IDENTIFIER,1,,,len,1,,1,len,1,1,1,,ANY
68719477705,IDENTIFIER,1,,,print,1,,1,print,1,1,1,,ANY
68719477706,IDENTIFIER,1,,,range,1,,1,range,1,1,1,,ANY
68719477707,IDENTIFIER,1,,,range,1,,1,range,1,1,1,,ANY
68719477708,IDENTIFIER,1,,,str,1,,1,str,1,1,1,,ANY
68719477709,IDENTIFIER,1,,,_hash,1,,8,_hash,253,326,1,,Project.py:<module>._hash
68719477710,IDENTIFIER,-1,,,import,1,,8,import,253,326,0,,ANY
68719477711,IDENTIFIER,1,,,_valid_email,1,,8,_valid_email,253,326,1,,Project.py:<module>._valid_email
68719477712,IDENTIFIER,-1,,,import,1,,8,import,253,326,0,,ANY
68719477713,IDENTIFIER,1,,,_valid_phone,1,,8,_valid_phone,253,326,1,,Project.py:<module>._valid_phone
68719477714,IDENTIFIER,-1,,,import,1,,8,import,253,326,0,,ANY
68719477715,IDENTIFIER,1,,,_valid_national_id,1,,8,_valid_national_id,253,326,1,,Project.py:<module>._valid_national_id
68719477716,IDENTIFIER,-1,,,import,1,,8,import,253,326,0,,ANY
68719477717,IDENTIFIER,1,,,generate_bulk_users,1,,11,generate_bulk_users,329,1004,1,,ANY
68719477718,IDENTIFIER,1,,,users,5,__builtin.list;scalene_demo.py:<module>.generate_bulk_users.<returnValue>,13,users,435,440,1,,__builtin.list
68719477719,IDENTIFIER,1,,,i,24,__builtin.range.<returnValue>.__iter__.__next__.<returnValue>;__builtin.range<meta>.<returnValue>.__iter__.__next__.<returnValue>,15,i,492,493,1,,ANY
68719477720,IDENTIFIER,1,,,email,9,,15,email,477,482,1,,ANY
68719477721,IDENTIFIER,1,,,i,25,__builtin.range.<returnValue>.__iter__.__next__.<returnValue>;__builtin.range<meta>.<returnValue>.__iter__.__next__.<returnValue>,16,i,532,533,1,,ANY
68719477722,IDENTIFIER,1,,,phone,9,,16,phone,516,521,1,,ANY
68719477723,IDENTIFIER,2,,,i,44,__builtin.range.<returnValue>.__iter__.__next__.<returnValue>;__builtin.range<meta>.<returnValue>.__iter__.__next__.<returnValue>,17,i,594,595,2,,ANY
68719477724,IDENTIFIER,-1,,,str,23,,17,str,573,576,0,,ANY
68719477725,IDENTIFIER,1,,,national_id,9,,17,national_id,559,570,1,,__builtin.str<meta>.<returnValue>
68719477726,IDENTIFIER,1,,,i,31,__builtin.range.<returnValue>.__iter__.__next__.<returnValue>;__builtin.range<meta>.<returnValue>.__iter__.__next__.<returnValue>,18,i,627,628,1,,ANY
68719477727,IDENTIFIER,1,,,password,9,,18,password,605,613,1,,ANY
68719477728,IDENTIFIER,1,,,email,25,,20,email,656,661,1,,ANY
68719477729,IDENTIFIER,-1,,,_valid_email,12,,20,_valid_email,643,655,0,,Project.py:<module>._valid_email
68719477730,IDENTIFIER,1,,,phone,49,,20,phone,680,685,1,,ANY
68719477731,IDENTIFIER,-1,,,_valid_phone,36,,20,_valid_phone,667,679,0,,Project.py:<module>._valid_phone
68719477732,IDENTIFIER,1,,,national_id,79,,20,national_id,710,721,1,,__builtin.str<meta>.<returnValue>
68719477733,IDENTIFIER,-1,,,_valid_national_id,60,,20,_valid_national_id,691,709,0,,Project.py:<module>._valid_national_id
68719477734,IDENTIFIER,1,,,password,28,,21,password,751,759,1,,ANY
68719477735,IDENTIFIER,-1,,,_hash,22,,21,_hash,745,750,0,,Project.py:<module>._hash
68719477736,IDENTIFIER,1,,,hashed,13,,21,hashed,736,742,1,,Project.py:<module>._hash.<returnValue>
68719477737,IDENTIFIER,1,,,tmp0,26,,22,tmp0,799,983,1,,__builtin.dict
68719477738,IDENTIFIER,1,,,tmp0,26,,22,tmp0,799,983,1,,__builtin.dict
68719477739,IDENTIFIER,2,,,i,23,__builtin.range.<returnValue>.__iter__.__next__.<returnValue>;__builtin.range<meta>.<returnValue>.__iter__.__next__.<returnValue>,23,i,823,824,2,,ANY
68719477740,IDENTIFIER,1,,,tmp0,26,,22,tmp0,799,983,1,,__builtin.dict
68719477741,IDENTIFIER,2,,,email,26,,24,email,851,856,2,,ANY
68719477742,IDENTIFIER,1,,,tmp0,26,,22,tmp0,799,983,1,,__builtin.dict
68719477743,IDENTIFIER,2,,,phone,26,,25,phone,883,888,2,,ANY
68719477744,IDENTIFIER,1,,,tmp0,26,,22,tmp0,799,983,1,,__builtin.dict
68719477745,IDENTIFIER,2,,,national_id,32,,26,national_id,921,932,2,,__builtin.str<meta>.<returnValue>
68719477746,IDENTIFIER,1,,,tmp0,26,,22,tmp0,799,983,1,,__builtin.dict
68719477747,IDENTIFIER,2,,,hashed,29,,27,hashed,962,968,2,,Project.py:<module>._hash.<returnValue>
68719477748,IDENTIFIER,-1,,,tmp0,26,,22,tmp0,799,983,7,,__builtin.dict
68719477749,IDENTIFIER,1,,,users,13,__builtin.list;scalene_demo.py:<module>.generate_bulk_users.<returnValue>,22,users,786,791,1,,__builtin.list
68719477750,IDENTIFIER,0,,,users,13,__builtin.list;scalene_demo.py:<module>.generate_bulk_users.<returnValue>,22,users,786,791,1,,__builtin.list
68719477751,IDENTIFIER,1,,,n,20,,14,n,465,466,1,,ANY
68719477752,IDENTIFIER,-1,,,range,14,,14,range,459,464,0,,ANY
68719477753,IDENTIFIER,1,,,tmp2,5,__builtin.range.<returnValue>;__builtin.range<meta>.<returnValue>,14,tmp2,450,989,1,,ANY
68719477754,IDENTIFIER,1,,,tmp2,5,__builtin.range.<returnValue>;__builtin.range<meta>.<returnValue>,14,tmp2,450,989,1,,ANY
68719477755,IDENTIFIER,0,,,tmp2,5,__builtin.range.<returnValue>;__builtin.range<meta>.<returnValue>,14,tmp2,450,989,1,,ANY
68719477756,IDENTIFIER,1,,,tmp1,5,__builtin.range.<returnValue>.__iter__;__builtin.range<meta>.<returnValue>.__iter__,14,tmp1,450,989,1,,ANY
68719477757,IDENTIFIER,1,,,tmp1,5,__builtin.range.<returnValue>.__iter__;__builtin.range<meta>.<returnValue>.__iter__,14,tmp1,450,989,1,,ANY
68719477758,IDENTIFIER,0,,,tmp1,5,__builtin.range.<returnValue>.__iter__;__builtin.range<meta>.<returnValue>.__iter__,14,tmp1,450,989,1,,ANY
68719477759,IDENTIFIER,1,,,i,9,__builtin.range.<returnValue>.__iter__.__next__.<returnValue>;__builtin.range<meta>.<returnValue>.__iter__.__next__.<returnValue>,14,i,454,455,1,,ANY
68719477760,IDENTIFIER,1,,,users,12,__builtin.list;scalene_demo.py:<module>.generate_bulk_users.<returnValue>,29,users,996,1001,1,,__builtin.list
68719477761,IDENTIFIER,1,,,process_users,1,,32,process_users,1004,1151,1,,ANY
68719477762,IDENTIFIER,1,,,tmp3,12,,34,tmp3,1110,1148,1,,__builtin.list
68719477763,IDENTIFIER,1,,,u,13,__builtin.list.__iter__.<returnValue>.__next__.<returnValue>;scalene_demo.py:<module>.generate_bulk_users.<returnValue>.__iter__.<returnValue>.__next__.<returnValue>,34,u,1111,1112,1,,ANY
68719477764,IDENTIFIER,1,,,tmp4,13,__builtin.list.__iter__.<returnValue>.__next__.<returnValue>.<indexAccess>;scalene_demo.py:<module>.generate_bulk_users.<returnValue>.__iter__.<returnValue>.__next__.<returnValue>.<indexAccess>,34,tmp4,1111,1132,1,,ANY
68719477765,IDENTIFIER,1,,,tmp4,13,__builtin.list.__iter__.<returnValue>.__next__.<returnValue>.<indexAccess>;scalene_demo.py:<module>.generate_bulk_users.<returnValue>.__iter__.<returnValue>.__next__.<returnValue>.<indexAccess>,34,tmp4,1111,1132,1,,ANY
68719477766,IDENTIFIER,0,,,tmp4,13,__builtin.list.__iter__.<returnValue>.__next__.<returnValue>.<indexAccess>;scalene_demo.py:<module>.generate_bulk_users.<returnValue>.__iter__.<returnValue>.__next__.<returnValue>.<indexAccess>,34,tmp4,1111,1132,1,,ANY
68719477767,IDENTIFIER,1,,,tmp3,12,,34,tmp3,1110,1148,1,,__builtin.list
68719477768,IDENTIFIER,0,,,tmp3,12,,34,tmp3,1110,1148,1,,__builtin.list
68719477769,IDENTIFIER,1,,,users,44,__builtin.list;scalene_demo.py:<module>.generate_bulk_users.<returnValue>,34,users,1142,1147,1,,__builtin.list
68719477770,IDENTIFIER,0,,,users,44,__builtin.list;scalene_demo.py:<module>.generate_bulk_users.<returnValue>,34,users,1142,1147,1,,__builtin.list
68719477771,IDENTIFIER,1,,,tmp5,12,__builtin.list.__iter__.<returnValue>;scalene_demo.py:<module>.generate_bulk_users.<returnValue>.__iter__.<returnValue>,34,tmp5,1110,1148,1,,ANY
68719477772,IDENTIFIER,1,,,tmp5,12,__builtin.list.__iter__.<returnValue>;scalene_demo.py:<module>.generate_bulk_users.<returnValue>.__iter__.<returnValue>,34,tmp5,1110,1148,1,,ANY
68719477773,IDENTIFIER,0,,,tmp5,12,__builtin.list.__iter__.<returnValue>;scalene_demo.py:<module>.generate_bulk_users.<returnValue>.__iter__.<returnValue>,34,tmp5,1110,1148,1,,ANY
68719477774,IDENTIFIER,1,,,u,39,__builtin.list.__iter__.<returnValue>.__next__.<returnValue>;scalene_demo.py:<module>.generate_bulk_users.<returnValue>.__iter__.<returnValue>.__next__.<returnValue>,34,u,1137,1138,1,,ANY
68719477775,IDENTIFIER,-1,,,tmp3,12,,34,tmp3,1110,1148,3,,__builtin.list
68719477776,IDENTIFIER,1,,,calculate_stats,1,,37,calculate_stats,1151,1283,1,,ANY
68719477777,IDENTIFIER,1,,,users,16,__builtin.list;scalene_demo.py:<module>.generate_bulk_users.<returnValue>,39,users,1274,1279,1,,__builtin.list
68719477778,IDENTIFIER,-1,,,len,12,,39,len,1270,1273,0,,ANY
68719477779,IDENTIFIER,-1,,,generate_bulk_users,9,,42,generate_bulk_users,1291,1310,0,,ANY
68719477780,IDENTIFIER,1,,,users,1,__builtin.list;scalene_demo.py:<module>.generate_bulk_users.<returnValue>,42,users,1283,1288,1,,__builtin.list
68719477781,IDENTIFIER,1,,,users,27,__builtin.list;scalene_demo.py:<module>.generate_bulk_users.<returnValue>,43,users,1345,1350,1,,__builtin.list
68719477782,IDENTIFIER,-1,,,process_users,13,,43,process_users,1331,1344,0,,ANY
68719477783,IDENTIFIER,1,,,processed,1,,43,processed,1319,1328,1,,scalene_demo.py:<module>.process_users.<returnValue>
68719477784,IDENTIFIER,1,,,users,25,__builtin.list;scalene_demo.py:<module>.generate_bulk_users.<returnValue>,44,users,1376,1381,1,,__builtin.list
68719477785,IDENTIFIER,-1,,,calculate_stats,9,,44,calculate_stats,1360,1375,0,,ANY
68719477786,IDENTIFIER,1,,,total,1,,44,total,1352,1357,1,,__builtin.len.<returnValue>
68719477787,IDENTIFIER,1,,,total,33,,46,total,1416,1421,1,,__builtin.len.<returnValue>
68719477788,IDENTIFIER,-1,,,print,1,,46,print,1384,1389,0,,ANY
68719477789,IDENTIFIER,1,,,processed,33,,47,processed,1457,1466,1,,scalene_demo.py:<module>.process_users.<returnValue>
68719477790,IDENTIFIER,-1,,,print,1,,47,print,1425,1430,0,,ANY
68719477791,IDENTIFIER,1,,,print,1,,1,print,1,1,1,,ANY
68719477792,IDENTIFIER,1,,,os,1,,7,os,169,178,1,,os.py:<module>
68719477793,IDENTIFIER,-1,,,import,1,,7,import,169,178,0,,ANY
68719477794,IDENTIFIER,1,,,sys,1,,8,sys,179,189,1,,sys.py:<module>
68719477795,IDENTIFIER,-1,,,import,1,,8,import,179,189,0,,ANY
68719477796,IDENTIFIER,1,,,_valid_email,1,,9,_valid_email,190,229,1,,Project.py:<module>._valid_email
68719477797,IDENTIFIER,-1,,,import,1,,9,import,190,229,0,,ANY
68719477798,IDENTIFIER,1,,,_hash,1,,9,_hash,190,229,1,,Project.py:<module>._hash
68719477799,IDENTIFIER,-1,,,import,1,,9,import,190,229,0,,ANY
68719477800,IDENTIFIER,1,,,os,5,,14,os,376,378,1,,os.py:<module>
68719477801,IDENTIFIER,1,,,tmp0,5,,14,tmp0,376,405,1,,os.py:<module>.<member>(path)
68719477802,IDENTIFIER,1,,,tmp0,5,,14,tmp0,376,405,1,,os.py:<module>.<member>(path)
68719477803,IDENTIFIER,0,,,tmp0,5,,14,tmp0,376,405,1,,os.py:<module>.<member>(path)
68719477804,IDENTIFIER,1,,,__file__,21,,15,__file__,427,435,2,,ANY
68719477805,IDENTIFIER,1,,,os,5,,15,os,411,413,1,,os.py:<module>
68719477806,IDENTIFIER,1,,,tmp1,5,,15,tmp1,411,436,1,,os.py:<module>.<member>(path)
68719477807,IDENTIFIER,1,,,tmp1,5,,15,tmp1,411,436,1,,os.py:<module>.<member>(path)
68719477808,IDENTIFIER,0,,,tmp1,5,,15,tmp1,411,436,1,,os.py:<module>.<member>(path)
68719477809,IDENTIFIER,1,,,OWN_FILES,1,,13,OWN_FILES,358,367,1,,__builtin.set
68719477810,IDENTIFIER,1,,,my_tracer,1,,19,my_tracer,442,796,1,,ANY
68719477811,IDENTIFIER,1,,,frame,12,,20,frame,492,497,1,,ANY
68719477812,IDENTIFIER,1,,,code,5,,20,code,485,489,1,,frame.f_code.<returnValue>.<member>(f_code)
68719477813,IDENTIFIER,1,,,code,24,,21,code,528,532,1,,frame.f_code.<returnValue>.<member>(f_code)
68719477814,IDENTIFIER,1,,,os,8,,21,os,512,514,1,,os.py:<module>
68719477815,IDENTIFIER,1,,,tmp2,8,,21,tmp2,512,545,1,,os.py:<module>.<member>(path)
68719477816,IDENTIFIER,1,,,tmp2,8,,21,tmp2,512,545,1,,os.py:<module>.<member>(path)
68719477817,IDENTIFIER,0,,,tmp2,8,,21,tmp2,512,545,1,,os.py:<module>.<member>(path)
68719477818,IDENTIFIER,2,,,OWN_FILES,49,,21,OWN_FILES,553,562,2,,__builtin.set
68719477819,IDENTIFIER,1,,,code,17,,23,code,647,651,1,,frame.f_code.<returnValue>.<member>(f_code)
68719477820,IDENTIFIER,1,,,func_name,5,,23,func_name,635,644,1,,frame.f_code.<returnValue>.<member>(f_code).<member>(co_name)
68719477821,IDENTIFIER,1,,,frame,15,,24,frame,674,679,1,,ANY
68719477822,IDENTIFIER,1,,,line_no,5,,24,line_no,664,671,1,,frame.f_lineno.<returnValue>.<member>(f_lineno)
68719477823,IDENTIFIER,1,,,event,16,,25,event,704,709,1,,ANY
68719477824,IDENTIFIER,1,,,func_name,45,,25,func_name,733,742,1,,frame.f_code.<returnValue>.<member>(f_code).<member>(co_name)
68719477825,IDENTIFIER,1,,,line_no,74,,25,line_no,762,769,1,,frame.f_lineno.<returnValue>.<member>(f_lineno)
68719477826,IDENTIFIER,-1,,,print,5,,25,print,693,698,0,,ANY
68719477827,IDENTIFIER,1,,,my_tracer,12,,26,my_tracer,784,793,1,,ANY
68719477828,IDENTIFIER,1,,,check_registration,1,,29,check_registration,796,1039,1,,ANY
68719477829,IDENTIFIER,1,,,email,29,,31,email,942,947,1,,ANY
68719477830,IDENTIFIER,-1,,,_valid_email,16,,31,_valid_email,929,941,0,,Project.py:<module>._valid_email
68719477831,IDENTIFIER,1,,,is_valid,5,,31,is_valid,918,926,1,,__builtin.bool<meta>.<returnValue>
68719477832,IDENTIFIER,1,,,password,29,,32,password,977,985,1,,ANY
68719477833,IDENTIFIER,-1,,,_hash,23,,32,_hash,971,976,0,,Project.py:<module>._hash
68719477834,IDENTIFIER,1,,,hashed_password,5,,32,hashed_password,953,968,1,,Project.py:<module>._hash.<returnValue>
68719477835,IDENTIFIER,1,,,is_valid,12,,33,is_valid,1011,1019,1,,__builtin.bool<meta>.<returnValue>
68719477836,IDENTIFIER,2,,,hashed_password,22,,33,hashed_password,1021,1036,2,,Project.py:<module>._hash.<returnValue>
68719477837,IDENTIFIER,1,,,my_tracer,14,,36,my_tracer,1052,1061,2,,ANY
68719477838,IDENTIFIER,1,,,sys,1,,36,sys,1039,1042,1,,sys.py:<module>
68719477839,IDENTIFIER,0,,,sys,1,,36,sys,1039,1042,1,,sys.py:<module>
68719477840,IDENTIFIER,-1,,,check_registration,10,,37,check_registration,1089,1107,0,,ANY
68719477841,IDENTIFIER,1,,,result,1,,37,result,1080,1086,1,,Project.py:<module>._valid_email.<returnValue>.<operator>.tupleLiteral.<returnValue>
68719477842,IDENTIFIER,1,,,sys,1,,38,sys,1150,1153,1,,sys.py:<module>
68719477843,IDENTIFIER,0,,,sys,1,,38,sys,1150,1153,1,,sys.py:<module>
68719477844,IDENTIFIER,2,,,result,20,,40,result,1210,1216,2,,Project.py:<module>._valid_email.<returnValue>.<operator>.tupleLiteral.<returnValue>
68719477845,IDENTIFIER,-1,,,print,1,,40,print,1191,1196,0,,ANY
