30064771072,CALL,-1,,,any = __builtins__.any,1,STATIC_DISPATCH,,1,<operator>.assignment,<operator>.assignment,1,1,1,,,,ANY
30064771073,CALL,-1,,,input = __builtins__.input,1,STATIC_DISPATCH,,1,<operator>.assignment,<operator>.assignment,1,1,2,,,,ANY
30064771074,CALL,-1,,,len = __builtins__.len,1,STATIC_DISPATCH,,1,<operator>.assignment,<operator>.assignment,1,1,3,,,,ANY
30064771075,CALL,-1,,,max = __builtins__.max,1,STATIC_DISPATCH,,1,<operator>.assignment,<operator>.assignment,1,1,4,,,,ANY
30064771076,CALL,-1,,,next = __builtins__.next,1,STATIC_DISPATCH,,1,<operator>.assignment,<operator>.assignment,1,1,5,,,,ANY
30064771077,CALL,-1,,,open = __builtins__.open,1,STATIC_DISPATCH,,1,<operator>.assignment,<operator>.assignment,1,1,6,,,,ANY
30064771078,CALL,-1,,,print = __builtins__.print,1,STATIC_DISPATCH,,1,<operator>.assignment,<operator>.assignment,1,1,7,,,,ANY
30064771079,CALL,-1,,,range = __builtins__.range,1,STATIC_DISPATCH,,1,<operator>.assignment,<operator>.assignment,1,1,8,,,,ANY
30064771080,CALL,-1,,,bool = __builtins__.bool,1,STATIC_DISPATCH,,1,<operator>.assignment,<operator>.assignment,1,1,9,,,,ANY
30064771081,CALL,-1,,,int = __builtins__.int,1,STATIC_DISPATCH,,1,<operator>.assignment,<operator>.assignment,1,1,10,,,,ANY
30064771082,CALL,-1,,,range = __builtins__.range,1,STATIC_DISPATCH,,1,<operator>.assignment,<operator>.assignment,1,1,11,,,,ANY
30064771083,CALL,2,,,import json,1,DYNAMIC_DISPATCH,,1,<unknownFullName>,import,0,11,2,,,,ANY
30064771084,CALL,-1,,,json = import json,1,STATIC_DISPATCH,,1,<operator>.assignment,<operator>.assignment,0,11,12,,,,ANY
30064771085,CALL,2,,,import os,1,DYNAMIC_DISPATCH,,2,<unknownFullName>,import,12,21,2,,,,ANY
30064771086,CALL,-1,,,os = import os,1,STATIC_DISPATCH,,2,<operator>.assignment,<operator>.assignment,12,21,13,,,,ANY
30064771087,CALL,2,,,import re,1,DYNAMIC_DISPATCH,,3,<unknownFullName>,import,22,31,2,,,,ANY
30064771088,CALL,-1,,,re = import re,1,STATIC_DISPATCH,,3,<operator>.assignment,<operator>.assignment,22,31,14,,,,ANY
30064771089,CALL,2,,,import random,1,DYNAMIC_DISPATCH,,4,<unknownFullName>,import,32,45,2,,,,ANY
30064771090,CALL,-1,,,random = import random,1,STATIC_DISPATCH,,4,<operator>.assignment,<operator>.assignment,32,45,15,,,,ANY
30064771091,CALL,2,,,import datetime,1,DYNAMIC_DISPATCH,,5,<unknownFullName>,import,46,61,2,,,,ANY
30064771092,CALL,-1,,,datetime = import datetime,1,STATIC_DISPATCH,,5,<operator>.assignment,<operator>.assignment,46,61,16,,,,ANY
30064771093,CALL,2,,,import hashlib,1,DYNAMIC_DISPATCH,,6,<unknownFullName>,import,62,76,2,,,,ANY
30064771094,CALL,-1,,,hashlib = import hashlib,1,STATIC_DISPATCH,,6,<operator>.assignment,<operator>.assignment,62,76,17,,,,ANY
30064771095,CALL,2,,,import sys,1,DYNAMIC_DISPATCH,,7,<unknownFullName>,import,77,87,2,,,,ANY
30064771096,CALL,-1,,,sys = import sys,1,STATIC_DISPATCH,,7,<operator>.assignment,<operator>.assignment,77,87,18,,,,ANY
30064771097,CALL,2,,,sys.platform,4,STATIC_DISPATCH,,10,<operator>.fieldAccess,<operator>.fieldAccess,192,204,2,,,,ANY
30064771098,CALL,-1,,,tmp0 = sys.platform,4,STATIC_DISPATCH,,10,<operator>.assignment,<operator>.assignment,192,222,1,,,,ANY
30064771099,CALL,-1,,,tmp0.startswith,4,STATIC_DISPATCH,,10,<operator>.fieldAccess,<operator>.fieldAccess,192,222,0,,,,ANY
30064771100,CALL,-1,,,sys.platform.startswith('win'),4,DYNAMIC_DISPATCH,,10,sys.py:<module>.<member>(platform).startswith,startswith,192,222,2,,,,ANY
30064771101,CALL,2,,,import io,5,DYNAMIC_DISPATCH,,11,<unknownFullName>,import,228,237,2,,,,ANY
30064771102,CALL,-1,,,io = import io,5,STATIC_DISPATCH,,11,<operator>.assignment,<operator>.assignment,228,237,1,,,,ANY
30064771103,CALL,1,,,sys.stdout,35,STATIC_DISPATCH,,12,<operator>.fieldAccess,<operator>.fieldAccess,272,282,1,,,,ANY
30064771104,CALL,1,,,sys.stdout.buffer,35,STATIC_DISPATCH,,12,<operator>.fieldAccess,<operator>.fieldAccess,272,289,2,,,,ANY
30064771105,CALL,-1,,,io.TextIOWrapper,18,STATIC_DISPATCH,,12,<operator>.fieldAccess,<operator>.fieldAccess,255,308,0,,,,ANY
30064771106,CALL,2,,,"io.TextIOWrapper(sys.stdout.buffer, encoding = 'utf-8')",18,DYNAMIC_DISPATCH,io.py:<module>.TextIOWrapper,12,io.py:<module>.TextIOWrapper.__init__,TextIOWrapper,255,308,2,,,,ANY
30064771107,CALL,1,,,sys.stdout,5,STATIC_DISPATCH,,12,<operator>.fieldAccess,<operator>.fieldAccess,242,252,1,,,,ANY
30064771108,CALL,-1,,,"sys.stdout = io.TextIOWrapper(sys.stdout.buffer, encoding = 'utf-8')",5,STATIC_DISPATCH,,12,<operator>.assignment,<operator>.assignment,242,308,2,,,,ANY
30064771109,CALL,1,,,sys.stderr,35,STATIC_DISPATCH,,13,<operator>.fieldAccess,<operator>.fieldAccess,343,353,1,,,,ANY
30064771110,CALL,1,,,sys.stderr.buffer,35,STATIC_DISPATCH,,13,<operator>.fieldAccess,<operator>.fieldAccess,343,360,2,,,,ANY
30064771111,CALL,-1,,,io.TextIOWrapper,18,STATIC_DISPATCH,,13,<operator>.fieldAccess,<operator>.fieldAccess,326,379,0,,,,ANY
30064771112,CALL,2,,,"io.TextIOWrapper(sys.stderr.buffer, encoding = 'utf-8')",18,DYNAMIC_DISPATCH,io.py:<module>.TextIOWrapper,13,io.py:<module>.TextIOWrapper.__init__,TextIOWrapper,326,379,2,,,,ANY
30064771113,CALL,1,,,sys.stderr,5,STATIC_DISPATCH,,13,<operator>.fieldAccess,<operator>.fieldAccess,313,323,1,,,,ANY
30064771114,CALL,-1,,,"sys.stderr = io.TextIOWrapper(sys.stderr.buffer, encoding = 'utf-8')",5,STATIC_DISPATCH,,13,<operator>.assignment,<operator>.assignment,313,379,3,,,,ANY
30064771115,CALL,-1,,,"USERS_FILE = ""users.json""",1,STATIC_DISPATCH,,16,<operator>.assignment,<operator>.assignment,461,497,20,,,,ANY
30064771116,CALL,-1,,,"CENTERS_FILE = ""vaccination_centers.json""",1,STATIC_DISPATCH,,17,<operator>.assignment,<operator>.assignment,499,549,21,,,,ANY
30064771117,CALL,-1,,,"RESERVATIONS_FILE = ""reservations.json""",1,STATIC_DISPATCH,,18,<operator>.assignment,<operator>.assignment,551,594,22,,,,ANY
30064771118,CALL,-1,,,MAX_LOGIN_ATTEMPTS = 3,1,STATIC_DISPATCH,,19,<operator>.assignment,<operator>.assignment,596,622,23,,,,ANY
30064771119,CALL,2,,,os.path,8,STATIC_DISPATCH,,25,<operator>.fieldAccess,<operator>.fieldAccess,811,818,2,,,,ANY
30064771120,CALL,-1,,,tmp1 = os.path,8,STATIC_DISPATCH,,25,<operator>.assignment,<operator>.assignment,811,835,1,,,,ANY
30064771121,CALL,-1,,,tmp1.exists,8,STATIC_DISPATCH,,25,<operator>.fieldAccess,<operator>.fieldAccess,811,835,0,,,,ANY
30064771122,CALL,-1,,,os.path.exists(filepath),8,DYNAMIC_DISPATCH,,25,os.py:<module>.<member>(path).exists,exists,811,835,2,,,,ANY
30064771123,CALL,2,,,os.path,37,STATIC_DISPATCH,,25,<operator>.fieldAccess,<operator>.fieldAccess,840,847,2,,,,ANY
30064771124,CALL,-1,,,tmp2 = os.path,37,STATIC_DISPATCH,,25,<operator>.assignment,<operator>.assignment,840,865,1,,,,ANY
30064771125,CALL,-1,,,tmp2.getsize,37,STATIC_DISPATCH,,25,<operator>.fieldAccess,<operator>.fieldAccess,840,865,0,,,,ANY
30064771126,CALL,-1,,,os.path.getsize(filepath),37,DYNAMIC_DISPATCH,,25,os.py:<module>.<member>(path).getsize,getsize,840,865,2,,,,ANY
30064771127,CALL,2,,,"tmp2 = os.path
os.path.getsize(filepath) > 0",37,STATIC_DISPATCH,,25,<operator>.greaterThan,<operator>.greaterThan,840,869,2,,,,ANY
30064771128,CALL,-1,,,"tmp1 = os.path
os.path.exists(filepath) and tmp2 = os.path
os.path.getsize(filepath) > 0",8,STATIC_DISPATCH,,25,<operator>.logicalAnd,<operator>.logicalAnd,811,869,1,,,,ANY
30064771129,CALL,-1,,,json.load,24,STATIC_DISPATCH,,28,<operator>.fieldAccess,<operator>.fieldAccess,950,962,0,,,,ANY
30064771130,CALL,1,,,json.load(f),24,DYNAMIC_DISPATCH,,28,json.py:<module>.load,load,950,962,1,,,,ANY
30064771131,CALL,2,,,"open(filepath, ""r"")",18,DYNAMIC_DISPATCH,,27,__builtin.open,open,901,920,2,,,,ANY
30064771132,CALL,-1,,,"manager_tmp3 = open(filepath, ""r"")",18,STATIC_DISPATCH,,27,<operator>.assignment,<operator>.assignment,901,920,1,,,,ANY
30064771133,CALL,2,,,manager_tmp3.__enter__,18,STATIC_DISPATCH,,27,<operator>.fieldAccess,<operator>.fieldAccess,901,920,2,,,,ANY
30064771134,CALL,-1,,,enter_tmp4 = manager_tmp3.__enter__,18,STATIC_DISPATCH,,27,<operator>.assignment,<operator>.assignment,901,920,2,,,,ANY
30064771135,CALL,2,,,manager_tmp3.__exit__,18,STATIC_DISPATCH,,27,<operator>.fieldAccess,<operator>.fieldAccess,901,920,2,,,,ANY
30064771136,CALL,-1,,,exit_tmp5 = manager_tmp3.__exit__,18,STATIC_DISPATCH,,27,<operator>.assignment,<operator>.assignment,901,920,3,,,,ANY
30064771137,CALL,2,,,enter_tmp4(),18,DYNAMIC_DISPATCH,,27,__builtin.open.<returnValue>.,,901,920,2,,,,ANY
30064771138,CALL,-1,,,value_tmp6 = enter_tmp4(),18,STATIC_DISPATCH,,27,<operator>.assignment,<operator>.assignment,901,920,4,,,,ANY
30064771139,CALL,-1,,,f = value_tmp6,18,STATIC_DISPATCH,,27,<operator>.assignment,<operator>.assignment,901,920,1,,,,ANY
30064771140,CALL,-1,,,__exit__(),18,DYNAMIC_DISPATCH,,27,__builtin.open.<returnValue>.,,901,920,1,,,,ANY
30064771141,CALL,1,,,[],20,STATIC_DISPATCH,,30,<operator>.listLiteral,<operator>.listLiteral,1019,1021,1,,,,ANY
30064771142,CALL,1,,,[],12,STATIC_DISPATCH,,31,<operator>.listLiteral,<operator>.listLiteral,1033,1035,1,,,,ANY
30064771143,CALL,-1,,,_load = def _load(...),1,STATIC_DISPATCH,,23,<operator>.assignment,<operator>.assignment,706,1037,24,,,,ANY
30064771144,CALL,-1,,,json.dump,9,STATIC_DISPATCH,,36,<operator>.fieldAccess,<operator>.fieldAccess,1143,1171,0,,,,ANY
30064771145,CALL,-1,,,"json.dump(data, f, indent = 2)",9,DYNAMIC_DISPATCH,,36,json.py:<module>.dump,dump,1143,1171,2,,,,ANY
30064771146,CALL,2,,,"open(filepath, ""w"")",10,DYNAMIC_DISPATCH,,35,__builtin.open,open,1109,1128,2,,,,ANY
30064771147,CALL,-1,,,"manager_tmp7 = open(filepath, ""w"")",10,STATIC_DISPATCH,,35,<operator>.assignment,<operator>.assignment,1109,1128,1,,,,ANY
30064771148,CALL,2,,,manager_tmp7.__enter__,10,STATIC_DISPATCH,,35,<operator>.fieldAccess,<operator>.fieldAccess,1109,1128,2,,,,ANY
30064771149,CALL,-1,,,enter_tmp8 = manager_tmp7.__enter__,10,STATIC_DISPATCH,,35,<operator>.assignment,<operator>.assignment,1109,1128,2,,,,ANY
30064771150,CALL,2,,,manager_tmp7.__exit__,10,STATIC_DISPATCH,,35,<operator>.fieldAccess,<operator>.fieldAccess,1109,1128,2,,,,ANY
30064771151,CALL,-1,,,exit_tmp9 = manager_tmp7.__exit__,10,STATIC_DISPATCH,,35,<operator>.assignment,<operator>.assignment,1109,1128,3,,,,ANY
30064771152,CALL,2,,,enter_tmp8(),10,DYNAMIC_DISPATCH,,35,__builtin.open.<returnValue>.,,1109,1128,2,,,,ANY
30064771153,CALL,-1,,,value_tmp10 = enter_tmp8(),10,STATIC_DISPATCH,,35,<operator>.assignment,<operator>.assignment,1109,1128,4,,,,ANY
30064771154,CALL,-1,,,f = value_tmp10,10,STATIC_DISPATCH,,35,<operator>.assignment,<operator>.assignment,1109,1128,1,,,,ANY
30064771155,CALL,-1,,,__exit__(),10,DYNAMIC_DISPATCH,,35,__builtin.open.<returnValue>.,,1109,1128,1,,,,ANY
30064771156,CALL,-1,,,_save = def _save(...),1,STATIC_DISPATCH,,33,<operator>.assignment,<operator>.assignment,1037,1173,25,,,,ANY
30064771157,CALL,2,,,os.path,12,STATIC_DISPATCH,,40,<operator>.fieldAccess,<operator>.fieldAccess,1274,1281,2,,,,ANY
30064771158,CALL,-1,,,tmp11 = os.path,12,STATIC_DISPATCH,,40,<operator>.assignment,<operator>.assignment,1274,1302,1,,,,ANY
30064771159,CALL,-1,,,tmp11.exists,12,STATIC_DISPATCH,,40,<operator>.fieldAccess,<operator>.fieldAccess,1274,1302,0,,,,ANY
30064771160,CALL,-1,,,os.path.exists(CENTERS_FILE),12,DYNAMIC_DISPATCH,,40,os.py:<module>.<member>(path).exists,exists,1274,1302,2,,,,ANY
30064771161,CALL,-1,,,"not tmp11 = os.path
os.path.exists(CENTERS_FILE)",8,STATIC_DISPATCH,,40,<operator>.logicalNot,<operator>.logicalNot,1270,1302,1,,,,ANY
30064771162,CALL,2,,,{},13,STATIC_DISPATCH,,42,<operator>.dictLiteral,<operator>.dictLiteral,1344,1450,2,,,,ANY
30064771163,CALL,-1,,,tmp12 = {},13,STATIC_DISPATCH,,42,<operator>.assignment,<operator>.assignment,1344,1450,1,,,,ANY
30064771164,CALL,1,,,"tmp12[""id""]",13,STATIC_DISPATCH,,42,<operator>.indexAccess,<operator>.indexAccess,1344,1450,1,,,,ANY
30064771165,CALL,-1,,,"tmp12[""id""] = 1",13,STATIC_DISPATCH,,42,<operator>.assignment,<operator>.assignment,1344,1450,2,,,,ANY
30064771166,CALL,1,,,"tmp12[""name""]",13,STATIC_DISPATCH,,42,<operator>.indexAccess,<operator>.indexAccess,1344,1450,1,,,,ANY
30064771167,CALL,-1,,,"tmp12[""name""] = ""Center A""",13,STATIC_DISPATCH,,42,<operator>.assignment,<operator>.assignment,1344,1450,3,,,,ANY
30064771168,CALL,1,,,"tmp12[""address""]",13,STATIC_DISPATCH,,42,<operator>.indexAccess,<operator>.indexAccess,1344,1450,1,,,,ANY
30064771169,CALL,-1,,,"tmp12[""address""] = ""123 Main Street, Cairo""",13,STATIC_DISPATCH,,42,<operator>.assignment,<operator>.assignment,1344,1450,4,,,,ANY
30064771170,CALL,1,,,"tmp12[""vaccines""]",13,STATIC_DISPATCH,,42,<operator>.indexAccess,<operator>.indexAccess,1344,1450,1,,,,ANY
30064771171,CALL,2,,,"[""Pfizer"", ""Moderna""]",97,STATIC_DISPATCH,,42,<operator>.listLiteral,<operator>.listLiteral,1428,1449,2,,,,ANY
30064771172,CALL,-1,,,"tmp12[""vaccines""] = [""Pfizer"", ""Moderna""]",13,STATIC_DISPATCH,,42,<operator>.assignment,<operator>.assignment,1344,1450,5,,,,ANY
30064771173,CALL,2,,,{},13,STATIC_DISPATCH,,43,<operator>.dictLiteral,<operator>.dictLiteral,1464,1586,2,,,,ANY
30064771174,CALL,-1,,,tmp13 = {},13,STATIC_DISPATCH,,43,<operator>.assignment,<operator>.assignment,1464,1586,1,,,,ANY
30064771175,CALL,1,,,"tmp13[""id""]",13,STATIC_DISPATCH,,43,<operator>.indexAccess,<operator>.indexAccess,1464,1586,1,,,,ANY
30064771176,CALL,-1,,,"tmp13[""id""] = 2",13,STATIC_DISPATCH,,43,<operator>.assignment,<operator>.assignment,1464,1586,2,,,,ANY
30064771177,CALL,1,,,"tmp13[""name""]",13,STATIC_DISPATCH,,43,<operator>.indexAccess,<operator>.indexAccess,1464,1586,1,,,,ANY
30064771178,CALL,-1,,,"tmp13[""name""] = ""Center B""",13,STATIC_DISPATCH,,43,<operator>.assignment,<operator>.assignment,1464,1586,3,,,,ANY
30064771179,CALL,1,,,"tmp13[""address""]",13,STATIC_DISPATCH,,43,<operator>.indexAccess,<operator>.indexAccess,1464,1586,1,,,,ANY
30064771180,CALL,-1,,,"tmp13[""address""] = ""456 Second Avenue, Alexandria""",13,STATIC_DISPATCH,,43,<operator>.assignment,<operator>.assignment,1464,1586,4,,,,ANY
30064771181,CALL,1,,,"tmp13[""vaccines""]",13,STATIC_DISPATCH,,43,<operator>.indexAccess,<operator>.indexAccess,1464,1586,1,,,,ANY
30064771182,CALL,2,,,"[""AstraZeneca"", ""Johnson & Johnson""]",98,STATIC_DISPATCH,,43,<operator>.listLiteral,<operator>.listLiteral,1549,1585,2,,,,ANY
30064771183,CALL,-1,,,"tmp13[""vaccines""] = [""AstraZeneca"", ""Johnson & Johnson""]",13,STATIC_DISPATCH,,43,<operator>.assignment,<operator>.assignment,1464,1586,5,,,,ANY
30064771184,CALL,2,,,"[tmp12 = {}
tmp12[""id""] = 1
tmp12[""name""] = ""Center A""
tmp12[""address""] = ""123 Main Street, Cairo""
tmp12[""vaccines""] = [""Pfizer"", ""Moderna""]
tmp12, tmp13 = {}
tmp13[""id""] = 2
tmp13[""name""] = ""Center B""
tmp13[""address""] = ""456 Second Avenue, Alexandria""
tmp13[""vaccines""] = [""AstraZeneca"", ""Johnson & Johnson""]
tmp13]",27,STATIC_DISPATCH,,41,<operator>.listLiteral,<operator>.listLiteral,1330,1596,2,,,,ANY
30064771185,CALL,-1,,,"default_centers = [tmp12 = {}
tmp12[""id""] = 1
tmp12[""name""] = ""Center A""
tmp12[""address""] = ""123 Main Street, Cairo""
tmp12[""vaccines""] = [""Pfizer"", ""Moderna""]
tmp12, tmp13 = {}
tmp13[""id""] = 2
tmp13[""name""] = ""Center B""
tmp13[""address""] = ""456 Second Avenue, Alexandria""
tmp13[""vaccines""] = [""AstraZeneca"", ""Johnson & Johnson""]
tmp13]",9,STATIC_DISPATCH,,41,<operator>.assignment,<operator>.assignment,1312,1596,1,,,,ANY
30064771186,CALL,-1,,,"_save(CENTERS_FILE, default_centers)",9,DYNAMIC_DISPATCH,,45,Project.py:<module>._save,_save,1605,1641,2,,,,ANY
30064771187,CALL,2,,,_load(USERS_FILE),13,DYNAMIC_DISPATCH,,47,Project.py:<module>._load,_load,1659,1676,2,,,,ANY
30064771188,CALL,-1,,,users = _load(USERS_FILE),5,STATIC_DISPATCH,,47,<operator>.assignment,<operator>.assignment,1651,1676,3,,,,ANY
30064771189,CALL,2,,,<operator>.genExp,16,STATIC_DISPATCH,,48,<operator>.genExp,<operator>.genExp,1692,1724,2,,,,ANY
30064771190,CALL,-1,,,tmp14 = <operator>.genExp,16,STATIC_DISPATCH,,48,<operator>.assignment,<operator>.assignment,1692,1724,1,,,,ANY
30064771191,CALL,-1,,,u.get,16,STATIC_DISPATCH,,48,<operator>.fieldAccess,<operator>.fieldAccess,1692,1709,0,,,,ANY
30064771192,CALL,1,,,"u.get(""is_admin"")",16,DYNAMIC_DISPATCH,,48,json.py:<module>.load.<returnValue>.__iter__.<returnValue>.__next__.<returnValue>.get,get,1692,1709,2,,,,ANY
30064771193,CALL,-1,,,tmp14.append,16,STATIC_DISPATCH,,48,<operator>.fieldAccess,<operator>.fieldAccess,1692,1724,0,,,,ANY
30064771194,CALL,-1,,,"tmp14.append(u.get(""is_admin""))",16,DYNAMIC_DISPATCH,,48,<unknownFullName>,append,1692,1724,2,,,,ANY
30064771195,CALL,-1,,,users.__iter__,16,STATIC_DISPATCH,,48,<operator>.fieldAccess,<operator>.fieldAccess,1692,1724,0,,,,ANY
30064771196,CALL,2,,,users.__iter__(),16,DYNAMIC_DISPATCH,,48,json.py:<module>.load.<returnValue>.__iter__,__iter__,1692,1724,2,,,,ANY
30064771197,CALL,-1,,,tmp15 = users.__iter__(),16,STATIC_DISPATCH,,48,<operator>.assignment,<operator>.assignment,1692,1724,1,,,,ANY
30064771198,CALL,-1,,,tmp15.__next__,16,STATIC_DISPATCH,,48,<operator>.fieldAccess,<operator>.fieldAccess,1692,1724,0,,,,ANY
30064771199,CALL,2,,,tmp15.__next__(),16,DYNAMIC_DISPATCH,,48,json.py:<module>.load.<returnValue>.__iter__.<returnValue>.__next__,__next__,1692,1724,2,,,,ANY
30064771200,CALL,-1,,,u = tmp15.__next__(),16,STATIC_DISPATCH,,48,<operator>.assignment,<operator>.assignment,1692,1724,1,,,,ANY
30064771201,CALL,1,,,"any(u.get(""is_admin"") for u in users)",12,DYNAMIC_DISPATCH,,48,__builtin.any,any,1688,1725,1,,,,ANY
30064771202,CALL,-1,,,"not any(u.get(""is_admin"") for u in users)",8,STATIC_DISPATCH,,48,<operator>.logicalNot,<operator>.logicalNot,1684,1725,1,,,,ANY
30064771203,CALL,-1,,,os.urandom,22,STATIC_DISPATCH,,49,<operator>.fieldAccess,<operator>.fieldAccess,1748,1762,0,,,,ANY
30064771204,CALL,2,,,os.urandom(16),22,DYNAMIC_DISPATCH,,49,os.py:<module>.urandom,urandom,1748,1762,2,,,,ANY
30064771205,CALL,-1,,,tmp16 = os.urandom(16),22,STATIC_DISPATCH,,49,<operator>.assignment,<operator>.assignment,1748,1768,1,,,,ANY
30064771206,CALL,-1,,,tmp16.hex,22,STATIC_DISPATCH,,49,<operator>.fieldAccess,<operator>.fieldAccess,1748,1768,0,,,,ANY
30064771207,CALL,-1,,,os.urandom(16).hex(),22,DYNAMIC_DISPATCH,,49,os.py:<module>.urandom.<returnValue>.hex,hex,1748,1768,2,,,,ANY
30064771208,CALL,-1,,,"admin_salt = tmp16 = os.urandom(16)
os.urandom(16).hex()",9,STATIC_DISPATCH,,49,<operator>.assignment,<operator>.assignment,1735,1768,1,,,,ANY
30064771209,CALL,2,,,{},22,STATIC_DISPATCH,,50,<operator>.dictLiteral,<operator>.dictLiteral,1790,2092,2,,,,ANY
30064771210,CALL,-1,,,tmp17 = {},22,STATIC_DISPATCH,,50,<operator>.assignment,<operator>.assignment,1790,2092,1,,,,ANY
30064771211,CALL,1,,,"tmp17[""id""]",22,STATIC_DISPATCH,,50,<operator>.indexAccess,<operator>.indexAccess,1790,2092,1,,,,ANY
30064771212,CALL,-1,,,"tmp17[""id""] = 0",22,STATIC_DISPATCH,,50,<operator>.assignment,<operator>.assignment,1790,2092,2,,,,ANY
30064771213,CALL,1,,,"tmp17[""name""]",22,STATIC_DISPATCH,,50,<operator>.indexAccess,<operator>.indexAccess,1790,2092,1,,,,ANY
30064771214,CALL,-1,,,"tmp17[""name""] = ""Administrator""",22,STATIC_DISPATCH,,50,<operator>.assignment,<operator>.assignment,1790,2092,3,,,,ANY
30064771215,CALL,1,,,"tmp17[""email""]",22,STATIC_DISPATCH,,50,<operator>.indexAccess,<operator>.indexAccess,1790,2092,1,,,,ANY
30064771216,CALL,-1,,,"tmp17[""email""] = ""admin@system.com""",22,STATIC_DISPATCH,,50,<operator>.assignment,<operator>.assignment,1790,2092,4,,,,ANY
30064771217,CALL,1,,,"tmp17[""password""]",22,STATIC_DISPATCH,,50,<operator>.indexAccess,<operator>.indexAccess,1790,2092,1,,,,ANY
30064771218,CALL,2,,,"_hash(""admin123"", admin_salt)",25,DYNAMIC_DISPATCH,,54,Project.py:<module>._hash,_hash,1915,1944,2,,,,ANY
30064771219,CALL,-1,,,"tmp17[""password""] = _hash(""admin123"", admin_salt)",22,STATIC_DISPATCH,,50,<operator>.assignment,<operator>.assignment,1790,2092,5,,,,ANY
30064771220,CALL,1,,,"tmp17[""salt""]",22,STATIC_DISPATCH,,50,<operator>.indexAccess,<operator>.indexAccess,1790,2092,1,,,,ANY
30064771221,CALL,-1,,,"tmp17[""salt""] = admin_salt",22,STATIC_DISPATCH,,50,<operator>.assignment,<operator>.assignment,1790,2092,6,,,,ANY
30064771222,CALL,1,,,"tmp17[""phone""]",22,STATIC_DISPATCH,,50,<operator>.indexAccess,<operator>.indexAccess,1790,2092,1,,,,ANY
30064771223,CALL,-1,,,"tmp17[""phone""] = ""0000000000""",22,STATIC_DISPATCH,,50,<operator>.assignment,<operator>.assignment,1790,2092,7,,,,ANY
30064771224,CALL,1,,,"tmp17[""national_id""]",22,STATIC_DISPATCH,,50,<operator>.indexAccess,<operator>.indexAccess,1790,2092,1,,,,ANY
30064771225,CALL,-1,,,"tmp17[""national_id""] = ""0000000000""",22,STATIC_DISPATCH,,50,<operator>.assignment,<operator>.assignment,1790,2092,8,,,,ANY
30064771226,CALL,1,,,"tmp17[""is_admin""]",22,STATIC_DISPATCH,,50,<operator>.indexAccess,<operator>.indexAccess,1790,2092,1,,,,ANY
30064771227,CALL,-1,,,"tmp17[""is_admin""] = True",22,STATIC_DISPATCH,,50,<operator>.assignment,<operator>.assignment,1790,2092,9,,,,ANY
30064771228,CALL,-1,,,"admin_user = tmp17 = {}
tmp17[""id""] = 0
tmp17[""name""] = ""Administrator""
tmp17[""email""] = ""admin@system.com""
tmp17[""password""] = _hash(""admin123"", admin_salt)
tmp17[""salt""] = admin_salt
tmp17[""phone""] = ""0000000000""
tmp17[""national_id""] = ""0000000000""
tmp17[""is_admin""] = True
tmp17",9,STATIC_DISPATCH,,50,<operator>.assignment,<operator>.assignment,1777,2092,2,,,,ANY
30064771229,CALL,-1,,,users.append,9,STATIC_DISPATCH,,60,<operator>.fieldAccess,<operator>.fieldAccess,2101,2125,0,,,,ANY
30064771230,CALL,-1,,,users.append(admin_user),9,DYNAMIC_DISPATCH,,60,json.py:<module>.load.<returnValue>.append,append,2101,2125,3,,,,ANY
30064771231,CALL,-1,,,"_save(USERS_FILE, users)",9,DYNAMIC_DISPATCH,,61,Project.py:<module>._save,_save,2134,2158,4,,,,ANY
30064771232,CALL,2,,,os.path,12,STATIC_DISPATCH,,63,<operator>.fieldAccess,<operator>.fieldAccess,2171,2178,2,,,,ANY
30064771233,CALL,-1,,,tmp18 = os.path,12,STATIC_DISPATCH,,63,<operator>.assignment,<operator>.assignment,2171,2204,1,,,,ANY
30064771234,CALL,-1,,,tmp18.exists,12,STATIC_DISPATCH,,63,<operator>.fieldAccess,<operator>.fieldAccess,2171,2204,0,,,,ANY
30064771235,CALL,-1,,,os.path.exists(RESERVATIONS_FILE),12,DYNAMIC_DISPATCH,,63,os.py:<module>.<member>(path).exists,exists,2171,2204,2,,,,ANY
30064771236,CALL,-1,,,"not tmp18 = os.path
os.path.exists(RESERVATIONS_FILE)",8,STATIC_DISPATCH,,63,<operator>.logicalNot,<operator>.logicalNot,2167,2204,1,,,,ANY
30064771237,CALL,2,,,[],34,STATIC_DISPATCH,,64,<operator>.listLiteral,<operator>.listLiteral,2239,2241,2,,,,ANY
30064771238,CALL,-1,,,"_save(RESERVATIONS_FILE, [])",9,DYNAMIC_DISPATCH,,64,Project.py:<module>._save,_save,2214,2242,1,,,,ANY
30064771239,CALL,-1,,,init_data = def init_data(...),1,STATIC_DISPATCH,,38,<operator>.assignment,<operator>.assignment,1173,2326,26,,,,ANY
30064771240,CALL,2,,,input(prompt),17,DYNAMIC_DISPATCH,,71,__builtin.input,input,2484,2497,2,,,,ANY
30064771241,CALL,-1,,,tmp19 = input(prompt),17,STATIC_DISPATCH,,71,<operator>.assignment,<operator>.assignment,2484,2505,1,,,,ANY
30064771242,CALL,-1,,,tmp19.strip,17,STATIC_DISPATCH,,71,<operator>.fieldAccess,<operator>.fieldAccess,2484,2505,0,,,,ANY
30064771243,CALL,-1,,,input(prompt).strip(),17,DYNAMIC_DISPATCH,,71,__builtin.input.<returnValue>.strip,strip,2484,2505,2,,,,ANY
30064771244,CALL,-1,,,"value = tmp19 = input(prompt)
input(prompt).strip()",9,STATIC_DISPATCH,,71,<operator>.assignment,<operator>.assignment,2476,2505,1,,,,ANY
30064771245,CALL,-1,,,not value,12,STATIC_DISPATCH,,72,<operator>.logicalNot,<operator>.logicalNot,2517,2526,1,,,,ANY
30064771246,CALL,-1,,,"print(""This field cannot be empty."")",13,DYNAMIC_DISPATCH,,73,__builtin.print,print,2540,2576,1,,,,ANY
30064771247,CALL,1,,,validator(value),30,DYNAMIC_DISPATCH,,75,<unknownFullName>,validator,2627,2643,1,,,,ANY
30064771248,CALL,2,,,not validator(value),26,STATIC_DISPATCH,,75,<operator>.logicalNot,<operator>.logicalNot,2623,2643,2,,,,ANY
30064771249,CALL,-1,,,validator and not validator(value),12,STATIC_DISPATCH,,75,<operator>.logicalAnd,<operator>.logicalAnd,2609,2643,1,,,,ANY
30064771250,CALL,-1,,,print(error_msg),13,DYNAMIC_DISPATCH,,76,__builtin.print,print,2657,2673,1,,,,ANY
30064771251,CALL,-1,,,_ask = def _ask(...),1,STATIC_DISPATCH,,68,<operator>.assignment,<operator>.assignment,2326,2717,27,,,,ANY
30064771252,CALL,2,,,input(prompt),15,DYNAMIC_DISPATCH,,83,__builtin.input,input,2825,2838,2,,,,ANY
30064771253,CALL,-1,,,tmp20 = input(prompt),15,STATIC_DISPATCH,,83,<operator>.assignment,<operator>.assignment,2825,2846,1,,,,ANY
30064771254,CALL,-1,,,tmp20.strip,15,STATIC_DISPATCH,,83,<operator>.fieldAccess,<operator>.fieldAccess,2825,2846,0,,,,ANY
30064771255,CALL,-1,,,input(prompt).strip(),15,DYNAMIC_DISPATCH,,83,__builtin.input.<returnValue>.strip,strip,2825,2846,2,,,,ANY
30064771256,CALL,-1,,,"raw = tmp20 = input(prompt)
input(prompt).strip()",9,STATIC_DISPATCH,,83,<operator>.assignment,<operator>.assignment,2819,2846,1,,,,ANY
30064771257,CALL,-1,,,raw.isdigit,12,STATIC_DISPATCH,,84,<operator>.fieldAccess,<operator>.fieldAccess,2858,2871,0,,,,ANY
30064771258,CALL,-1,,,raw.isdigit(),12,DYNAMIC_DISPATCH,,84,__builtin.input.<returnValue>.strip.isdigit,isdigit,2858,2871,1,,,,ANY
30064771259,CALL,1,,,int(raw),20,DYNAMIC_DISPATCH,,85,__builtin.int<meta>,int,2892,2900,1,,,,ANY
30064771260,CALL,-1,,,"print(""Please enter a valid number."")",9,DYNAMIC_DISPATCH,,86,__builtin.print,print,2909,2946,3,,,,ANY
30064771261,CALL,-1,,,_ask_int = def _ask_int(...),1,STATIC_DISPATCH,,80,<operator>.assignment,<operator>.assignment,2717,2948,28,,,,ANY
30064771262,CALL,2,,,input(prompt),15,DYNAMIC_DISPATCH,,91,__builtin.input,input,3065,3078,2,,,,ANY
30064771263,CALL,-1,,,tmp21 = input(prompt),15,STATIC_DISPATCH,,91,<operator>.assignment,<operator>.assignment,3065,3086,1,,,,ANY
30064771264,CALL,-1,,,tmp21.strip,15,STATIC_DISPATCH,,91,<operator>.fieldAccess,<operator>.fieldAccess,3065,3086,0,,,,ANY
30064771265,CALL,-1,,,input(prompt).strip(),15,DYNAMIC_DISPATCH,,91,__builtin.input.<returnValue>.strip,strip,3065,3086,2,,,,ANY
30064771266,CALL,-1,,,"raw = tmp21 = input(prompt)
input(prompt).strip()",9,STATIC_DISPATCH,,91,<operator>.assignment,<operator>.assignment,3059,3086,1,,,,ANY
30064771267,CALL,2,,,datetime.date,13,STATIC_DISPATCH,,93,<operator>.fieldAccess,<operator>.fieldAccess,3112,3125,2,,,,ANY
30064771268,CALL,-1,,,tmp22 = datetime.date,13,STATIC_DISPATCH,,93,<operator>.assignment,<operator>.assignment,3112,3144,1,,,,ANY
30064771269,CALL,-1,,,tmp22.fromisoformat,13,STATIC_DISPATCH,,93,<operator>.fieldAccess,<operator>.fieldAccess,3112,3144,0,,,,ANY
30064771270,CALL,-1,,,datetime.date.fromisoformat(raw),13,DYNAMIC_DISPATCH,,93,datetime.py:<module>.<member>(date).fromisoformat,fromisoformat,3112,3144,2,,,,ANY
30064771271,CALL,-1,,,"print(""Invalid date. Use YYYY-MM-DD format."")",13,DYNAMIC_DISPATCH,,96,__builtin.print,print,3207,3252,1,,,,ANY
30064771272,CALL,-1,,,_ask_date = def _ask_date(...),1,STATIC_DISPATCH,,88,<operator>.assignment,<operator>.assignment,2948,3254,29,,,,ANY
30064771273,CALL,1,,,{prompt},20,STATIC_DISPATCH,,100,<operator>.formattedValue,<operator>.formattedValue,3349,3357,1,,,,ANY
30064771274,CALL,1,,,"f""{prompt} (y/n): """,18,STATIC_DISPATCH,,100,<operator>.formatString,<operator>.formatString,3347,3366,1,,,,ANY
30064771275,CALL,2,,,"input(f""{prompt} (y/n): "")",12,DYNAMIC_DISPATCH,,100,__builtin.input,input,3341,3367,2,,,,ANY
30064771276,CALL,-1,,,"tmp24 = input(f""{prompt} (y/n): "")",12,STATIC_DISPATCH,,100,<operator>.assignment,<operator>.assignment,3341,3375,1,,,,ANY
30064771277,CALL,-1,,,tmp24.strip,12,STATIC_DISPATCH,,100,<operator>.fieldAccess,<operator>.fieldAccess,3341,3375,0,,,,ANY
30064771278,CALL,-1,,,"input(f""{prompt} (y/n): "").strip()",12,DYNAMIC_DISPATCH,,100,__builtin.input.<returnValue>.strip,strip,3341,3375,2,,,,ANY
30064771279,CALL,-1,,,"tmp23 = tmp24 = input(f""{prompt} (y/n): "")
input(f""{prompt} (y/n): "").strip()",12,STATIC_DISPATCH,,100,<operator>.assignment,<operator>.assignment,3341,3383,1,,,,ANY
30064771280,CALL,-1,,,tmp23.lower,12,STATIC_DISPATCH,,100,<operator>.fieldAccess,<operator>.fieldAccess,3341,3383,0,,,,ANY
30064771281,CALL,-1,,,"input(f""{prompt} (y/n): "").strip().lower()",12,DYNAMIC_DISPATCH,,100,__builtin.input.<returnValue>.strip.lower,lower,3341,3383,2,,,,ANY
30064771282,CALL,1,,,"tmp23 = tmp24 = input(f""{prompt} (y/n): "")
input(f""{prompt} (y/n): "").strip()
input(f""{prompt} (y/n): "").strip().lower() == ""y""",12,STATIC_DISPATCH,,100,<operator>.equals,<operator>.equals,3341,3389,1,,,,ANY
30064771283,CALL,-1,,,_confirm = def _confirm(...),1,STATIC_DISPATCH,,98,<operator>.assignment,<operator>.assignment,3254,3392,30,,,,ANY
30064771284,CALL,2,,,password + salt,28,STATIC_DISPATCH,,103,<operator>.addition,<operator>.addition,3449,3464,2,,,,ANY
30064771285,CALL,-1,,,tmp26 = password + salt,28,STATIC_DISPATCH,,103,<operator>.assignment,<operator>.assignment,3449,3474,1,,,,ANY
30064771286,CALL,-1,,,tmp26.encode,28,STATIC_DISPATCH,,103,<operator>.fieldAccess,<operator>.fieldAccess,3449,3474,0,,,,ANY
30064771287,CALL,-1,,,password + salt.encode(),28,DYNAMIC_DISPATCH,,103,<unknownFullName>,encode,3449,3474,2,,,,ANY
30064771288,CALL,-1,,,hashlib.sha256,12,STATIC_DISPATCH,,103,<operator>.fieldAccess,<operator>.fieldAccess,3433,3475,0,,,,ANY
30064771289,CALL,2,,,hashlib.sha256(password + salt.encode()),12,DYNAMIC_DISPATCH,,103,hashlib.py:<module>.sha256,sha256,3433,3475,2,,,,ANY
30064771290,CALL,-1,,,tmp25 = hashlib.sha256(password + salt.encode()),12,STATIC_DISPATCH,,103,<operator>.assignment,<operator>.assignment,3433,3487,1,,,,ANY
30064771291,CALL,-1,,,tmp25.hexdigest,12,STATIC_DISPATCH,,103,<operator>.fieldAccess,<operator>.fieldAccess,3433,3487,0,,,,ANY
30064771292,CALL,-1,,,hashlib.sha256(password + salt.encode()).hexdigest(),12,DYNAMIC_DISPATCH,,103,hashlib.py:<module>.sha256.<returnValue>.hexdigest,hexdigest,3433,3487,2,,,,ANY
30064771293,CALL,-1,,,_hash = def _hash(...),1,STATIC_DISPATCH,,102,<operator>.assignment,<operator>.assignment,3392,3571,31,,,,ANY
30064771294,CALL,-1,,,re.match,17,STATIC_DISPATCH,,108,<operator>.fieldAccess,<operator>.fieldAccess,3612,3665,0,,,,ANY
30064771295,CALL,1,,,"re.match(r""^[\\w.\\-+]+@[\\w\\-]+\\.[a-zA-Z]{2,}$"", email)",17,DYNAMIC_DISPATCH,,108,re.py:<module>.match,match,3612,3665,1,,,,ANY
30064771296,CALL,1,,,"bool(re.match(r""^[\\w.\\-+]+@[\\w\\-]+\\.[a-zA-Z]{2,}$"", email))",12,DYNAMIC_DISPATCH,,108,__builtin.bool<meta>,bool,3607,3666,1,,,,ANY
30064771297,CALL,-1,,,_valid_email = def _valid_email(...),1,STATIC_DISPATCH,,107,<operator>.assignment,<operator>.assignment,3571,3668,32,,,,ANY
30064771298,CALL,-1,,,re.match,17,STATIC_DISPATCH,,111,<operator>.fieldAccess,<operator>.fieldAccess,3709,3748,0,,,,ANY
30064771299,CALL,1,,,"re.match(r""^\\+?[\\d\\s\\-]{7,15}$"", phone)",17,DYNAMIC_DISPATCH,,111,re.py:<module>.match,match,3709,3748,1,,,,ANY
30064771300,CALL,1,,,"bool(re.match(r""^\\+?[\\d\\s\\-]{7,15}$"", phone))",12,DYNAMIC_DISPATCH,,111,__builtin.bool<meta>,bool,3704,3749,1,,,,ANY
30064771301,CALL,-1,,,_valid_phone = def _valid_phone(...),1,STATIC_DISPATCH,,110,<operator>.assignment,<operator>.assignment,3668,3751,33,,,,ANY
30064771302,CALL,-1,,,re.match,17,STATIC_DISPATCH,,114,<operator>.fieldAccess,<operator>.fieldAccess,3796,3825,0,,,,ANY
30064771303,CALL,1,,,"re.match(r""^\\d{10,20}$"", nid)",17,DYNAMIC_DISPATCH,,114,re.py:<module>.match,match,3796,3825,1,,,,ANY
30064771304,CALL,1,,,"bool(re.match(r""^\\d{10,20}$"", nid))",12,DYNAMIC_DISPATCH,,114,__builtin.bool<meta>,bool,3791,3826,1,,,,ANY
30064771305,CALL,-1,,,_valid_national_id = def _valid_national_id(...),1,STATIC_DISPATCH,,113,<operator>.assignment,<operator>.assignment,3751,3910,34,,,,ANY
30064771306,CALL,-1,,,"print(""\\n── Register ──────────────────────────────────"")",5,DYNAMIC_DISPATCH,,120,__builtin.print,print,3983,4040,2,,,,ANY
30064771307,CALL,2,,,"_ask(""Full name: "")",19,DYNAMIC_DISPATCH,,121,Project.py:<module>._ask,_ask,4059,4078,2,,,,ANY
30064771308,CALL,-1,,,"name = _ask(""Full name: "")",5,STATIC_DISPATCH,,121,<operator>.assignment,<operator>.assignment,4045,4078,3,,,,ANY
30064771309,CALL,2,,,"_ask(""Email: "", _valid_email, ""Enter a valid email address."")",19,DYNAMIC_DISPATCH,,122,Project.py:<module>._ask,_ask,4097,4170,2,,,,ANY
30064771310,CALL,-1,,,"email = _ask(""Email: "", _valid_email, ""Enter a valid email address."")",5,STATIC_DISPATCH,,122,<operator>.assignment,<operator>.assignment,4083,4170,4,,,,ANY
30064771311,CALL,2,,,"_ask(""Phone: "", _valid_phone, ""Enter a valid phone number (7-15 digits)."")",19,DYNAMIC_DISPATCH,,123,Project.py:<module>._ask,_ask,4189,4275,2,,,,ANY
30064771312,CALL,-1,,,"phone = _ask(""Phone: "", _valid_phone, ""Enter a valid phone number (7-15 digits)."")",5,STATIC_DISPATCH,,123,<operator>.assignment,<operator>.assignment,4175,4275,5,,,,ANY
30064771313,CALL,2,,,"_ask(""National ID: "", _valid_national_id, ""National ID must be 10-20 digits."")",19,DYNAMIC_DISPATCH,,124,Project.py:<module>._ask,_ask,4294,4372,2,,,,ANY
30064771314,CALL,-1,,,"national_id = _ask(""National ID: "", _valid_national_id, ""National ID must be 10-20 digits."")",5,STATIC_DISPATCH,,124,<operator>.assignment,<operator>.assignment,4280,4372,6,,,,ANY
30064771315,CALL,1,,,len(p),34,DYNAMIC_DISPATCH,,126,__builtin.len,len,4457,4463,1,,,,ANY
30064771316,CALL,1,,,len(p) >= 6,34,STATIC_DISPATCH,,126,<operator>.greaterEqualsThan,<operator>.greaterEqualsThan,4457,4468,1,,,,ANY
30064771317,CALL,2,,,"_ask(""Password (min 6 chars): "", lambda p: len(p) >= 6, ""Password must be at least 6 characters."")",19,DYNAMIC_DISPATCH,,125,Project.py:<module>._ask,_ask,4391,4512,2,,,,ANY
30064771318,CALL,-1,,,"password = _ask(""Password (min 6 chars): "", lambda p: len(p) >= 6, ""Password must be at least 6 characters."")",5,STATIC_DISPATCH,,125,<operator>.assignment,<operator>.assignment,4377,4512,7,,,,ANY
30064771319,CALL,2,,,_load(USERS_FILE),13,DYNAMIC_DISPATCH,,128,Project.py:<module>._load,_load,4526,4543,2,,,,ANY
30064771320,CALL,-1,,,users = _load(USERS_FILE),5,STATIC_DISPATCH,,128,<operator>.assignment,<operator>.assignment,4518,4543,8,,,,ANY
30064771321,CALL,2,,,<operator>.genExp,12,STATIC_DISPATCH,,131,<operator>.genExp,<operator>.genExp,4588,4622,2,,,,ANY
30064771322,CALL,-1,,,tmp27 = <operator>.genExp,12,STATIC_DISPATCH,,131,<operator>.assignment,<operator>.assignment,4588,4622,1,,,,ANY
30064771323,CALL,1,,,"u[""email""]",12,STATIC_DISPATCH,,131,<operator>.indexAccess,<operator>.indexAccess,4588,4598,1,,,,ANY
30064771324,CALL,1,,,"u[""email""] == email",12,STATIC_DISPATCH,,131,<operator>.equals,<operator>.equals,4588,4607,2,,,,ANY
30064771325,CALL,-1,,,tmp27.append,12,STATIC_DISPATCH,,131,<operator>.fieldAccess,<operator>.fieldAccess,4588,4622,0,,,,ANY
30064771326,CALL,-1,,,"tmp27.append(u[""email""] == email)",12,DYNAMIC_DISPATCH,,131,<unknownFullName>,append,4588,4622,2,,,,ANY
30064771327,CALL,-1,,,users.__iter__,12,STATIC_DISPATCH,,131,<operator>.fieldAccess,<operator>.fieldAccess,4588,4622,0,,,,ANY
30064771328,CALL,2,,,users.__iter__(),12,DYNAMIC_DISPATCH,,131,json.py:<module>.load.<returnValue>.__iter__,__iter__,4588,4622,2,,,,ANY
30064771329,CALL,-1,,,tmp28 = users.__iter__(),12,STATIC_DISPATCH,,131,<operator>.assignment,<operator>.assignment,4588,4622,1,,,,ANY
30064771330,CALL,-1,,,tmp28.__next__,12,STATIC_DISPATCH,,131,<operator>.fieldAccess,<operator>.fieldAccess,4588,4622,0,,,,ANY
30064771331,CALL,2,,,tmp28.__next__(),12,DYNAMIC_DISPATCH,,131,json.py:<module>.load.<returnValue>.__iter__.<returnValue>.__next__,__next__,4588,4622,2,,,,ANY
30064771332,CALL,-1,,,u = tmp28.__next__(),12,STATIC_DISPATCH,,131,<operator>.assignment,<operator>.assignment,4588,4622,1,,,,ANY
30064771333,CALL,-1,,,"any(u[""email""] == email for u in users)",8,DYNAMIC_DISPATCH,,131,__builtin.any,any,4584,4623,1,,,,ANY
30064771334,CALL,-1,,,"print(""An account with that email already exists."")",9,DYNAMIC_DISPATCH,,132,__builtin.print,print,4633,4684,1,,,,ANY
30064771335,CALL,2,,,<operator>.genExp,19,STATIC_DISPATCH,,135,<operator>.genExp,<operator>.genExp,4719,4743,2,,,,ANY
30064771336,CALL,-1,,,tmp29 = <operator>.genExp,19,STATIC_DISPATCH,,135,<operator>.assignment,<operator>.assignment,4719,4743,1,,,,ANY
30064771337,CALL,1,,,"u[""id""]",20,STATIC_DISPATCH,,135,<operator>.indexAccess,<operator>.indexAccess,4720,4727,2,,,,ANY
30064771338,CALL,-1,,,tmp29.append,19,STATIC_DISPATCH,,135,<operator>.fieldAccess,<operator>.fieldAccess,4719,4743,0,,,,ANY
30064771339,CALL,-1,,,"tmp29.append(u[""id""])",19,DYNAMIC_DISPATCH,,135,<unknownFullName>,append,4719,4743,2,,,,ANY
30064771340,CALL,-1,,,users.__iter__,19,STATIC_DISPATCH,,135,<operator>.fieldAccess,<operator>.fieldAccess,4719,4743,0,,,,ANY
30064771341,CALL,2,,,users.__iter__(),19,DYNAMIC_DISPATCH,,135,json.py:<module>.load.<returnValue>.__iter__,__iter__,4719,4743,2,,,,ANY
30064771342,CALL,-1,,,tmp30 = users.__iter__(),19,STATIC_DISPATCH,,135,<operator>.assignment,<operator>.assignment,4719,4743,1,,,,ANY
30064771343,CALL,-1,,,tmp30.__next__,19,STATIC_DISPATCH,,135,<operator>.fieldAccess,<operator>.fieldAccess,4719,4743,0,,,,ANY
30064771344,CALL,2,,,tmp30.__next__(),19,DYNAMIC_DISPATCH,,135,json.py:<module>.load.<returnValue>.__iter__.<returnValue>.__next__,__next__,4719,4743,2,,,,ANY
30064771345,CALL,-1,,,u = tmp30.__next__(),19,STATIC_DISPATCH,,135,<operator>.assignment,<operator>.assignment,4719,4743,1,,,,ANY
30064771346,CALL,1,,,"max(u[""id""] for u in users)",15,DYNAMIC_DISPATCH,,135,__builtin.max,max,4715,4755,1,,,,ANY
30064771347,CALL,2,,,"max(u[""id""] for u in users) + 1",15,STATIC_DISPATCH,,135,<operator>.addition,<operator>.addition,4715,4759,2,,,,ANY
30064771348,CALL,-1,,,"user_id = max(u[""id""] for u in users) + 1",5,STATIC_DISPATCH,,135,<operator>.assignment,<operator>.assignment,4705,4759,10,,,,ANY
30064771349,CALL,-1,,,os.urandom,15,STATIC_DISPATCH,,136,<operator>.fieldAccess,<operator>.fieldAccess,4774,4788,0,,,,ANY
30064771350,CALL,2,,,os.urandom(16),15,DYNAMIC_DISPATCH,,136,os.py:<module>.urandom,urandom,4774,4788,2,,,,ANY
30064771351,CALL,-1,,,tmp31 = os.urandom(16),15,STATIC_DISPATCH,,136,<operator>.assignment,<operator>.assignment,4774,4794,1,,,,ANY
30064771352,CALL,-1,,,tmp31.hex,15,STATIC_DISPATCH,,136,<operator>.fieldAccess,<operator>.fieldAccess,4774,4794,0,,,,ANY
30064771353,CALL,-1,,,os.urandom(16).hex(),15,DYNAMIC_DISPATCH,,136,os.py:<module>.urandom.<returnValue>.hex,hex,4774,4794,2,,,,ANY
30064771354,CALL,-1,,,"salt = tmp31 = os.urandom(16)
os.urandom(16).hex()",5,STATIC_DISPATCH,,136,<operator>.assignment,<operator>.assignment,4764,4794,11,,,,ANY
30064771355,CALL,2,,,{},18,STATIC_DISPATCH,,137,<operator>.dictLiteral,<operator>.dictLiteral,4812,5051,2,,,,ANY
30064771356,CALL,-1,,,tmp32 = {},18,STATIC_DISPATCH,,137,<operator>.assignment,<operator>.assignment,4812,5051,1,,,,ANY
30064771357,CALL,1,,,"tmp32[""id""]",18,STATIC_DISPATCH,,137,<operator>.indexAccess,<operator>.indexAccess,4812,5051,1,,,,ANY
30064771358,CALL,-1,,,"tmp32[""id""] = user_id",18,STATIC_DISPATCH,,137,<operator>.assignment,<operator>.assignment,4812,5051,2,,,,ANY
30064771359,CALL,1,,,"tmp32[""name""]",18,STATIC_DISPATCH,,137,<operator>.indexAccess,<operator>.indexAccess,4812,5051,1,,,,ANY
30064771360,CALL,-1,,,"tmp32[""name""] = name",18,STATIC_DISPATCH,,137,<operator>.assignment,<operator>.assignment,4812,5051,3,,,,ANY
30064771361,CALL,1,,,"tmp32[""email""]",18,STATIC_DISPATCH,,137,<operator>.indexAccess,<operator>.indexAccess,4812,5051,1,,,,ANY
30064771362,CALL,-1,,,"tmp32[""email""] = email",18,STATIC_DISPATCH,,137,<operator>.assignment,<operator>.assignment,4812,5051,4,,,,ANY
30064771363,CALL,1,,,"tmp32[""password""]",18,STATIC_DISPATCH,,137,<operator>.indexAccess,<operator>.indexAccess,4812,5051,1,,,,ANY
30064771364,CALL,2,,,"_hash(password, salt)",24,DYNAMIC_DISPATCH,,141,Project.py:<module>._hash,_hash,4928,4949,2,,,,ANY
30064771365,CALL,-1,,,"tmp32[""password""] = _hash(password, salt)",18,STATIC_DISPATCH,,137,<operator>.assignment,<operator>.assignment,4812,5051,5,,,,ANY
30064771366,CALL,1,,,"tmp32[""salt""]",18,STATIC_DISPATCH,,137,<operator>.indexAccess,<operator>.indexAccess,4812,5051,1,,,,ANY
30064771367,CALL,-1,,,"tmp32[""salt""] = salt",18,STATIC_DISPATCH,,137,<operator>.assignment,<operator>.assignment,4812,5051,6,,,,ANY
30064771368,CALL,1,,,"tmp32[""phone""]",18,STATIC_DISPATCH,,137,<operator>.indexAccess,<operator>.indexAccess,4812,5051,1,,,,ANY
30064771369,CALL,-1,,,"tmp32[""phone""] = phone",18,STATIC_DISPATCH,,137,<operator>.assignment,<operator>.assignment,4812,5051,7,,,,ANY
30064771370,CALL,1,,,"tmp32[""national_id""]",18,STATIC_DISPATCH,,137,<operator>.indexAccess,<operator>.indexAccess,4812,5051,1,,,,ANY
30064771371,CALL,-1,,,"tmp32[""national_id""] = national_id",18,STATIC_DISPATCH,,137,<operator>.assignment,<operator>.assignment,4812,5051,8,,,,ANY
30064771372,CALL,-1,,,users.append,5,STATIC_DISPATCH,,137,<operator>.fieldAccess,<operator>.fieldAccess,4799,5052,0,,,,ANY
30064771373,CALL,-1,,,"users.append({""id"":user_id, ""name"":name, ""email"":email, ""password"":_hash(password, salt), ""salt"":salt, ""phone"":phone, ""national_id"":national_id})",5,DYNAMIC_DISPATCH,,137,json.py:<module>.load.<returnValue>.append,append,4799,5052,12,,,,ANY
30064771374,CALL,-1,,,"_save(USERS_FILE, users)",5,DYNAMIC_DISPATCH,,146,Project.py:<module>._save,_save,5057,5081,13,,,,ANY
30064771375,CALL,2,,,{user_id},54,STATIC_DISPATCH,,147,<operator>.formattedValue,<operator>.formattedValue,5135,5144,2,,,,ANY
30064771376,CALL,1,,,"f""Registered successfully! Your user ID is {user_id}.""",11,STATIC_DISPATCH,,147,<operator>.formatString,<operator>.formatString,5092,5146,1,,,,ANY
30064771377,CALL,-1,,,"print(f""Registered successfully! Your user ID is {user_id}."")",5,DYNAMIC_DISPATCH,,147,__builtin.print,print,5086,5147,14,,,,ANY
30064771378,CALL,-1,,,register_user = def register_user(...),1,STATIC_DISPATCH,,118,<operator>.assignment,<operator>.assignment,3910,5150,35,,,,ANY
30064771379,CALL,-1,,,"print(""\\n── Admin Login ───────────────────────────────"")",5,DYNAMIC_DISPATCH,,152,__builtin.print,print,5245,5302,2,,,,ANY
30064771380,CALL,2,,,"input(""Admin password: "")",20,DYNAMIC_DISPATCH,,154,__builtin.input,input,5375,5400,2,,,,ANY
30064771381,CALL,-1,,,"password = input(""Admin password: "")",9,STATIC_DISPATCH,,154,<operator>.assignment,<operator>.assignment,5364,5400,2,,,,ANY
30064771382,CALL,2,,,_load(USERS_FILE),20,DYNAMIC_DISPATCH,,155,Project.py:<module>._load,_load,5420,5437,2,,,,ANY
30064771383,CALL,-1,,,users = _load(USERS_FILE),9,STATIC_DISPATCH,,155,<operator>.assignment,<operator>.assignment,5409,5437,3,,,,ANY
30064771384,CALL,2,,,<operator>.genExp,25,STATIC_DISPATCH,,156,<operator>.genExp,<operator>.genExp,5462,5501,2,,,,ANY
30064771385,CALL,-1,,,tmp33 = <operator>.genExp,25,STATIC_DISPATCH,,156,<operator>.assignment,<operator>.assignment,5462,5501,1,,,,ANY
30064771386,CALL,-1,,,tmp33.append,25,STATIC_DISPATCH,,156,<operator>.fieldAccess,<operator>.fieldAccess,5462,5501,0,,,,ANY
30064771387,CALL,-1,,,tmp33.append(u),25,DYNAMIC_DISPATCH,,156,<unknownFullName>,append,5462,5501,3,,,,ANY
30064771388,CALL,-1,,,users.__iter__,25,STATIC_DISPATCH,,156,<operator>.fieldAccess,<operator>.fieldAccess,5462,5501,0,,,,ANY
30064771389,CALL,2,,,users.__iter__(),25,DYNAMIC_DISPATCH,,156,json.py:<module>.load.<returnValue>.__iter__,__iter__,5462,5501,2,,,,ANY
30064771390,CALL,-1,,,tmp34 = users.__iter__(),25,STATIC_DISPATCH,,156,<operator>.assignment,<operator>.assignment,5462,5501,1,,,,ANY
30064771391,CALL,-1,,,tmp34.__next__,25,STATIC_DISPATCH,,156,<operator>.fieldAccess,<operator>.fieldAccess,5462,5501,0,,,,ANY
30064771392,CALL,2,,,tmp34.__next__(),25,DYNAMIC_DISPATCH,,156,json.py:<module>.load.<returnValue>.__iter__.<returnValue>.__next__,__next__,5462,5501,2,,,,ANY
30064771393,CALL,-1,,,u = tmp34.__next__(),25,STATIC_DISPATCH,,156,<operator>.assignment,<operator>.assignment,5462,5501,1,,,,ANY
30064771394,CALL,-1,,,u.get,46,STATIC_DISPATCH,,156,<operator>.fieldAccess,<operator>.fieldAccess,5483,5500,0,,,,ANY
30064771395,CALL,1,,,"u.get(""is_admin"")",46,DYNAMIC_DISPATCH,,156,json.py:<module>.load.<returnValue>.__iter__.<returnValue>.__next__.<returnValue>.get,get,5483,5500,1,,,,ANY
30064771396,CALL,-1,,,"not u.get(""is_admin"")",46,STATIC_DISPATCH,,156,<operator>.logicalNot,<operator>.logicalNot,5483,5500,1,,,,ANY
30064771397,CALL,2,,,"next((u for u in users if u.get(""is_admin"")), None)",20,DYNAMIC_DISPATCH,,156,__builtin.next,next,5457,5508,2,,,,ANY
30064771398,CALL,-1,,,"admin = next((u for u in users if u.get(""is_admin"")), None)",9,STATIC_DISPATCH,,156,<operator>.assignment,<operator>.assignment,5446,5508,4,,,,ANY
30064771399,CALL,-1,,,admin.get,20,STATIC_DISPATCH,,158,<operator>.fieldAccess,<operator>.fieldAccess,5546,5567,0,,,,ANY
30064771400,CALL,2,,,"admin.get(""salt"", """")",20,DYNAMIC_DISPATCH,,158,__builtin.next.<returnValue>.get,get,5546,5567,2,,,,ANY
30064771401,CALL,-1,,,"salt = admin.get(""salt"", """")",13,STATIC_DISPATCH,,158,<operator>.assignment,<operator>.assignment,5539,5567,1,,,,ANY
30064771402,CALL,1,,,"admin[""password""]",16,STATIC_DISPATCH,,159,<operator>.indexAccess,<operator>.indexAccess,5583,5600,1,,,,ANY
30064771403,CALL,2,,,"_hash(password, salt)",37,DYNAMIC_DISPATCH,,159,Project.py:<module>._hash,_hash,5604,5625,2,,,,ANY
30064771404,CALL,-1,,,"admin[""password""] == _hash(password, salt)",16,STATIC_DISPATCH,,159,<operator>.equals,<operator>.equals,5583,5625,1,,,,ANY
30064771405,CALL,-1,,,"print(""Login successful."")",17,DYNAMIC_DISPATCH,,160,__builtin.print,print,5643,5669,1,,,,ANY
30064771406,CALL,2,,,{attempt},34,STATIC_DISPATCH,,162,<operator>.formattedValue,<operator>.formattedValue,5731,5740,2,,,,ANY
30064771407,CALL,4,,,{MAX_LOGIN_ATTEMPTS},44,STATIC_DISPATCH,,162,<operator>.formattedValue,<operator>.formattedValue,5741,5761,4,,,,ANY
30064771408,CALL,1,,,"f""Wrong password. ({attempt}/{MAX_LOGIN_ATTEMPTS})""",15,STATIC_DISPATCH,,162,<operator>.formatString,<operator>.formatString,5712,5763,1,,,,ANY
30064771409,CALL,-1,,,"print(f""Wrong password. ({attempt}/{MAX_LOGIN_ATTEMPTS})"")",9,DYNAMIC_DISPATCH,,162,__builtin.print,print,5706,5764,6,,,,ANY
30064771410,CALL,2,,,MAX_LOGIN_ATTEMPTS + 1,29,STATIC_DISPATCH,,153,<operator>.addition,<operator>.addition,5331,5353,2,,,,ANY
30064771411,CALL,2,,,"range(1, MAX_LOGIN_ATTEMPTS + 1)",20,DYNAMIC_DISPATCH,__builtin.range;__builtin.range<meta>,153,<unknownFullName>,range,5322,5354,2,,,,ANY
30064771412,CALL,-1,,,"tmp36 = range(1, MAX_LOGIN_ATTEMPTS + 1)",5,STATIC_DISPATCH,,153,<operator>.assignment,<operator>.assignment,5307,5769,1,,,,ANY
30064771413,CALL,-1,,,tmp36.__iter__,5,STATIC_DISPATCH,,153,<operator>.fieldAccess,<operator>.fieldAccess,5307,5769,0,,,,ANY
30064771414,CALL,-1,,,tmp36.__iter__(),5,DYNAMIC_DISPATCH,__builtin.range.<returnValue>.__iter__;__builtin.range<meta>.<returnValue>.__iter__,153,<unknownFullName>,__iter__,5307,5769,2,,,,ANY
30064771415,CALL,-1,,,"tmp35 = tmp36 = range(1, MAX_LOGIN_ATTEMPTS + 1)
tmp36.__iter__()",5,STATIC_DISPATCH,,153,<operator>.assignment,<operator>.assignment,5307,5769,1,,,,ANY
30064771416,CALL,-1,,,tmp35.__next__,5,STATIC_DISPATCH,,153,<operator>.fieldAccess,<operator>.fieldAccess,5307,5769,0,,,,ANY
30064771417,CALL,2,,,tmp35.__next__(),5,DYNAMIC_DISPATCH,__builtin.range.<returnValue>.__iter__.__next__;__builtin.range<meta>.<returnValue>.__iter__.__next__,153,<unknownFullName>,__next__,5307,5769,2,,,,ANY
30064771418,CALL,-1,,,attempt = tmp35.__next__(),5,STATIC_DISPATCH,,153,<operator>.assignment,<operator>.assignment,5307,5769,1,,,,ANY
30064771419,CALL,-1,,,"print(""Too many failed attempts."")",5,DYNAMIC_DISPATCH,,163,__builtin.print,print,5769,5803,4,,,,ANY
30064771420,CALL,-1,,,login_admin = def login_admin(...),1,STATIC_DISPATCH,,150,<operator>.assignment,<operator>.assignment,5150,5823,36,,,,ANY
30064771421,CALL,-1,,,"print(""\\n── User Login ────────────────────────────────"")",5,DYNAMIC_DISPATCH,,169,__builtin.print,print,5931,5988,2,,,,ANY
30064771422,CALL,2,,,"input(""Email: "")",20,DYNAMIC_DISPATCH,,171,__builtin.input,input,6061,6077,2,,,,ANY
30064771423,CALL,-1,,,"tmp37 = input(""Email: "")",20,STATIC_DISPATCH,,171,<operator>.assignment,<operator>.assignment,6061,6085,1,,,,ANY
30064771424,CALL,-1,,,tmp37.strip,20,STATIC_DISPATCH,,171,<operator>.fieldAccess,<operator>.fieldAccess,6061,6085,0,,,,ANY
30064771425,CALL,-1,,,"input(""Email: "").strip()",20,DYNAMIC_DISPATCH,,171,__builtin.input.<returnValue>.strip,strip,6061,6085,2,,,,ANY
30064771426,CALL,-1,,,"email = tmp37 = input(""Email: "")
input(""Email: "").strip()",9,STATIC_DISPATCH,,171,<operator>.assignment,<operator>.assignment,6050,6085,2,,,,ANY
30064771427,CALL,2,,,"input(""Password: "")",20,DYNAMIC_DISPATCH,,172,__builtin.input,input,6105,6124,2,,,,ANY
30064771428,CALL,-1,,,"password = input(""Password: "")",9,STATIC_DISPATCH,,172,<operator>.assignment,<operator>.assignment,6094,6124,3,,,,ANY
30064771429,CALL,2,,,_load(USERS_FILE),20,DYNAMIC_DISPATCH,,173,Project.py:<module>._load,_load,6144,6161,2,,,,ANY
30064771430,CALL,-1,,,users = _load(USERS_FILE),9,STATIC_DISPATCH,,173,<operator>.assignment,<operator>.assignment,6133,6161,4,,,,ANY
30064771431,CALL,-1,,,user.get,20,STATIC_DISPATCH,,176,<operator>.fieldAccess,<operator>.fieldAccess,6297,6317,0,,,,ANY
30064771432,CALL,1,,,"user.get(""is_admin"")",20,DYNAMIC_DISPATCH,,176,json.py:<module>.load.<returnValue>.__iter__.<returnValue>.__next__.<returnValue>.get,get,6297,6317,1,,,,ANY
30064771433,CALL,1,,,"not user.get(""is_admin"")",16,STATIC_DISPATCH,,176,<operator>.logicalNot,<operator>.logicalNot,6293,6317,1,,,,ANY
30064771434,CALL,1,,,"user[""email""]",45,STATIC_DISPATCH,,176,<operator>.indexAccess,<operator>.indexAccess,6322,6335,1,,,,ANY
30064771435,CALL,2,,,"user[""email""] == email",45,STATIC_DISPATCH,,176,<operator>.equals,<operator>.equals,6322,6344,2,,,,ANY
30064771436,CALL,-1,,,"not user.get(""is_admin"") and user[""email""] == email",16,STATIC_DISPATCH,,176,<operator>.logicalAnd,<operator>.logicalAnd,6293,6344,1,,,,ANY
30064771437,CALL,-1,,,user.get,24,STATIC_DISPATCH,,177,<operator>.fieldAccess,<operator>.fieldAccess,6369,6389,0,,,,ANY
30064771438,CALL,2,,,"user.get(""salt"", """")",24,DYNAMIC_DISPATCH,,177,json.py:<module>.load.<returnValue>.__iter__.<returnValue>.__next__.<returnValue>.get,get,6369,6389,2,,,,ANY
30064771439,CALL,-1,,,"salt = user.get(""salt"", """")",17,STATIC_DISPATCH,,177,<operator>.assignment,<operator>.assignment,6362,6389,1,,,,ANY
30064771440,CALL,1,,,"user[""password""]",20,STATIC_DISPATCH,,178,<operator>.indexAccess,<operator>.indexAccess,6409,6425,1,,,,ANY
30064771441,CALL,2,,,"_hash(password, salt)",40,DYNAMIC_DISPATCH,,178,Project.py:<module>._hash,_hash,6429,6450,2,,,,ANY
30064771442,CALL,-1,,,"user[""password""] == _hash(password, salt)",20,STATIC_DISPATCH,,178,<operator>.equals,<operator>.equals,6409,6450,1,,,,ANY
30064771443,CALL,1,,,user['name'],39,STATIC_DISPATCH,,179,<operator>.indexAccess,<operator>.indexAccess,6490,6502,1,,,,ANY
30064771444,CALL,2,,,{user['name']},38,STATIC_DISPATCH,,179,<operator>.formattedValue,<operator>.formattedValue,6489,6503,2,,,,ANY
30064771445,CALL,1,,,"f""Welcome, {user['name']}!""",27,STATIC_DISPATCH,,179,<operator>.formatString,<operator>.formatString,6478,6505,1,,,,ANY
30064771446,CALL,-1,,,"print(f""Welcome, {user['name']}!"")",21,DYNAMIC_DISPATCH,,179,__builtin.print,print,6472,6506,1,,,,ANY
30064771447,CALL,-1,,,users.__iter__,9,STATIC_DISPATCH,,174,<operator>.fieldAccess,<operator>.fieldAccess,6170,6547,0,,,,ANY
30064771448,CALL,2,,,users.__iter__(),9,DYNAMIC_DISPATCH,,174,json.py:<module>.load.<returnValue>.__iter__,__iter__,6170,6547,2,,,,ANY
30064771449,CALL,-1,,,tmp38 = users.__iter__(),9,STATIC_DISPATCH,,174,<operator>.assignment,<operator>.assignment,6170,6547,1,,,,ANY
30064771450,CALL,-1,,,tmp38.__next__,9,STATIC_DISPATCH,,174,<operator>.fieldAccess,<operator>.fieldAccess,6170,6547,0,,,,ANY
30064771451,CALL,2,,,tmp38.__next__(),9,DYNAMIC_DISPATCH,,174,json.py:<module>.load.<returnValue>.__iter__.<returnValue>.__next__,__next__,6170,6547,2,,,,ANY
30064771452,CALL,-1,,,user = tmp38.__next__(),9,STATIC_DISPATCH,,174,<operator>.assignment,<operator>.assignment,6170,6547,1,,,,ANY
30064771453,CALL,2,,,{attempt},43,STATIC_DISPATCH,,181,<operator>.formattedValue,<operator>.formattedValue,6581,6590,2,,,,ANY
30064771454,CALL,4,,,{MAX_LOGIN_ATTEMPTS},53,STATIC_DISPATCH,,181,<operator>.formattedValue,<operator>.formattedValue,6591,6611,4,,,,ANY
30064771455,CALL,1,,,"f""Wrong email or password. ({attempt}/{MAX_LOGIN_ATTEMPTS})""",15,STATIC_DISPATCH,,181,<operator>.formatString,<operator>.formatString,6553,6613,1,,,,ANY
30064771456,CALL,-1,,,"print(f""Wrong email or password. ({attempt}/{MAX_LOGIN_ATTEMPTS})"")",9,DYNAMIC_DISPATCH,,181,__builtin.print,print,6547,6614,6,,,,ANY
30064771457,CALL,2,,,MAX_LOGIN_ATTEMPTS + 1,29,STATIC_DISPATCH,,170,<operator>.addition,<operator>.addition,6017,6039,2,,,,ANY
30064771458,CALL,2,,,"range(1, MAX_LOGIN_ATTEMPTS + 1)",20,DYNAMIC_DISPATCH,__builtin.range;__builtin.range<meta>,170,<unknownFullName>,range,6008,6040,2,,,,ANY
30064771459,CALL,-1,,,"tmp40 = range(1, MAX_LOGIN_ATTEMPTS + 1)",5,STATIC_DISPATCH,,170,<operator>.assignment,<operator>.assignment,5993,6619,1,,,,ANY
30064771460,CALL,-1,,,tmp40.__iter__,5,STATIC_DISPATCH,,170,<operator>.fieldAccess,<operator>.fieldAccess,5993,6619,0,,,,ANY
30064771461,CALL,-1,,,tmp40.__iter__(),5,DYNAMIC_DISPATCH,__builtin.range.<returnValue>.__iter__;__builtin.range<meta>.<returnValue>.__iter__,170,<unknownFullName>,__iter__,5993,6619,2,,,,ANY
30064771462,CALL,-1,,,"tmp39 = tmp40 = range(1, MAX_LOGIN_ATTEMPTS + 1)
tmp40.__iter__()",5,STATIC_DISPATCH,,170,<operator>.assignment,<operator>.assignment,5993,6619,1,,,,ANY
30064771463,CALL,-1,,,tmp39.__next__,5,STATIC_DISPATCH,,170,<operator>.fieldAccess,<operator>.fieldAccess,5993,6619,0,,,,ANY
30064771464,CALL,2,,,tmp39.__next__(),5,DYNAMIC_DISPATCH,__builtin.range.<returnValue>.__iter__.__next__;__builtin.range<meta>.<returnValue>.__iter__.__next__,170,<unknownFullName>,__next__,5993,6619,2,,,,ANY
30064771465,CALL,-1,,,attempt = tmp39.__next__(),5,STATIC_DISPATCH,,170,<operator>.assignment,<operator>.assignment,5993,6619,1,,,,ANY
30064771466,CALL,-1,,,"print(""Too many failed attempts."")",5,DYNAMIC_DISPATCH,,182,__builtin.print,print,6619,6653,4,,,,ANY
30064771467,CALL,-1,,,login_user = def login_user(...),1,STATIC_DISPATCH,,167,<operator>.assignment,<operator>.assignment,5823,6753,37,,,,ANY
30064771468,CALL,-1,,,"print(""\\n1. Add a new center"")",5,DYNAMIC_DISPATCH,,189,__builtin.print,print,6841,6871,2,,,,ANY
30064771469,CALL,-1,,,"print(""2. Remove an existing center"")",5,DYNAMIC_DISPATCH,,190,__builtin.print,print,6876,6913,3,,,,ANY
30064771470,CALL,-1,,,"print(""3. Back"")",5,DYNAMIC_DISPATCH,,191,__builtin.print,print,6918,6934,4,,,,ANY
30064771471,CALL,2,,,"input(""Choice (1-3): "")",14,DYNAMIC_DISPATCH,,192,__builtin.input,input,6948,6971,2,,,,ANY
30064771472,CALL,-1,,,"choice = input(""Choice (1-3): "")",5,STATIC_DISPATCH,,192,<operator>.assignment,<operator>.assignment,6939,6971,5,,,,ANY
30064771473,CALL,-1,,,"choice == ""1""",8,STATIC_DISPATCH,,194,<operator>.equals,<operator>.equals,6980,6992,1,,,,ANY
30064771474,CALL,2,,,"_ask(""Center name: "")",20,DYNAMIC_DISPATCH,,195,Project.py:<module>._ask,_ask,7014,7035,2,,,,ANY
30064771475,CALL,-1,,,"name = _ask(""Center name: "")",9,STATIC_DISPATCH,,195,<operator>.assignment,<operator>.assignment,7003,7035,1,,,,ANY
30064771476,CALL,2,,,"_ask(""Address: "")",20,DYNAMIC_DISPATCH,,196,Project.py:<module>._ask,_ask,7055,7072,2,,,,ANY
30064771477,CALL,-1,,,"address = _ask(""Address: "")",9,STATIC_DISPATCH,,196,<operator>.assignment,<operator>.assignment,7044,7072,2,,,,ANY
30064771478,CALL,2,,,[],20,STATIC_DISPATCH,,197,<operator>.listLiteral,<operator>.listLiteral,7092,7213,2,,,,ANY
30064771479,CALL,-1,,,tmp41 = [],20,STATIC_DISPATCH,,197,<operator>.assignment,<operator>.assignment,7092,7213,1,,,,ANY
30064771480,CALL,-1,,,v.strip,21,STATIC_DISPATCH,,197,<operator>.fieldAccess,<operator>.fieldAccess,7093,7102,0,,,,ANY
30064771481,CALL,1,,,v.strip(),21,DYNAMIC_DISPATCH,__builtin.input.<returnValue>.strip.split.__iter__.__next__.<returnValue>.strip;__builtin.next.<returnValue>.<indexAccess>.__iter__.__next__.<returnValue>.strip,197,<unknownFullName>,strip,7093,7102,2,,,,ANY
30064771482,CALL,-1,,,tmp41.append,20,STATIC_DISPATCH,,197,<operator>.fieldAccess,<operator>.fieldAccess,7092,7213,0,,,,ANY
30064771483,CALL,-1,,,tmp41.append(v.strip()),20,DYNAMIC_DISPATCH,,197,__builtin.list.append,append,7092,7213,3,,,,ANY
30064771484,CALL,2,,,"_ask(""Vaccines (comma-separated): "")",30,DYNAMIC_DISPATCH,,198,Project.py:<module>._ask,_ask,7132,7168,2,,,,ANY
30064771485,CALL,-1,,,"tmp44 = _ask(""Vaccines (comma-separated): "")",30,STATIC_DISPATCH,,198,<operator>.assignment,<operator>.assignment,7132,7179,1,,,,ANY
30064771486,CALL,-1,,,tmp44.split,30,STATIC_DISPATCH,,198,<operator>.fieldAccess,<operator>.fieldAccess,7132,7179,0,,,,ANY
30064771487,CALL,-1,,,"_ask(""Vaccines (comma-separated): "").split("","")",30,DYNAMIC_DISPATCH,,198,__builtin.input.<returnValue>.strip.split,split,7132,7179,2,,,,ANY
30064771488,CALL,-1,,,"tmp43 = tmp44 = _ask(""Vaccines (comma-separated): "")
_ask(""Vaccines (comma-separated): "").split("","")",20,STATIC_DISPATCH,,197,<operator>.assignment,<operator>.assignment,7092,7213,1,,,,ANY
30064771489,CALL,-1,,,tmp43.__iter__,20,STATIC_DISPATCH,,197,<operator>.fieldAccess,<operator>.fieldAccess,7092,7213,0,,,,ANY
30064771490,CALL,-1,,,tmp43.__iter__(),20,DYNAMIC_DISPATCH,,197,__builtin.input.<returnValue>.strip.split.__iter__,__iter__,7092,7213,2,,,,ANY
30064771491,CALL,-1,,,"tmp42 = tmp43 = tmp44 = _ask(""Vaccines (comma-separated): "")
_ask(""Vaccines (comma-separated): "").split("","")
tmp43.__iter__()",20,STATIC_DISPATCH,,197,<operator>.assignment,<operator>.assignment,7092,7213,1,,,,ANY
30064771492,CALL,-1,,,tmp42.__next__,20,STATIC_DISPATCH,,197,<operator>.fieldAccess,<operator>.fieldAccess,7092,7213,0,,,,ANY
30064771493,CALL,2,,,tmp42.__next__(),20,DYNAMIC_DISPATCH,,197,__builtin.input.<returnValue>.strip.split.__iter__.__next__,__next__,7092,7213,2,,,,ANY
30064771494,CALL,-1,,,v = tmp42.__next__(),20,STATIC_DISPATCH,,197,<operator>.assignment,<operator>.assignment,7092,7213,1,,,,ANY
30064771495,CALL,-1,,,v.strip,24,STATIC_DISPATCH,,199,<operator>.fieldAccess,<operator>.fieldAccess,7203,7212,0,,,,ANY
30064771496,CALL,1,,,v.strip(),24,DYNAMIC_DISPATCH,__builtin.input.<returnValue>.strip.split.__iter__.__next__.<returnValue>.strip;__builtin.next.<returnValue>.<indexAccess>.__iter__.__next__.<returnValue>.strip,199,<unknownFullName>,strip,7203,7212,1,,,,ANY
30064771497,CALL,-1,,,not v.strip(),24,STATIC_DISPATCH,,199,<operator>.logicalNot,<operator>.logicalNot,7203,7212,1,,,,ANY
30064771498,CALL,-1,,,"vaccines = tmp41 = []
tmp42 = tmp43 = tmp44 = _ask(""Vaccines (comma-separated): "")
_ask(""Vaccines (comma-separated): "").split("","")
tmp43.__iter__()
while ... : ...
tmp41",9,STATIC_DISPATCH,,197,<operator>.assignment,<operator>.assignment,7081,7213,3,,,,ANY
30064771499,CALL,-1,,,not vaccines,12,STATIC_DISPATCH,,200,<operator>.logicalNot,<operator>.logicalNot,7225,7237,1,,,,ANY
30064771500,CALL,-1,,,"print(""You must enter at least one vaccine."")",13,DYNAMIC_DISPATCH,,201,__builtin.print,print,7251,7296,1,,,,ANY
30064771501,CALL,2,,,_load(CENTERS_FILE),19,DYNAMIC_DISPATCH,,203,Project.py:<module>._load,_load,7334,7353,2,,,,ANY
30064771502,CALL,-1,,,centers = _load(CENTERS_FILE),9,STATIC_DISPATCH,,203,<operator>.assignment,<operator>.assignment,7324,7353,5,,,,ANY
30064771503,CALL,2,,,<operator>.genExp,23,STATIC_DISPATCH,,204,<operator>.genExp,<operator>.genExp,7376,7402,2,,,,ANY
30064771504,CALL,-1,,,tmp45 = <operator>.genExp,23,STATIC_DISPATCH,,204,<operator>.assignment,<operator>.assignment,7376,7402,1,,,,ANY
30064771505,CALL,1,,,"c[""id""]",24,STATIC_DISPATCH,,204,<operator>.indexAccess,<operator>.indexAccess,7377,7384,2,,,,ANY
30064771506,CALL,-1,,,tmp45.append,23,STATIC_DISPATCH,,204,<operator>.fieldAccess,<operator>.fieldAccess,7376,7402,0,,,,ANY
30064771507,CALL,-1,,,"tmp45.append(c[""id""])",23,DYNAMIC_DISPATCH,,204,<unknownFullName>,append,7376,7402,2,,,,ANY
30064771508,CALL,-1,,,centers.__iter__,23,STATIC_DISPATCH,,204,<operator>.fieldAccess,<operator>.fieldAccess,7376,7402,0,,,,ANY
30064771509,CALL,2,,,centers.__iter__(),23,DYNAMIC_DISPATCH,,204,json.py:<module>.load.<returnValue>.__iter__,__iter__,7376,7402,2,,,,ANY
30064771510,CALL,-1,,,tmp46 = centers.__iter__(),23,STATIC_DISPATCH,,204,<operator>.assignment,<operator>.assignment,7376,7402,1,,,,ANY
30064771511,CALL,-1,,,tmp46.__next__,23,STATIC_DISPATCH,,204,<operator>.fieldAccess,<operator>.fieldAccess,7376,7402,0,,,,ANY
30064771512,CALL,2,,,tmp46.__next__(),23,DYNAMIC_DISPATCH,,204,json.py:<module>.load.<returnValue>.__iter__.<returnValue>.__next__,__next__,7376,7402,2,,,,ANY
30064771513,CALL,-1,,,c = tmp46.__next__(),23,STATIC_DISPATCH,,204,<operator>.assignment,<operator>.assignment,7376,7402,1,,,,ANY
30064771514,CALL,1,,,"max(c[""id""] for c in centers)",19,DYNAMIC_DISPATCH,,204,__builtin.max,max,7372,7414,1,,,,ANY
30064771515,CALL,2,,,"max(c[""id""] for c in centers) + 1",19,STATIC_DISPATCH,,204,<operator>.addition,<operator>.addition,7372,7418,2,,,,ANY
30064771516,CALL,-1,,,"new_id = max(c[""id""] for c in centers) + 1",9,STATIC_DISPATCH,,204,<operator>.assignment,<operator>.assignment,7362,7418,6,,,,ANY
30064771517,CALL,2,,,{},24,STATIC_DISPATCH,,205,<operator>.dictLiteral,<operator>.dictLiteral,7442,7537,2,,,,ANY
30064771518,CALL,-1,,,tmp47 = {},24,STATIC_DISPATCH,,205,<operator>.assignment,<operator>.assignment,7442,7537,1,,,,ANY
30064771519,CALL,1,,,"tmp47[""id""]",24,STATIC_DISPATCH,,205,<operator>.indexAccess,<operator>.indexAccess,7442,7537,1,,,,ANY
30064771520,CALL,-1,,,"tmp47[""id""] = new_id",24,STATIC_DISPATCH,,205,<operator>.assignment,<operator>.assignment,7442,7537,2,,,,ANY
30064771521,CALL,1,,,"tmp47[""name""]",24,STATIC_DISPATCH,,205,<operator>.indexAccess,<operator>.indexAccess,7442,7537,1,,,,ANY
30064771522,CALL,-1,,,"tmp47[""name""] = name",24,STATIC_DISPATCH,,205,<operator>.assignment,<operator>.assignment,7442,7537,3,,,,ANY
30064771523,CALL,1,,,"tmp47[""address""]",24,STATIC_DISPATCH,,205,<operator>.indexAccess,<operator>.indexAccess,7442,7537,1,,,,ANY
30064771524,CALL,-1,,,"tmp47[""address""] = address",24,STATIC_DISPATCH,,205,<operator>.assignment,<operator>.assignment,7442,7537,4,,,,ANY
30064771525,CALL,1,,,"tmp47[""vaccines""]",24,STATIC_DISPATCH,,205,<operator>.indexAccess,<operator>.indexAccess,7442,7537,1,,,,ANY
30064771526,CALL,-1,,,"tmp47[""vaccines""] = vaccines",24,STATIC_DISPATCH,,205,<operator>.assignment,<operator>.assignment,7442,7537,5,,,,ANY
30064771527,CALL,-1,,,centers.append,9,STATIC_DISPATCH,,205,<operator>.fieldAccess,<operator>.fieldAccess,7427,7538,0,,,,ANY
30064771528,CALL,-1,,,"centers.append({""id"":new_id, ""name"":name, ""address"":address, ""vaccines"":vaccines})",9,DYNAMIC_DISPATCH,,205,json.py:<module>.load.<returnValue>.append,append,7427,7538,7,,,,ANY
30064771529,CALL,-1,,,"_save(CENTERS_FILE, centers)",9,DYNAMIC_DISPATCH,,207,Project.py:<module>._save,_save,7547,7575,8,,,,ANY
30064771530,CALL,2,,,{name},25,STATIC_DISPATCH,,208,<operator>.formattedValue,<operator>.formattedValue,7600,7606,2,,,,ANY
30064771531,CALL,4,,,{new_id},47,STATIC_DISPATCH,,208,<operator>.formattedValue,<operator>.formattedValue,7622,7630,4,,,,ANY
30064771532,CALL,1,,,"f""Center '{name}' added with ID {new_id}.""",15,STATIC_DISPATCH,,208,<operator>.formatString,<operator>.formatString,7590,7632,1,,,,ANY
30064771533,CALL,-1,,,"print(f""Center '{name}' added with ID {new_id}."")",9,DYNAMIC_DISPATCH,,208,__builtin.print,print,7584,7633,9,,,,ANY
30064771534,CALL,-1,,,"choice == ""2""",10,STATIC_DISPATCH,,210,<operator>.equals,<operator>.equals,7644,7656,1,,,,ANY
30064771535,CALL,2,,,_load(CENTERS_FILE),19,DYNAMIC_DISPATCH,,211,Project.py:<module>._load,_load,7677,7696,2,,,,ANY
30064771536,CALL,-1,,,centers = _load(CENTERS_FILE),9,STATIC_DISPATCH,,211,<operator>.assignment,<operator>.assignment,7667,7696,1,,,,ANY
30064771537,CALL,-1,,,not centers,12,STATIC_DISPATCH,,212,<operator>.logicalNot,<operator>.logicalNot,7708,7719,1,,,,ANY
30064771538,CALL,-1,,,"print(""No centers on file."")",13,DYNAMIC_DISPATCH,,213,__builtin.print,print,7733,7761,1,,,,ANY
30064771539,CALL,2,,,"_ask_int(""Enter center ID to remove: "")",21,DYNAMIC_DISPATCH,,215,Project.py:<module>._ask_int,_ask_int,7801,7840,2,,,,ANY
30064771540,CALL,-1,,,"center_id = _ask_int(""Enter center ID to remove: "")",9,STATIC_DISPATCH,,215,<operator>.assignment,<operator>.assignment,7789,7840,3,,,,ANY
30064771541,CALL,2,,,<operator>.genExp,26,STATIC_DISPATCH,,216,<operator>.genExp,<operator>.genExp,7866,7910,2,,,,ANY
30064771542,CALL,-1,,,tmp48 = <operator>.genExp,26,STATIC_DISPATCH,,216,<operator>.assignment,<operator>.assignment,7866,7910,1,,,,ANY
30064771543,CALL,-1,,,tmp48.append,26,STATIC_DISPATCH,,216,<operator>.fieldAccess,<operator>.fieldAccess,7866,7910,0,,,,ANY
30064771544,CALL,-1,,,tmp48.append(c),26,DYNAMIC_DISPATCH,,216,<unknownFullName>,append,7866,7910,3,,,,ANY
30064771545,CALL,-1,,,centers.__iter__,26,STATIC_DISPATCH,,216,<operator>.fieldAccess,<operator>.fieldAccess,7866,7910,0,,,,ANY
30064771546,CALL,2,,,centers.__iter__(),26,DYNAMIC_DISPATCH,,216,json.py:<module>.load.<returnValue>.__iter__,__iter__,7866,7910,2,,,,ANY
30064771547,CALL,-1,,,tmp49 = centers.__iter__(),26,STATIC_DISPATCH,,216,<operator>.assignment,<operator>.assignment,7866,7910,1,,,,ANY
30064771548,CALL,-1,,,tmp49.__next__,26,STATIC_DISPATCH,,216,<operator>.fieldAccess,<operator>.fieldAccess,7866,7910,0,,,,ANY
30064771549,CALL,2,,,tmp49.__next__(),26,DYNAMIC_DISPATCH,,216,json.py:<module>.load.<returnValue>.__iter__.<returnValue>.__next__,__next__,7866,7910,2,,,,ANY
30064771550,CALL,-1,,,c = tmp49.__next__(),26,STATIC_DISPATCH,,216,<operator>.assignment,<operator>.assignment,7866,7910,1,,,,ANY
30064771551,CALL,1,,,"c[""id""]",49,STATIC_DISPATCH,,216,<operator>.indexAccess,<operator>.indexAccess,7889,7896,1,,,,ANY
30064771552,CALL,1,,,"c[""id""] == center_id",49,STATIC_DISPATCH,,216,<operator>.equals,<operator>.equals,7889,7909,1,,,,ANY
30064771553,CALL,-1,,,"not c[""id""] == center_id",49,STATIC_DISPATCH,,216,<operator>.logicalNot,<operator>.logicalNot,7889,7909,1,,,,ANY
30064771554,CALL,2,,,"next((c for c in centers if c[""id""] == center_id), None)",21,DYNAMIC_DISPATCH,,216,__builtin.next,next,7861,7917,2,,,,ANY
30064771555,CALL,-1,,,"target = next((c for c in centers if c[""id""] == center_id), None)",9,STATIC_DISPATCH,,216,<operator>.assignment,<operator>.assignment,7849,7917,4,,,,ANY
30064771556,CALL,-1,,,not target,12,STATIC_DISPATCH,,217,<operator>.logicalNot,<operator>.logicalNot,7929,7939,1,,,,ANY
30064771557,CALL,-1,,,"print(""Center not found."")",13,DYNAMIC_DISPATCH,,218,__builtin.print,print,7953,7979,1,,,,ANY
30064771558,CALL,2,,,_load(RESERVATIONS_FILE),24,DYNAMIC_DISPATCH,,222,Project.py:<module>._load,_load,8089,8113,2,,,,ANY
30064771559,CALL,-1,,,reservations = _load(RESERVATIONS_FILE),9,STATIC_DISPATCH,,222,<operator>.assignment,<operator>.assignment,8074,8113,6,,,,ANY
30064771560,CALL,2,,,<operator>.genExp,16,STATIC_DISPATCH,,223,<operator>.genExp,<operator>.genExp,8129,8178,2,,,,ANY
30064771561,CALL,-1,,,tmp50 = <operator>.genExp,16,STATIC_DISPATCH,,223,<operator>.assignment,<operator>.assignment,8129,8178,1,,,,ANY
30064771562,CALL,1,,,"r[""center_id""]",16,STATIC_DISPATCH,,223,<operator>.indexAccess,<operator>.indexAccess,8129,8143,1,,,,ANY
30064771563,CALL,1,,,"r[""center_id""] == center_id",16,STATIC_DISPATCH,,223,<operator>.equals,<operator>.equals,8129,8156,2,,,,ANY
30064771564,CALL,-1,,,tmp50.append,16,STATIC_DISPATCH,,223,<operator>.fieldAccess,<operator>.fieldAccess,8129,8178,0,,,,ANY
30064771565,CALL,-1,,,"tmp50.append(r[""center_id""] == center_id)",16,DYNAMIC_DISPATCH,,223,<unknownFullName>,append,8129,8178,2,,,,ANY
30064771566,CALL,-1,,,reservations.__iter__,16,STATIC_DISPATCH,,223,<operator>.fieldAccess,<operator>.fieldAccess,8129,8178,0,,,,ANY
30064771567,CALL,2,,,reservations.__iter__(),16,DYNAMIC_DISPATCH,,223,json.py:<module>.load.<returnValue>.__iter__,__iter__,8129,8178,2,,,,ANY
30064771568,CALL,-1,,,tmp51 = reservations.__iter__(),16,STATIC_DISPATCH,,223,<operator>.assignment,<operator>.assignment,8129,8178,1,,,,ANY
30064771569,CALL,-1,,,tmp51.__next__,16,STATIC_DISPATCH,,223,<operator>.fieldAccess,<operator>.fieldAccess,8129,8178,0,,,,ANY
30064771570,CALL,2,,,tmp51.__next__(),16,DYNAMIC_DISPATCH,,223,json.py:<module>.load.<returnValue>.__iter__.<returnValue>.__next__,__next__,8129,8178,2,,,,ANY
30064771571,CALL,-1,,,r = tmp51.__next__(),16,STATIC_DISPATCH,,223,<operator>.assignment,<operator>.assignment,8129,8178,1,,,,ANY
30064771572,CALL,-1,,,"any(r[""center_id""] == center_id for r in reservations)",12,DYNAMIC_DISPATCH,,223,__builtin.any,any,8125,8179,1,,,,ANY
30064771573,CALL,-1,,,"print(""Cannot remove center: Active reservations are linked to it."")",13,DYNAMIC_DISPATCH,,224,__builtin.print,print,8193,8261,1,,,,ANY
30064771574,CALL,1,,,target['name'],36,STATIC_DISPATCH,,227,<operator>.indexAccess,<operator>.indexAccess,8317,8331,1,,,,ANY
30064771575,CALL,2,,,{target['name']},35,STATIC_DISPATCH,,227,<operator>.formattedValue,<operator>.formattedValue,8316,8332,2,,,,ANY
30064771576,CALL,1,,,"f""Remove '{target['name']}'?""",25,STATIC_DISPATCH,,227,<operator>.formatString,<operator>.formatString,8306,8335,1,,,,ANY
30064771577,CALL,1,,,"_confirm(f""Remove '{target['name']}'?"")",16,DYNAMIC_DISPATCH,,227,Project.py:<module>._confirm,_confirm,8297,8336,1,,,,ANY
30064771578,CALL,-1,,,"not _confirm(f""Remove '{target['name']}'?"")",12,STATIC_DISPATCH,,227,<operator>.logicalNot,<operator>.logicalNot,8293,8336,1,,,,ANY
30064771579,CALL,-1,,,"print(""Cancelled."")",13,DYNAMIC_DISPATCH,,228,__builtin.print,print,8350,8369,1,,,,ANY
30064771580,CALL,2,,,[],29,STATIC_DISPATCH,,230,<operator>.listLiteral,<operator>.listLiteral,8417,8461,2,,,,ANY
30064771581,CALL,-1,,,tmp52 = [],29,STATIC_DISPATCH,,230,<operator>.assignment,<operator>.assignment,8417,8461,1,,,,ANY
30064771582,CALL,-1,,,tmp52.append,29,STATIC_DISPATCH,,230,<operator>.fieldAccess,<operator>.fieldAccess,8417,8461,0,,,,ANY
30064771583,CALL,-1,,,tmp52.append(c),29,DYNAMIC_DISPATCH,,230,__builtin.list.append,append,8417,8461,3,,,,ANY
30064771584,CALL,-1,,,centers.__iter__,29,STATIC_DISPATCH,,230,<operator>.fieldAccess,<operator>.fieldAccess,8417,8461,0,,,,ANY
30064771585,CALL,2,,,centers.__iter__(),29,DYNAMIC_DISPATCH,,230,json.py:<module>.load.<returnValue>.__iter__,__iter__,8417,8461,2,,,,ANY
30064771586,CALL,-1,,,tmp53 = centers.__iter__(),29,STATIC_DISPATCH,,230,<operator>.assignment,<operator>.assignment,8417,8461,1,,,,ANY
30064771587,CALL,-1,,,tmp53.__next__,29,STATIC_DISPATCH,,230,<operator>.fieldAccess,<operator>.fieldAccess,8417,8461,0,,,,ANY
30064771588,CALL,2,,,tmp53.__next__(),29,DYNAMIC_DISPATCH,,230,json.py:<module>.load.<returnValue>.__iter__.<returnValue>.__next__,__next__,8417,8461,2,,,,ANY
30064771589,CALL,-1,,,c = tmp53.__next__(),29,STATIC_DISPATCH,,230,<operator>.assignment,<operator>.assignment,8417,8461,1,,,,ANY
30064771590,CALL,1,,,"c[""id""]",52,STATIC_DISPATCH,,230,<operator>.indexAccess,<operator>.indexAccess,8440,8447,1,,,,ANY
30064771591,CALL,1,,,"c[""id""] != center_id",52,STATIC_DISPATCH,,230,<operator>.notEquals,<operator>.notEquals,8440,8460,1,,,,ANY
30064771592,CALL,-1,,,"not c[""id""] != center_id",52,STATIC_DISPATCH,,230,<operator>.logicalNot,<operator>.logicalNot,8440,8460,1,,,,ANY
30064771593,CALL,-1,,,"_save(CENTERS_FILE, [c for c in centers if c[""id""] != center_id])",9,DYNAMIC_DISPATCH,,230,Project.py:<module>._save,_save,8397,8462,9,,,,ANY
30064771594,CALL,-1,,,"print(""Center removed."")",9,DYNAMIC_DISPATCH,,231,__builtin.print,print,8471,8495,10,,,,ANY
30064771595,CALL,-1,,,"choice == ""3""",10,STATIC_DISPATCH,,233,<operator>.equals,<operator>.equals,8506,8518,1,,,,ANY
30064771596,CALL,-1,,,"print(""Invalid choice."")",9,DYNAMIC_DISPATCH,,236,__builtin.print,print,8554,8578,1,,,,ANY
30064771597,CALL,-1,,,add_or_remove_center = def add_or_remove_center(...),1,STATIC_DISPATCH,,187,<operator>.assignment,<operator>.assignment,6753,8581,38,,,,ANY
30064771598,CALL,2,,,"input(""Enter center name to search: "")",15,DYNAMIC_DISPATCH,,241,__builtin.input,input,8710,8748,2,,,,ANY
30064771599,CALL,-1,,,"tmp55 = input(""Enter center name to search: "")",15,STATIC_DISPATCH,,241,<operator>.assignment,<operator>.assignment,8710,8756,1,,,,ANY
30064771600,CALL,-1,,,tmp55.strip,15,STATIC_DISPATCH,,241,<operator>.fieldAccess,<operator>.fieldAccess,8710,8756,0,,,,ANY
30064771601,CALL,-1,,,"input(""Enter center name to search: "").strip()",15,DYNAMIC_DISPATCH,,241,__builtin.input.<returnValue>.strip,strip,8710,8756,2,,,,ANY
30064771602,CALL,-1,,,"tmp54 = tmp55 = input(""Enter center name to search: "")
input(""Enter center name to search: "").strip()",15,STATIC_DISPATCH,,241,<operator>.assignment,<operator>.assignment,8710,8764,1,,,,ANY
30064771603,CALL,-1,,,tmp54.lower,15,STATIC_DISPATCH,,241,<operator>.fieldAccess,<operator>.fieldAccess,8710,8764,0,,,,ANY
30064771604,CALL,-1,,,"input(""Enter center name to search: "").strip().lower()",15,DYNAMIC_DISPATCH,,241,__builtin.input.<returnValue>.strip.lower,lower,8710,8764,2,,,,ANY
30064771605,CALL,-1,,,"query = tmp54 = tmp55 = input(""Enter center name to search: "")
input(""Enter center name to search: "").strip()
input(""Enter center name to search: "").strip().lower()",5,STATIC_DISPATCH,,241,<operator>.assignment,<operator>.assignment,8700,8764,2,,,,ANY
30064771606,CALL,2,,,_load(CENTERS_FILE),15,DYNAMIC_DISPATCH,,242,Project.py:<module>._load,_load,8779,8798,2,,,,ANY
30064771607,CALL,-1,,,centers = _load(CENTERS_FILE),5,STATIC_DISPATCH,,242,<operator>.assignment,<operator>.assignment,8769,8798,3,,,,ANY
30064771608,CALL,2,,,[],15,STATIC_DISPATCH,,243,<operator>.listLiteral,<operator>.listLiteral,8813,8863,2,,,,ANY
30064771609,CALL,-1,,,tmp56 = [],15,STATIC_DISPATCH,,243,<operator>.assignment,<operator>.assignment,8813,8863,1,,,,ANY
30064771610,CALL,-1,,,tmp56.append,15,STATIC_DISPATCH,,243,<operator>.fieldAccess,<operator>.fieldAccess,8813,8863,0,,,,ANY
30064771611,CALL,-1,,,tmp56.append(c),15,DYNAMIC_DISPATCH,,243,__builtin.list.append,append,8813,8863,3,,,,ANY
30064771612,CALL,-1,,,centers.__iter__,15,STATIC_DISPATCH,,243,<operator>.fieldAccess,<operator>.fieldAccess,8813,8863,0,,,,ANY
30064771613,CALL,2,,,centers.__iter__(),15,DYNAMIC_DISPATCH,,243,json.py:<module>.load.<returnValue>.__iter__,__iter__,8813,8863,2,,,,ANY
30064771614,CALL,-1,,,tmp57 = centers.__iter__(),15,STATIC_DISPATCH,,243,<operator>.assignment,<operator>.assignment,8813,8863,1,,,,ANY
30064771615,CALL,-1,,,tmp57.__next__,15,STATIC_DISPATCH,,243,<operator>.fieldAccess,<operator>.fieldAccess,8813,8863,0,,,,ANY
30064771616,CALL,2,,,tmp57.__next__(),15,DYNAMIC_DISPATCH,,243,json.py:<module>.load.<returnValue>.__iter__.<returnValue>.__next__,__next__,8813,8863,2,,,,ANY
30064771617,CALL,-1,,,c = tmp57.__next__(),15,STATIC_DISPATCH,,243,<operator>.assignment,<operator>.assignment,8813,8863,1,,,,ANY
30064771618,CALL,2,,,"c[""name""]",47,STATIC_DISPATCH,,243,<operator>.indexAccess,<operator>.indexAccess,8845,8854,2,,,,ANY
30064771619,CALL,-1,,,"tmp58 = c[""name""]",47,STATIC_DISPATCH,,243,<operator>.assignment,<operator>.assignment,8845,8862,1,,,,ANY
30064771620,CALL,-1,,,tmp58.lower,47,STATIC_DISPATCH,,243,<operator>.fieldAccess,<operator>.fieldAccess,8845,8862,0,,,,ANY
30064771621,CALL,-1,,,"c[""name""].lower()",47,DYNAMIC_DISPATCH,json.py:<module>.load.<returnValue>.__iter__.<returnValue>.__next__.<returnValue>.<indexAccess>.lower;__builtin.list.__iter__.<returnValue>.__next__.<returnValue>.<indexAccess>.lower,243,<unknownFullName>,lower,8845,8862,2,,,,ANY
30064771622,CALL,1,,,"query in tmp58 = c[""name""]
c[""name""].lower()",38,STATIC_DISPATCH,,243,<operator>.in,<operator>.in,8836,8862,1,,,,ANY
30064771623,CALL,-1,,,"not query in tmp58 = c[""name""]
c[""name""].lower()",38,STATIC_DISPATCH,,243,<operator>.logicalNot,<operator>.logicalNot,8836,8862,1,,,,ANY
30064771624,CALL,-1,,,"found = tmp56 = []
tmp57 = centers.__iter__()
while ... : ...
tmp56",5,STATIC_DISPATCH,,243,<operator>.assignment,<operator>.assignment,8803,8863,4,,,,ANY
30064771625,CALL,1,,,len(found),26,DYNAMIC_DISPATCH,,246,__builtin.len,len,8904,8914,1,,,,ANY
30064771626,CALL,2,,,{len(found)},25,STATIC_DISPATCH,,246,<operator>.formattedValue,<operator>.formattedValue,8903,8915,2,,,,ANY
30064771627,CALL,1,,,"f""\\nFound {len(found)} center(s):""",15,STATIC_DISPATCH,,246,<operator>.formatString,<operator>.formatString,8893,8927,1,,,,ANY
30064771628,CALL,-1,,,"print(f""\\nFound {len(found)} center(s):"")",9,DYNAMIC_DISPATCH,,246,__builtin.print,print,8887,8928,1,,,,ANY
30064771629,CALL,1,,,c['id'],34,STATIC_DISPATCH,,248,<operator>.indexAccess,<operator>.indexAccess,8986,8993,1,,,,ANY
30064771630,CALL,2,,,{c['id']},33,STATIC_DISPATCH,,248,<operator>.formattedValue,<operator>.formattedValue,8985,8994,2,,,,ANY
30064771631,CALL,1,,,"f""\\nID:       {c['id']}""",19,STATIC_DISPATCH,,248,<operator>.formatString,<operator>.formatString,8971,8995,1,,,,ANY
30064771632,CALL,-1,,,"print(f""\\nID:       {c['id']}"")",13,DYNAMIC_DISPATCH,,248,__builtin.print,print,8965,8996,2,,,,ANY
30064771633,CALL,1,,,c['name'],32,STATIC_DISPATCH,,249,<operator>.indexAccess,<operator>.indexAccess,9028,9037,1,,,,ANY
30064771634,CALL,2,,,{c['name']},31,STATIC_DISPATCH,,249,<operator>.formattedValue,<operator>.formattedValue,9027,9038,2,,,,ANY
30064771635,CALL,1,,,"f""Name:     {c['name']}""",19,STATIC_DISPATCH,,249,<operator>.formatString,<operator>.formatString,9015,9039,1,,,,ANY
30064771636,CALL,-1,,,"print(f""Name:     {c['name']}"")",13,DYNAMIC_DISPATCH,,249,__builtin.print,print,9009,9040,3,,,,ANY
30064771637,CALL,1,,,c['address'],32,STATIC_DISPATCH,,250,<operator>.indexAccess,<operator>.indexAccess,9072,9084,1,,,,ANY
30064771638,CALL,2,,,{c['address']},31,STATIC_DISPATCH,,250,<operator>.formattedValue,<operator>.formattedValue,9071,9085,2,,,,ANY
30064771639,CALL,1,,,"f""Address:  {c['address']}""",19,STATIC_DISPATCH,,250,<operator>.formatString,<operator>.formatString,9059,9086,1,,,,ANY
30064771640,CALL,-1,,,"print(f""Address:  {c['address']}"")",13,DYNAMIC_DISPATCH,,250,__builtin.print,print,9053,9087,4,,,,ANY
30064771641,CALL,1,,,c['vaccines'],42,STATIC_DISPATCH,,251,<operator>.indexAccess,<operator>.indexAccess,9129,9142,2,,,,ANY
30064771642,CALL,-1,,,"tmp59 = ', '",32,STATIC_DISPATCH,,251,<operator>.assignment,<operator>.assignment,9119,9143,1,,,,ANY
30064771643,CALL,-1,,,tmp59.join,32,STATIC_DISPATCH,,251,<operator>.fieldAccess,<operator>.fieldAccess,9119,9143,0,,,,ANY
30064771644,CALL,-1,,,"', '.join(c['vaccines'])",32,DYNAMIC_DISPATCH,,251,__builtin.str.join,join,9119,9143,2,,,,ANY
30064771645,CALL,2,,,"{tmp59 = ', '
', '.join(c['vaccines'])}",31,STATIC_DISPATCH,,251,<operator>.formattedValue,<operator>.formattedValue,9118,9144,2,,,,ANY
30064771646,CALL,1,,,"f""Vaccines: {tmp59 = ', '
', '.join(c['vaccines'])}""",19,STATIC_DISPATCH,,251,<operator>.formatString,<operator>.formatString,9106,9145,1,,,,ANY
30064771647,CALL,-1,,,"print(f""Vaccines: {', '.join(c['vaccines'])}"")",13,DYNAMIC_DISPATCH,,251,__builtin.print,print,9100,9146,5,,,,ANY
30064771648,CALL,1,,,"""-"" * 20",19,STATIC_DISPATCH,,252,<operator>.multiplication,<operator>.multiplication,9165,9173,1,,,,ANY
30064771649,CALL,-1,,,"print(""-"" * 20)",13,DYNAMIC_DISPATCH,,252,__builtin.print,print,9159,9174,6,,,,ANY
30064771650,CALL,-1,,,found.__iter__,9,STATIC_DISPATCH,,247,<operator>.fieldAccess,<operator>.fieldAccess,8937,9179,0,,,,ANY
30064771651,CALL,2,,,found.__iter__(),9,DYNAMIC_DISPATCH,,247,__builtin.list.__iter__,__iter__,8937,9179,2,,,,ANY
30064771652,CALL,-1,,,tmp60 = found.__iter__(),9,STATIC_DISPATCH,,247,<operator>.assignment,<operator>.assignment,8937,9179,1,,,,ANY
30064771653,CALL,-1,,,tmp60.__next__,9,STATIC_DISPATCH,,247,<operator>.fieldAccess,<operator>.fieldAccess,8937,9179,0,,,,ANY
30064771654,CALL,2,,,tmp60.__next__(),9,DYNAMIC_DISPATCH,,247,__builtin.list.__iter__.<returnValue>.__next__,__next__,8937,9179,2,,,,ANY
30064771655,CALL,-1,,,c = tmp60.__next__(),9,STATIC_DISPATCH,,247,<operator>.assignment,<operator>.assignment,8937,9179,1,,,,ANY
30064771656,CALL,-1,,,"print(""No center found matching that name."")",9,DYNAMIC_DISPATCH,,254,__builtin.print,print,9193,9237,1,,,,ANY
30064771657,CALL,-1,,,search_center_by_name = def search_center_by_name(...),1,STATIC_DISPATCH,,239,<operator>.assignment,<operator>.assignment,8581,9240,39,,,,ANY
30064771658,CALL,2,,,_load(USERS_FILE),20,DYNAMIC_DISPATCH,,259,Project.py:<module>._load,_load,9362,9379,2,,,,ANY
30064771659,CALL,-1,,,users = _load(USERS_FILE),5,STATIC_DISPATCH,,259,<operator>.assignment,<operator>.assignment,9347,9379,2,,,,ANY
30064771660,CALL,2,,,_load(RESERVATIONS_FILE),20,DYNAMIC_DISPATCH,,260,Project.py:<module>._load,_load,9399,9423,2,,,,ANY
30064771661,CALL,-1,,,reservations = _load(RESERVATIONS_FILE),5,STATIC_DISPATCH,,260,<operator>.assignment,<operator>.assignment,9384,9423,3,,,,ANY
30064771662,CALL,2,,,_load(CENTERS_FILE),20,DYNAMIC_DISPATCH,,261,Project.py:<module>._load,_load,9443,9462,2,,,,ANY
30064771663,CALL,-1,,,centers = _load(CENTERS_FILE),5,STATIC_DISPATCH,,261,<operator>.assignment,<operator>.assignment,9428,9462,4,,,,ANY
30064771664,CALL,-1,,,not users,8,STATIC_DISPATCH,,263,<operator>.logicalNot,<operator>.logicalNot,9471,9480,1,,,,ANY
30064771665,CALL,-1,,,"print(""No users registered yet."")",9,DYNAMIC_DISPATCH,,264,__builtin.print,print,9490,9523,1,,,,ANY
30064771666,CALL,2,,,{},18,STATIC_DISPATCH,,267,<operator>.dictLiteral,<operator>.dictLiteral,9557,9594,2,,,,ANY
30064771667,CALL,-1,,,tmp61 = {},18,STATIC_DISPATCH,,267,<operator>.assignment,<operator>.assignment,9557,9594,1,,,,ANY
30064771668,CALL,2,,,"c[""id""]",19,STATIC_DISPATCH,,267,<operator>.indexAccess,<operator>.indexAccess,9558,9565,2,,,,ANY
30064771669,CALL,1,,,"tmp61[c[""id""]]",18,STATIC_DISPATCH,,267,<operator>.indexAccess,<operator>.indexAccess,9557,9594,1,,,,ANY
30064771670,CALL,2,,,"c[""name""]",28,STATIC_DISPATCH,,267,<operator>.indexAccess,<operator>.indexAccess,9567,9576,2,,,,ANY
30064771671,CALL,-1,,,"tmp61[c[""id""]] = c[""name""]",18,STATIC_DISPATCH,,267,<operator>.assignment,<operator>.assignment,9557,9594,2,,,,ANY
30064771672,CALL,-1,,,centers.__iter__,18,STATIC_DISPATCH,,267,<operator>.fieldAccess,<operator>.fieldAccess,9557,9594,0,,,,ANY
30064771673,CALL,2,,,centers.__iter__(),18,DYNAMIC_DISPATCH,,267,json.py:<module>.load.<returnValue>.__iter__,__iter__,9557,9594,2,,,,ANY
30064771674,CALL,-1,,,tmp62 = centers.__iter__(),18,STATIC_DISPATCH,,267,<operator>.assignment,<operator>.assignment,9557,9594,1,,,,ANY
30064771675,CALL,-1,,,tmp62.__next__,18,STATIC_DISPATCH,,267,<operator>.fieldAccess,<operator>.fieldAccess,9557,9594,0,,,,ANY
30064771676,CALL,2,,,tmp62.__next__(),18,DYNAMIC_DISPATCH,,267,json.py:<module>.load.<returnValue>.__iter__.<returnValue>.__next__,__next__,9557,9594,2,,,,ANY
30064771677,CALL,-1,,,c = tmp62.__next__(),18,STATIC_DISPATCH,,267,<operator>.assignment,<operator>.assignment,9557,9594,1,,,,ANY
30064771678,CALL,-1,,,"center_map = tmp61 = {}
tmp62 = centers.__iter__()
while ... : ...
tmp61",5,STATIC_DISPATCH,,267,<operator>.assignment,<operator>.assignment,9544,9594,6,,,,ANY
30064771679,CALL,-1,,,"print(""\\n── Registered Users ──────────────────────────"")",5,DYNAMIC_DISPATCH,,269,__builtin.print,print,9600,9657,7,,,,ANY
30064771680,CALL,1,,,u['id'],22,STATIC_DISPATCH,,271,<operator>.indexAccess,<operator>.indexAccess,9699,9706,1,,,,ANY
30064771681,CALL,2,,,{u['id']},21,STATIC_DISPATCH,,271,<operator>.formattedValue,<operator>.formattedValue,9698,9707,2,,,,ANY
30064771682,CALL,1,,,u['name'],42,STATIC_DISPATCH,,271,<operator>.indexAccess,<operator>.indexAccess,9719,9728,1,,,,ANY
30064771683,CALL,4,,,{u['name']},41,STATIC_DISPATCH,,271,<operator>.formattedValue,<operator>.formattedValue,9718,9729,4,,,,ANY
30064771684,CALL,1,,,"f""ID: {u['id']}  |  Name: {u['name']}  |  """,15,STATIC_DISPATCH,,271,<operator>.formatString,<operator>.formatString,9692,9735,1,,,,ANY
30064771685,CALL,1,,,u['email'],25,STATIC_DISPATCH,,272,<operator>.indexAccess,<operator>.indexAccess,9760,9770,1,,,,ANY
30064771686,CALL,2,,,{u['email']},24,STATIC_DISPATCH,,272,<operator>.formattedValue,<operator>.formattedValue,9759,9771,2,,,,ANY
30064771687,CALL,1,,,u['phone'],49,STATIC_DISPATCH,,272,<operator>.indexAccess,<operator>.indexAccess,9784,9794,1,,,,ANY
30064771688,CALL,4,,,{u['phone']},48,STATIC_DISPATCH,,272,<operator>.formattedValue,<operator>.formattedValue,9783,9795,4,,,,ANY
30064771689,CALL,2,,,"f""Email: {u['email']}  |  Phone: {u['phone']}""",15,STATIC_DISPATCH,,272,<operator>.formatString,<operator>.formatString,9750,9796,2,,,,ANY
30064771690,CALL,1,,,"f""ID: {u['id']}  |  Name: {u['name']}  |  "" f""Email: {u['email']}  |  Phone: {u['phone']}""",15,STATIC_DISPATCH,,271,<operator>.stringExpressionList,<operator>.stringExpressionList,9692,9735,1,,,,ANY
30064771691,CALL,-1,,,"print(f""ID: {u['id']}  |  Name: {u['name']}  |  "" f""Email: {u['email']}  |  Phone: {u['phone']}"")",9,DYNAMIC_DISPATCH,,271,__builtin.print,print,9686,9797,2,,,,ANY
30064771692,CALL,2,,,<operator>.genExp,20,STATIC_DISPATCH,,274,<operator>.genExp,<operator>.genExp,9818,9870,2,,,,ANY
30064771693,CALL,-1,,,tmp63 = <operator>.genExp,20,STATIC_DISPATCH,,274,<operator>.assignment,<operator>.assignment,9818,9870,1,,,,ANY
30064771694,CALL,-1,,,tmp63.append,20,STATIC_DISPATCH,,274,<operator>.fieldAccess,<operator>.fieldAccess,9818,9870,0,,,,ANY
30064771695,CALL,-1,,,tmp63.append(r),20,DYNAMIC_DISPATCH,,274,<unknownFullName>,append,9818,9870,3,,,,ANY
30064771696,CALL,-1,,,reservations.__iter__,20,STATIC_DISPATCH,,274,<operator>.fieldAccess,<operator>.fieldAccess,9818,9870,0,,,,ANY
30064771697,CALL,2,,,reservations.__iter__(),20,DYNAMIC_DISPATCH,,274,json.py:<module>.load.<returnValue>.__iter__,__iter__,9818,9870,2,,,,ANY
30064771698,CALL,-1,,,tmp64 = reservations.__iter__(),20,STATIC_DISPATCH,,274,<operator>.assignment,<operator>.assignment,9818,9870,1,,,,ANY
30064771699,CALL,-1,,,tmp64.__next__,20,STATIC_DISPATCH,,274,<operator>.fieldAccess,<operator>.fieldAccess,9818,9870,0,,,,ANY
30064771700,CALL,2,,,tmp64.__next__(),20,DYNAMIC_DISPATCH,,274,json.py:<module>.load.<returnValue>.__iter__.<returnValue>.__next__,__next__,9818,9870,2,,,,ANY
30064771701,CALL,-1,,,r = tmp64.__next__(),20,STATIC_DISPATCH,,274,<operator>.assignment,<operator>.assignment,9818,9870,1,,,,ANY
30064771702,CALL,1,,,"r[""user_id""]",48,STATIC_DISPATCH,,274,<operator>.indexAccess,<operator>.indexAccess,9846,9858,1,,,,ANY
30064771703,CALL,2,,,"u[""id""]",64,STATIC_DISPATCH,,274,<operator>.indexAccess,<operator>.indexAccess,9862,9869,2,,,,ANY
30064771704,CALL,1,,,"r[""user_id""] == u[""id""]",48,STATIC_DISPATCH,,274,<operator>.equals,<operator>.equals,9846,9869,1,,,,ANY
30064771705,CALL,-1,,,"not r[""user_id""] == u[""id""]",48,STATIC_DISPATCH,,274,<operator>.logicalNot,<operator>.logicalNot,9846,9869,1,,,,ANY
30064771706,CALL,2,,,"next((r for r in reservations if r[""user_id""] == u[""id""]), None)",15,DYNAMIC_DISPATCH,,274,__builtin.next,next,9813,9877,2,,,,ANY
30064771707,CALL,-1,,,"res = next((r for r in reservations if r[""user_id""] == u[""id""]), None)",9,STATIC_DISPATCH,,274,<operator>.assignment,<operator>.assignment,9807,9877,3,,,,ANY
30064771708,CALL,1,,,"res[""center_id""]",42,STATIC_DISPATCH,,276,<operator>.indexAccess,<operator>.indexAccess,9935,9951,2,,,,ANY
30064771709,CALL,-1,,,center_map.get,27,STATIC_DISPATCH,,276,<operator>.fieldAccess,<operator>.fieldAccess,9920,9963,0,,,,ANY
30064771710,CALL,2,,,"center_map.get(res[""center_id""], ""Unknown"")",27,DYNAMIC_DISPATCH,,276,__builtin.dict.get,get,9920,9963,2,,,,ANY
30064771711,CALL,-1,,,"center_name = center_map.get(res[""center_id""], ""Unknown"")",13,STATIC_DISPATCH,,276,<operator>.assignment,<operator>.assignment,9906,9963,1,,,,ANY
30064771712,CALL,-1,,,res.get,27,STATIC_DISPATCH,,277,<operator>.fieldAccess,<operator>.fieldAccess,9990,10005,0,,,,ANY
30064771713,CALL,1,,,"res.get(""date"")",27,DYNAMIC_DISPATCH,,277,__builtin.next.<returnValue>.get,get,9990,10005,1,,,,ANY
30064771714,CALL,2,,,"res.get(""date"") or ""pending""",27,STATIC_DISPATCH,,277,<operator>.logicalOr,<operator>.logicalOr,9990,10017,2,,,,ANY
30064771715,CALL,-1,,,"date_str = res.get(""date"") or ""pending""",13,STATIC_DISPATCH,,277,<operator>.assignment,<operator>.assignment,9976,10017,2,,,,ANY
30064771716,CALL,1,,,res['vaccine'],40,STATIC_DISPATCH,,278,<operator>.indexAccess,<operator>.indexAccess,10058,10072,1,,,,ANY
30064771717,CALL,2,,,{res['vaccine']},39,STATIC_DISPATCH,,278,<operator>.formattedValue,<operator>.formattedValue,10057,10073,2,,,,ANY
30064771718,CALL,1,,,"f""   ↳ Reservation: {res['vaccine']} at """,19,STATIC_DISPATCH,,278,<operator>.formatString,<operator>.formatString,10037,10078,1,,,,ANY
30064771719,CALL,1,,,{center_name},21,STATIC_DISPATCH,,279,<operator>.formattedValue,<operator>.formattedValue,10099,10112,1,,,,ANY
30064771720,CALL,3,,,{date_str},43,STATIC_DISPATCH,,279,<operator>.formattedValue,<operator>.formattedValue,10121,10131,3,,,,ANY
30064771721,CALL,2,,,"f""{center_name} | Date: {date_str}""",19,STATIC_DISPATCH,,279,<operator>.formatString,<operator>.formatString,10097,10132,2,,,,ANY
30064771722,CALL,1,,,"f""   ↳ Reservation: {res['vaccine']} at "" f""{center_name} | Date: {date_str}""",19,STATIC_DISPATCH,,278,<operator>.stringExpressionList,<operator>.stringExpressionList,10037,10078,1,,,,ANY
30064771723,CALL,-1,,,"print(f""   ↳ Reservation: {res['vaccine']} at "" f""{center_name} | Date: {date_str}"")",13,DYNAMIC_DISPATCH,,278,__builtin.print,print,10031,10133,3,,,,ANY
30064771724,CALL,-1,,,"print(""   ↳ No reservation"")",13,DYNAMIC_DISPATCH,,281,__builtin.print,print,10160,10188,1,,,,ANY
30064771725,CALL,1,,,"""-"" * 46",15,STATIC_DISPATCH,,282,<operator>.multiplication,<operator>.multiplication,10203,10211,1,,,,ANY
30064771726,CALL,-1,,,"print(""-"" * 46)",9,DYNAMIC_DISPATCH,,282,__builtin.print,print,10197,10212,5,,,,ANY
30064771727,CALL,-1,,,users.__iter__,5,STATIC_DISPATCH,,270,<operator>.fieldAccess,<operator>.fieldAccess,9662,10215,0,,,,ANY
30064771728,CALL,2,,,users.__iter__(),5,DYNAMIC_DISPATCH,,270,json.py:<module>.load.<returnValue>.__iter__,__iter__,9662,10215,2,,,,ANY
30064771729,CALL,-1,,,tmp65 = users.__iter__(),5,STATIC_DISPATCH,,270,<operator>.assignment,<operator>.assignment,9662,10215,1,,,,ANY
30064771730,CALL,-1,,,tmp65.__next__,5,STATIC_DISPATCH,,270,<operator>.fieldAccess,<operator>.fieldAccess,9662,10215,0,,,,ANY
30064771731,CALL,2,,,tmp65.__next__(),5,DYNAMIC_DISPATCH,,270,json.py:<module>.load.<returnValue>.__iter__.<returnValue>.__next__,__next__,9662,10215,2,,,,ANY
30064771732,CALL,-1,,,u = tmp65.__next__(),5,STATIC_DISPATCH,,270,<operator>.assignment,<operator>.assignment,9662,10215,1,,,,ANY
30064771733,CALL,-1,,,list_users_and_reservations = def list_users_and_reservations(...),1,STATIC_DISPATCH,,257,<operator>.assignment,<operator>.assignment,9240,10215,40,,,,ANY
30064771734,CALL,2,,,_load(RESERVATIONS_FILE),20,DYNAMIC_DISPATCH,,287,Project.py:<module>._load,_load,10350,10374,2,,,,ANY
30064771735,CALL,-1,,,reservations = _load(RESERVATIONS_FILE),5,STATIC_DISPATCH,,287,<operator>.assignment,<operator>.assignment,10335,10374,2,,,,ANY
30064771736,CALL,2,,,"_ask_int(""Enter user ID: "")",20,DYNAMIC_DISPATCH,,288,Project.py:<module>._ask_int,_ask_int,10394,10421,2,,,,ANY
30064771737,CALL,-1,,,"user_id = _ask_int(""Enter user ID: "")",5,STATIC_DISPATCH,,288,<operator>.assignment,<operator>.assignment,10379,10421,3,,,,ANY
30064771738,CALL,2,,,<operator>.genExp,16,STATIC_DISPATCH,,290,<operator>.genExp,<operator>.genExp,10438,10490,2,,,,ANY
30064771739,CALL,-1,,,tmp66 = <operator>.genExp,16,STATIC_DISPATCH,,290,<operator>.assignment,<operator>.assignment,10438,10490,1,,,,ANY
30064771740,CALL,-1,,,tmp66.append,16,STATIC_DISPATCH,,290,<operator>.fieldAccess,<operator>.fieldAccess,10438,10490,0,,,,ANY
30064771741,CALL,-1,,,tmp66.append(r),16,DYNAMIC_DISPATCH,,290,<unknownFullName>,append,10438,10490,3,,,,ANY
30064771742,CALL,-1,,,reservations.__iter__,16,STATIC_DISPATCH,,290,<operator>.fieldAccess,<operator>.fieldAccess,10438,10490,0,,,,ANY
30064771743,CALL,2,,,reservations.__iter__(),16,DYNAMIC_DISPATCH,,290,json.py:<module>.load.<returnValue>.__iter__,__iter__,10438,10490,2,,,,ANY
30064771744,CALL,-1,,,tmp67 = reservations.__iter__(),16,STATIC_DISPATCH,,290,<operator>.assignment,<operator>.assignment,10438,10490,1,,,,ANY
30064771745,CALL,-1,,,tmp67.__next__,16,STATIC_DISPATCH,,290,<operator>.fieldAccess,<operator>.fieldAccess,10438,10490,0,,,,ANY
30064771746,CALL,2,,,tmp67.__next__(),16,DYNAMIC_DISPATCH,,290,json.py:<module>.load.<returnValue>.__iter__.<returnValue>.__next__,__next__,10438,10490,2,,,,ANY
30064771747,CALL,-1,,,r = tmp67.__next__(),16,STATIC_DISPATCH,,290,<operator>.assignment,<operator>.assignment,10438,10490,1,,,,ANY
30064771748,CALL,1,,,"r[""user_id""]",44,STATIC_DISPATCH,,290,<operator>.indexAccess,<operator>.indexAccess,10466,10478,1,,,,ANY
30064771749,CALL,1,,,"r[""user_id""] == user_id",44,STATIC_DISPATCH,,290,<operator>.equals,<operator>.equals,10466,10489,1,,,,ANY
30064771750,CALL,-1,,,"not r[""user_id""] == user_id",44,STATIC_DISPATCH,,290,<operator>.logicalNot,<operator>.logicalNot,10466,10489,1,,,,ANY
30064771751,CALL,2,,,"next((r for r in reservations if r[""user_id""] == user_id), None)",11,DYNAMIC_DISPATCH,,290,__builtin.next,next,10433,10497,2,,,,ANY
30064771752,CALL,-1,,,"res = next((r for r in reservations if r[""user_id""] == user_id), None)",5,STATIC_DISPATCH,,290,<operator>.assignment,<operator>.assignment,10427,10497,4,,,,ANY
30064771753,CALL,-1,,,not res,8,STATIC_DISPATCH,,291,<operator>.logicalNot,<operator>.logicalNot,10505,10512,1,,,,ANY
30064771754,CALL,-1,,,"print(""No reservation found for that user."")",9,DYNAMIC_DISPATCH,,292,__builtin.print,print,10522,10566,1,,,,ANY
30064771755,CALL,-1,,,"res[""date""]",8,STATIC_DISPATCH,,295,<operator>.indexAccess,<operator>.indexAccess,10590,10601,1,,,,ANY
30064771756,CALL,1,,,res['date'],58,STATIC_DISPATCH,,296,<operator>.indexAccess,<operator>.indexAccess,10660,10671,1,,,,ANY
30064771757,CALL,2,,,{res['date']},57,STATIC_DISPATCH,,296,<operator>.formattedValue,<operator>.formattedValue,10659,10672,2,,,,ANY
30064771758,CALL,1,,,"f""This user already has an assigned date: {res['date']}""",15,STATIC_DISPATCH,,296,<operator>.formatString,<operator>.formatString,10617,10673,1,,,,ANY
30064771759,CALL,-1,,,"print(f""This user already has an assigned date: {res['date']}"")",9,DYNAMIC_DISPATCH,,296,__builtin.print,print,10611,10674,1,,,,ANY
30064771760,CALL,-1,,,"print(""Choose date assignment option:"")",5,DYNAMIC_DISPATCH,,299,__builtin.print,print,10695,10734,7,,,,ANY
30064771761,CALL,-1,,,"print(""1. Automatically assign date (10-30 days from today)"")",5,DYNAMIC_DISPATCH,,300,__builtin.print,print,10739,10800,8,,,,ANY
30064771762,CALL,-1,,,"print(""2. Manually enter date (YYYY-MM-DD)"")",5,DYNAMIC_DISPATCH,,301,__builtin.print,print,10805,10849,9,,,,ANY
30064771763,CALL,2,,,"input(""Choice (1-2): "")",14,DYNAMIC_DISPATCH,,302,__builtin.input,input,10863,10886,2,,,,ANY
30064771764,CALL,-1,,,"tmp68 = input(""Choice (1-2): "")",14,STATIC_DISPATCH,,302,<operator>.assignment,<operator>.assignment,10863,10894,1,,,,ANY
30064771765,CALL,-1,,,tmp68.strip,14,STATIC_DISPATCH,,302,<operator>.fieldAccess,<operator>.fieldAccess,10863,10894,0,,,,ANY
30064771766,CALL,-1,,,"input(""Choice (1-2): "").strip()",14,DYNAMIC_DISPATCH,,302,__builtin.input.<returnValue>.strip,strip,10863,10894,2,,,,ANY
30064771767,CALL,-1,,,"choice = tmp68 = input(""Choice (1-2): "")
input(""Choice (1-2): "").strip()",5,STATIC_DISPATCH,,302,<operator>.assignment,<operator>.assignment,10854,10894,10,,,,ANY
30064771768,CALL,-1,,,"choice == ""1""",8,STATIC_DISPATCH,,304,<operator>.equals,<operator>.equals,10903,10915,1,,,,ANY
30064771769,CALL,-1,,,random.randint,26,STATIC_DISPATCH,,305,<operator>.fieldAccess,<operator>.fieldAccess,10943,10965,0,,,,ANY
30064771770,CALL,2,,,"random.randint(10, 30)",26,DYNAMIC_DISPATCH,,305,random.py:<module>.randint,randint,10943,10965,2,,,,ANY
30064771771,CALL,-1,,,"delta = random.randint(10, 30)",9,STATIC_DISPATCH,,305,<operator>.assignment,<operator>.assignment,10926,10965,1,,,,ANY
30064771772,CALL,2,,,datetime.date,27,STATIC_DISPATCH,,306,<operator>.fieldAccess,<operator>.fieldAccess,10992,11005,2,,,,ANY
30064771773,CALL,-1,,,tmp70 = datetime.date,27,STATIC_DISPATCH,,306,<operator>.assignment,<operator>.assignment,10992,11013,1,,,,ANY
30064771774,CALL,-1,,,tmp70.today,27,STATIC_DISPATCH,,306,<operator>.fieldAccess,<operator>.fieldAccess,10992,11013,0,,,,ANY
30064771775,CALL,-1,,,datetime.date.today(),27,DYNAMIC_DISPATCH,,306,datetime.py:<module>.<member>(date).today,today,10992,11013,2,,,,ANY
30064771776,CALL,-1,,,datetime.timedelta,51,STATIC_DISPATCH,,306,<operator>.fieldAccess,<operator>.fieldAccess,11016,11046,0,,,,ANY
30064771777,CALL,2,,,datetime.timedelta(days = delta),51,DYNAMIC_DISPATCH,,306,datetime.py:<module>.timedelta,timedelta,11016,11046,2,,,,ANY
30064771778,CALL,2,,,"tmp70 = datetime.date
datetime.date.today() + datetime.timedelta(days = delta)",27,STATIC_DISPATCH,,306,<operator>.addition,<operator>.addition,10992,11046,2,,,,ANY
30064771779,CALL,-1,,,"tmp69 = tmp70 = datetime.date
datetime.date.today() + datetime.timedelta(days = delta)",27,STATIC_DISPATCH,,306,<operator>.assignment,<operator>.assignment,10992,11068,1,,,,ANY
30064771780,CALL,-1,,,tmp69.strftime,27,STATIC_DISPATCH,,306,<operator>.fieldAccess,<operator>.fieldAccess,10992,11068,0,,,,ANY
30064771781,CALL,-1,,,"datetime.date.today() + datetime.timedelta(days = delta).strftime(""%Y-%m-%d"")",27,DYNAMIC_DISPATCH,,306,<unknownFullName>,strftime,10992,11068,2,,,,ANY
30064771782,CALL,-1,,,"assigned_date = tmp69 = tmp70 = datetime.date
datetime.date.today() + datetime.timedelta(days = delta)
datetime.date.today() + datetime.timedelta(days = delta).strftime(""%Y-%m-%d"")",9,STATIC_DISPATCH,,306,<operator>.assignment,<operator>.assignment,10974,11068,2,,,,ANY
30064771783,CALL,-1,,,"choice == ""2""",10,STATIC_DISPATCH,,307,<operator>.equals,<operator>.equals,11078,11090,1,,,,ANY
30064771784,CALL,2,,,"_ask_date(""Enter date (YYYY-MM-DD): "")",26,DYNAMIC_DISPATCH,,308,Project.py:<module>._ask_date,_ask_date,11118,11156,2,,,,ANY
30064771785,CALL,-1,,,"assigned_date = _ask_date(""Enter date (YYYY-MM-DD): "")",9,STATIC_DISPATCH,,308,<operator>.assignment,<operator>.assignment,11101,11156,1,,,,ANY
30064771786,CALL,-1,,,"print(""Invalid choice. Operation cancelled."")",9,DYNAMIC_DISPATCH,,310,__builtin.print,print,11175,11220,1,,,,ANY
30064771787,CALL,1,,,"res[""date""]",5,STATIC_DISPATCH,,313,<operator>.indexAccess,<operator>.indexAccess,11241,11252,1,,,,ANY
30064771788,CALL,-1,,,"res[""date""] = assigned_date",5,STATIC_DISPATCH,,313,<operator>.assignment,<operator>.assignment,11241,11271,12,,,,ANY
30064771789,CALL,-1,,,"_save(RESERVATIONS_FILE, reservations)",5,DYNAMIC_DISPATCH,,314,Project.py:<module>._save,_save,11276,11314,13,,,,ANY
30064771790,CALL,2,,,{assigned_date},50,STATIC_DISPATCH,,315,<operator>.formattedValue,<operator>.formattedValue,11364,11379,2,,,,ANY
30064771791,CALL,1,,,"f""Reservation accepted! Assigned date: {assigned_date}""",11,STATIC_DISPATCH,,315,<operator>.formatString,<operator>.formatString,11325,11380,1,,,,ANY
30064771792,CALL,-1,,,"print(f""Reservation accepted! Assigned date: {assigned_date}"")",5,DYNAMIC_DISPATCH,,315,__builtin.print,print,11319,11381,14,,,,ANY
30064771793,CALL,-1,,,accept_reservation = def accept_reservation(...),1,STATIC_DISPATCH,,285,<operator>.assignment,<operator>.assignment,10215,11465,41,,,,ANY
30064771794,CALL,2,,,_load(CENTERS_FILE),15,DYNAMIC_DISPATCH,,321,Project.py:<module>._load,_load,11542,11561,2,,,,ANY
30064771795,CALL,-1,,,centers = _load(CENTERS_FILE),5,STATIC_DISPATCH,,321,<operator>.assignment,<operator>.assignment,11532,11561,2,,,,ANY
30064771796,CALL,-1,,,not centers,8,STATIC_DISPATCH,,322,<operator>.logicalNot,<operator>.logicalNot,11569,11580,1,,,,ANY
30064771797,CALL,-1,,,"print(""No vaccination centers available yet."")",9,DYNAMIC_DISPATCH,,323,__builtin.print,print,11590,11636,1,,,,ANY
30064771798,CALL,-1,,,"print(""\\n── Vaccination Centers ───────────────────────"")",5,DYNAMIC_DISPATCH,,325,__builtin.print,print,11656,11713,4,,,,ANY
30064771799,CALL,1,,,c['id'],22,STATIC_DISPATCH,,327,<operator>.indexAccess,<operator>.indexAccess,11757,11764,1,,,,ANY
30064771800,CALL,2,,,{c['id']},21,STATIC_DISPATCH,,327,<operator>.formattedValue,<operator>.formattedValue,11756,11765,2,,,,ANY
30064771801,CALL,1,,,c['name'],36,STATIC_DISPATCH,,327,<operator>.indexAccess,<operator>.indexAccess,11771,11780,1,,,,ANY
30064771802,CALL,4,,,{c['name']},35,STATIC_DISPATCH,,327,<operator>.formattedValue,<operator>.formattedValue,11770,11781,4,,,,ANY
30064771803,CALL,1,,,c['address'],52,STATIC_DISPATCH,,327,<operator>.indexAccess,<operator>.indexAccess,11787,11799,1,,,,ANY
30064771804,CALL,6,,,{c['address']},51,STATIC_DISPATCH,,327,<operator>.formattedValue,<operator>.formattedValue,11786,11800,6,,,,ANY
30064771805,CALL,1,,,"f""ID: {c['id']}  |  {c['name']}  |  {c['address']}""",15,STATIC_DISPATCH,,327,<operator>.formatString,<operator>.formatString,11750,11801,1,,,,ANY
30064771806,CALL,-1,,,"print(f""ID: {c['id']}  |  {c['name']}  |  {c['address']}"")",9,DYNAMIC_DISPATCH,,327,__builtin.print,print,11744,11802,2,,,,ANY
30064771807,CALL,1,,,c['vaccines'],41,STATIC_DISPATCH,,328,<operator>.indexAccess,<operator>.indexAccess,11843,11856,2,,,,ANY
30064771808,CALL,-1,,,"tmp71 = ', '",31,STATIC_DISPATCH,,328,<operator>.assignment,<operator>.assignment,11833,11857,1,,,,ANY
30064771809,CALL,-1,,,tmp71.join,31,STATIC_DISPATCH,,328,<operator>.fieldAccess,<operator>.fieldAccess,11833,11857,0,,,,ANY
30064771810,CALL,-1,,,"', '.join(c['vaccines'])",31,DYNAMIC_DISPATCH,,328,__builtin.str.join,join,11833,11857,2,,,,ANY
30064771811,CALL,2,,,"{tmp71 = ', '
', '.join(c['vaccines'])}",30,STATIC_DISPATCH,,328,<operator>.formattedValue,<operator>.formattedValue,11832,11858,2,,,,ANY
30064771812,CALL,1,,,"f""   Vaccines: {tmp71 = ', '
', '.join(c['vaccines'])}""",15,STATIC_DISPATCH,,328,<operator>.formatString,<operator>.formatString,11817,11859,1,,,,ANY
30064771813,CALL,-1,,,"print(f""   Vaccines: {', '.join(c['vaccines'])}"")",9,DYNAMIC_DISPATCH,,328,__builtin.print,print,11811,11860,3,,,,ANY
30064771814,CALL,-1,,,centers.__iter__,5,STATIC_DISPATCH,,326,<operator>.fieldAccess,<operator>.fieldAccess,11718,11865,0,,,,ANY
30064771815,CALL,2,,,centers.__iter__(),5,DYNAMIC_DISPATCH,,326,json.py:<module>.load.<returnValue>.__iter__,__iter__,11718,11865,2,,,,ANY
30064771816,CALL,-1,,,tmp72 = centers.__iter__(),5,STATIC_DISPATCH,,326,<operator>.assignment,<operator>.assignment,11718,11865,1,,,,ANY
30064771817,CALL,-1,,,tmp72.__next__,5,STATIC_DISPATCH,,326,<operator>.fieldAccess,<operator>.fieldAccess,11718,11865,0,,,,ANY
30064771818,CALL,2,,,tmp72.__next__(),5,DYNAMIC_DISPATCH,,326,json.py:<module>.load.<returnValue>.__iter__.<returnValue>.__next__,__next__,11718,11865,2,,,,ANY
30064771819,CALL,-1,,,c = tmp72.__next__(),5,STATIC_DISPATCH,,326,<operator>.assignment,<operator>.assignment,11718,11865,1,,,,ANY
30064771820,CALL,1,,,"""-"" * 46",11,STATIC_DISPATCH,,329,<operator>.multiplication,<operator>.multiplication,11871,11879,1,,,,ANY
30064771821,CALL,-1,,,"print(""-"" * 46)",5,DYNAMIC_DISPATCH,,329,__builtin.print,print,11865,11880,6,,,,ANY
30064771822,CALL,-1,,,view_centers = def view_centers(...),1,STATIC_DISPATCH,,319,<operator>.assignment,<operator>.assignment,11465,11883,42,,,,ANY
30064771823,CALL,2,,,_load(RESERVATIONS_FILE),20,DYNAMIC_DISPATCH,,334,Project.py:<module>._load,_load,11989,12013,2,,,,ANY
30064771824,CALL,-1,,,reservations = _load(RESERVATIONS_FILE),5,STATIC_DISPATCH,,334,<operator>.assignment,<operator>.assignment,11974,12013,2,,,,ANY
30064771825,CALL,2,,,<operator>.genExp,12,STATIC_DISPATCH,,337,<operator>.genExp,<operator>.genExp,12057,12105,2,,,,ANY
30064771826,CALL,-1,,,tmp73 = <operator>.genExp,12,STATIC_DISPATCH,,337,<operator>.assignment,<operator>.assignment,12057,12105,1,,,,ANY
30064771827,CALL,1,,,"r[""user_id""]",12,STATIC_DISPATCH,,337,<operator>.indexAccess,<operator>.indexAccess,12057,12069,1,,,,ANY
30064771828,CALL,2,,,"user[""id""]",28,STATIC_DISPATCH,,337,<operator>.indexAccess,<operator>.indexAccess,12073,12083,2,,,,ANY
30064771829,CALL,1,,,"r[""user_id""] == user[""id""]",12,STATIC_DISPATCH,,337,<operator>.equals,<operator>.equals,12057,12083,2,,,,ANY
30064771830,CALL,-1,,,tmp73.append,12,STATIC_DISPATCH,,337,<operator>.fieldAccess,<operator>.fieldAccess,12057,12105,0,,,,ANY
30064771831,CALL,-1,,,"tmp73.append(r[""user_id""] == user[""id""])",12,DYNAMIC_DISPATCH,,337,<unknownFullName>,append,12057,12105,2,,,,ANY
30064771832,CALL,-1,,,reservations.__iter__,12,STATIC_DISPATCH,,337,<operator>.fieldAccess,<operator>.fieldAccess,12057,12105,0,,,,ANY
30064771833,CALL,2,,,reservations.__iter__(),12,DYNAMIC_DISPATCH,,337,json.py:<module>.load.<returnValue>.__iter__,__iter__,12057,12105,2,,,,ANY
30064771834,CALL,-1,,,tmp74 = reservations.__iter__(),12,STATIC_DISPATCH,,337,<operator>.assignment,<operator>.assignment,12057,12105,1,,,,ANY
30064771835,CALL,-1,,,tmp74.__next__,12,STATIC_DISPATCH,,337,<operator>.fieldAccess,<operator>.fieldAccess,12057,12105,0,,,,ANY
30064771836,CALL,2,,,tmp74.__next__(),12,DYNAMIC_DISPATCH,,337,json.py:<module>.load.<returnValue>.__iter__.<returnValue>.__next__,__next__,12057,12105,2,,,,ANY
30064771837,CALL,-1,,,r = tmp74.__next__(),12,STATIC_DISPATCH,,337,<operator>.assignment,<operator>.assignment,12057,12105,1,,,,ANY
30064771838,CALL,-1,,,"any(r[""user_id""] == user[""id""] for r in reservations)",8,DYNAMIC_DISPATCH,,337,__builtin.any,any,12053,12106,1,,,,ANY
30064771839,CALL,-1,,,"print(""You already have a reservation. View it with option 3."")",9,DYNAMIC_DISPATCH,,338,__builtin.print,print,12116,12179,1,,,,ANY
30064771840,CALL,-1,,,view_centers(),5,DYNAMIC_DISPATCH,,341,Project.py:<module>.view_centers,view_centers,12200,12214,4,,,,ANY
30064771841,CALL,2,,,_load(CENTERS_FILE),15,DYNAMIC_DISPATCH,,342,Project.py:<module>._load,_load,12229,12248,2,,,,ANY
30064771842,CALL,-1,,,centers = _load(CENTERS_FILE),5,STATIC_DISPATCH,,342,<operator>.assignment,<operator>.assignment,12219,12248,5,,,,ANY
30064771843,CALL,-1,,,not centers,8,STATIC_DISPATCH,,343,<operator>.logicalNot,<operator>.logicalNot,12256,12267,1,,,,ANY
30064771844,CALL,2,,,"_ask_int(""Center ID: "")",17,DYNAMIC_DISPATCH,,346,Project.py:<module>._ask_int,_ask_int,12301,12324,2,,,,ANY
30064771845,CALL,-1,,,"center_id = _ask_int(""Center ID: "")",5,STATIC_DISPATCH,,346,<operator>.assignment,<operator>.assignment,12289,12324,7,,,,ANY
30064771846,CALL,2,,,<operator>.genExp,22,STATIC_DISPATCH,,347,<operator>.genExp,<operator>.genExp,12346,12390,2,,,,ANY
30064771847,CALL,-1,,,tmp75 = <operator>.genExp,22,STATIC_DISPATCH,,347,<operator>.assignment,<operator>.assignment,12346,12390,1,,,,ANY
30064771848,CALL,-1,,,tmp75.append,22,STATIC_DISPATCH,,347,<operator>.fieldAccess,<operator>.fieldAccess,12346,12390,0,,,,ANY
30064771849,CALL,-1,,,tmp75.append(c),22,DYNAMIC_DISPATCH,,347,<unknownFullName>,append,12346,12390,3,,,,ANY
30064771850,CALL,-1,,,centers.__iter__,22,STATIC_DISPATCH,,347,<operator>.fieldAccess,<operator>.fieldAccess,12346,12390,0,,,,ANY
30064771851,CALL,2,,,centers.__iter__(),22,DYNAMIC_DISPATCH,,347,json.py:<module>.load.<returnValue>.__iter__,__iter__,12346,12390,2,,,,ANY
30064771852,CALL,-1,,,tmp76 = centers.__iter__(),22,STATIC_DISPATCH,,347,<operator>.assignment,<operator>.assignment,12346,12390,1,,,,ANY
30064771853,CALL,-1,,,tmp76.__next__,22,STATIC_DISPATCH,,347,<operator>.fieldAccess,<operator>.fieldAccess,12346,12390,0,,,,ANY
30064771854,CALL,2,,,tmp76.__next__(),22,DYNAMIC_DISPATCH,,347,json.py:<module>.load.<returnValue>.__iter__.<returnValue>.__next__,__next__,12346,12390,2,,,,ANY
30064771855,CALL,-1,,,c = tmp76.__next__(),22,STATIC_DISPATCH,,347,<operator>.assignment,<operator>.assignment,12346,12390,1,,,,ANY
30064771856,CALL,1,,,"c[""id""]",45,STATIC_DISPATCH,,347,<operator>.indexAccess,<operator>.indexAccess,12369,12376,1,,,,ANY
30064771857,CALL,1,,,"c[""id""] == center_id",45,STATIC_DISPATCH,,347,<operator>.equals,<operator>.equals,12369,12389,1,,,,ANY
30064771858,CALL,-1,,,"not c[""id""] == center_id",45,STATIC_DISPATCH,,347,<operator>.logicalNot,<operator>.logicalNot,12369,12389,1,,,,ANY
30064771859,CALL,2,,,"next((c for c in centers if c[""id""] == center_id), None)",17,DYNAMIC_DISPATCH,,347,__builtin.next,next,12341,12397,2,,,,ANY
30064771860,CALL,-1,,,"center = next((c for c in centers if c[""id""] == center_id), None)",5,STATIC_DISPATCH,,347,<operator>.assignment,<operator>.assignment,12329,12397,8,,,,ANY
30064771861,CALL,-1,,,not center,8,STATIC_DISPATCH,,349,<operator>.logicalNot,<operator>.logicalNot,12406,12416,1,,,,ANY
30064771862,CALL,-1,,,"print(""Center not found."")",9,DYNAMIC_DISPATCH,,350,__builtin.print,print,12426,12452,1,,,,ANY
30064771863,CALL,1,,,center['vaccines'],44,STATIC_DISPATCH,,353,<operator>.indexAccess,<operator>.indexAccess,12512,12530,2,,,,ANY
30064771864,CALL,-1,,,"tmp77 = ', '",34,STATIC_DISPATCH,,353,<operator>.assignment,<operator>.assignment,12502,12531,1,,,,ANY
30064771865,CALL,-1,,,tmp77.join,34,STATIC_DISPATCH,,353,<operator>.fieldAccess,<operator>.fieldAccess,12502,12531,0,,,,ANY
30064771866,CALL,-1,,,"', '.join(center['vaccines'])",34,DYNAMIC_DISPATCH,,353,__builtin.str.join,join,12502,12531,2,,,,ANY
30064771867,CALL,2,,,"{tmp77 = ', '
', '.join(center['vaccines'])}",33,STATIC_DISPATCH,,353,<operator>.formattedValue,<operator>.formattedValue,12501,12532,2,,,,ANY
30064771868,CALL,1,,,"f""Available vaccines: {tmp77 = ', '
', '.join(center['vaccines'])}""",11,STATIC_DISPATCH,,353,<operator>.formatString,<operator>.formatString,12479,12533,1,,,,ANY
30064771869,CALL,-1,,,"print(f""Available vaccines: {', '.join(center['vaccines'])}"")",5,DYNAMIC_DISPATCH,,353,__builtin.print,print,12473,12534,10,,,,ANY
30064771870,CALL,2,,,"_ask(""Vaccine name: "")",15,DYNAMIC_DISPATCH,,354,Project.py:<module>._ask,_ask,12549,12571,2,,,,ANY
30064771871,CALL,-1,,,"vaccine = _ask(""Vaccine name: "")",5,STATIC_DISPATCH,,354,<operator>.assignment,<operator>.assignment,12539,12571,11,,,,ANY
30064771872,CALL,2,,,<operator>.genExp,20,STATIC_DISPATCH,,357,<operator>.genExp,<operator>.genExp,12621,12684,2,,,,ANY
30064771873,CALL,-1,,,tmp78 = <operator>.genExp,20,STATIC_DISPATCH,,357,<operator>.assignment,<operator>.assignment,12621,12684,1,,,,ANY
30064771874,CALL,-1,,,tmp78.append,20,STATIC_DISPATCH,,357,<operator>.fieldAccess,<operator>.fieldAccess,12621,12684,0,,,,ANY
30064771875,CALL,-1,,,tmp78.append(v),20,DYNAMIC_DISPATCH,,357,<unknownFullName>,append,12621,12684,3,,,,ANY
30064771876,CALL,2,,,"center[""vaccines""]",32,STATIC_DISPATCH,,357,<operator>.indexAccess,<operator>.indexAccess,12633,12651,2,,,,ANY
30064771877,CALL,-1,,,"tmp80 = center[""vaccines""]",20,STATIC_DISPATCH,,357,<operator>.assignment,<operator>.assignment,12621,12684,1,,,,ANY
30064771878,CALL,-1,,,tmp80.__iter__,20,STATIC_DISPATCH,,357,<operator>.fieldAccess,<operator>.fieldAccess,12621,12684,0,,,,ANY
30064771879,CALL,-1,,,tmp80.__iter__(),20,DYNAMIC_DISPATCH,,357,__builtin.next.<returnValue>.<indexAccess>.__iter__,__iter__,12621,12684,2,,,,ANY
30064771880,CALL,-1,,,"tmp79 = tmp80 = center[""vaccines""]
tmp80.__iter__()",20,STATIC_DISPATCH,,357,<operator>.assignment,<operator>.assignment,12621,12684,1,,,,ANY
30064771881,CALL,-1,,,tmp79.__next__,20,STATIC_DISPATCH,,357,<operator>.fieldAccess,<operator>.fieldAccess,12621,12684,0,,,,ANY
30064771882,CALL,2,,,tmp79.__next__(),20,DYNAMIC_DISPATCH,,357,__builtin.next.<returnValue>.<indexAccess>.__iter__.__next__,__next__,12621,12684,2,,,,ANY
30064771883,CALL,-1,,,v = tmp79.__next__(),20,STATIC_DISPATCH,,357,<operator>.assignment,<operator>.assignment,12621,12684,1,,,,ANY
30064771884,CALL,-1,,,v.lower,54,STATIC_DISPATCH,,357,<operator>.fieldAccess,<operator>.fieldAccess,12655,12664,0,,,,ANY
30064771885,CALL,1,,,v.lower(),54,DYNAMIC_DISPATCH,__builtin.input.<returnValue>.strip.split.__iter__.__next__.<returnValue>.lower;__builtin.next.<returnValue>.<indexAccess>.__iter__.__next__.<returnValue>.lower,357,<unknownFullName>,lower,12655,12664,1,,,,ANY
30064771886,CALL,-1,,,vaccine.lower,67,STATIC_DISPATCH,,357,<operator>.fieldAccess,<operator>.fieldAccess,12668,12683,0,,,,ANY
30064771887,CALL,2,,,vaccine.lower(),67,DYNAMIC_DISPATCH,,357,__builtin.input.<returnValue>.strip.lower,lower,12668,12683,2,,,,ANY
30064771888,CALL,1,,,v.lower() == vaccine.lower(),54,STATIC_DISPATCH,,357,<operator>.equals,<operator>.equals,12655,12683,1,,,,ANY
30064771889,CALL,-1,,,not v.lower() == vaccine.lower(),54,STATIC_DISPATCH,,357,<operator>.logicalNot,<operator>.logicalNot,12655,12683,1,,,,ANY
30064771890,CALL,2,,,"next((v for v in center[""vaccines""] if v.lower() == vaccine.lower()), None)",15,DYNAMIC_DISPATCH,,357,__builtin.next,next,12616,12691,2,,,,ANY
30064771891,CALL,-1,,,"matched = next((v for v in center[""vaccines""] if v.lower() == vaccine.lower()), None)",5,STATIC_DISPATCH,,357,<operator>.assignment,<operator>.assignment,12606,12691,12,,,,ANY
30064771892,CALL,-1,,,not matched,8,STATIC_DISPATCH,,358,<operator>.logicalNot,<operator>.logicalNot,12699,12710,1,,,,ANY
30064771893,CALL,-1,,,"print(""That vaccine is not available at this center."")",9,DYNAMIC_DISPATCH,,359,__builtin.print,print,12720,12774,1,,,,ANY
30064771894,CALL,2,,,{},25,STATIC_DISPATCH,,362,<operator>.dictLiteral,<operator>.dictLiteral,12815,12979,2,,,,ANY
30064771895,CALL,-1,,,tmp81 = {},25,STATIC_DISPATCH,,362,<operator>.assignment,<operator>.assignment,12815,12979,1,,,,ANY
30064771896,CALL,1,,,"tmp81[""user_id""]",25,STATIC_DISPATCH,,362,<operator>.indexAccess,<operator>.indexAccess,12815,12979,1,,,,ANY
30064771897,CALL,2,,,"user[""id""]",22,STATIC_DISPATCH,,363,<operator>.indexAccess,<operator>.indexAccess,12838,12848,2,,,,ANY
30064771898,CALL,-1,,,"tmp81[""user_id""] = user[""id""]",25,STATIC_DISPATCH,,362,<operator>.assignment,<operator>.assignment,12815,12979,2,,,,ANY
30064771899,CALL,1,,,"tmp81[""center_id""]",25,STATIC_DISPATCH,,362,<operator>.indexAccess,<operator>.indexAccess,12815,12979,1,,,,ANY
30064771900,CALL,-1,,,"tmp81[""center_id""] = center_id",25,STATIC_DISPATCH,,362,<operator>.assignment,<operator>.assignment,12815,12979,3,,,,ANY
30064771901,CALL,1,,,"tmp81[""vaccine""]",25,STATIC_DISPATCH,,362,<operator>.indexAccess,<operator>.indexAccess,12815,12979,1,,,,ANY
30064771902,CALL,-1,,,"tmp81[""vaccine""] = matched",25,STATIC_DISPATCH,,362,<operator>.assignment,<operator>.assignment,12815,12979,4,,,,ANY
30064771903,CALL,1,,,"tmp81[""date""]",25,STATIC_DISPATCH,,362,<operator>.indexAccess,<operator>.indexAccess,12815,12979,1,,,,ANY
30064771904,CALL,-1,,,"tmp81[""date""] = None",25,STATIC_DISPATCH,,362,<operator>.assignment,<operator>.assignment,12815,12979,5,,,,ANY
30064771905,CALL,-1,,,reservations.append,5,STATIC_DISPATCH,,362,<operator>.fieldAccess,<operator>.fieldAccess,12795,12980,0,,,,ANY
30064771906,CALL,-1,,,"reservations.append({""user_id"":user[""id""], ""center_id"":center_id, ""vaccine"":matched, ""date"":None})",5,DYNAMIC_DISPATCH,,362,json.py:<module>.load.<returnValue>.append,append,12795,12980,14,,,,ANY
30064771907,CALL,-1,,,"_save(RESERVATIONS_FILE, reservations)",5,DYNAMIC_DISPATCH,,368,Project.py:<module>._save,_save,12985,13023,15,,,,ANY
30064771908,CALL,-1,,,"print(""Reservation made! The admin will assign your date."")",5,DYNAMIC_DISPATCH,,369,__builtin.print,print,13028,13087,16,,,,ANY
30064771909,CALL,-1,,,reserve_vaccination = def reserve_vaccination(...),1,STATIC_DISPATCH,,332,<operator>.assignment,<operator>.assignment,11883,13090,43,,,,ANY
30064771910,CALL,2,,,_load(RESERVATIONS_FILE),20,DYNAMIC_DISPATCH,,374,Project.py:<module>._load,_load,13199,13223,2,,,,ANY
30064771911,CALL,-1,,,reservations = _load(RESERVATIONS_FILE),5,STATIC_DISPATCH,,374,<operator>.assignment,<operator>.assignment,13184,13223,2,,,,ANY
30064771912,CALL,2,,,<operator>.genExp,16,STATIC_DISPATCH,,375,<operator>.genExp,<operator>.genExp,13239,13294,2,,,,ANY
30064771913,CALL,-1,,,tmp82 = <operator>.genExp,16,STATIC_DISPATCH,,375,<operator>.assignment,<operator>.assignment,13239,13294,1,,,,ANY
30064771914,CALL,-1,,,tmp82.append,16,STATIC_DISPATCH,,375,<operator>.fieldAccess,<operator>.fieldAccess,13239,13294,0,,,,ANY
30064771915,CALL,-1,,,tmp82.append(r),16,DYNAMIC_DISPATCH,,375,<unknownFullName>,append,13239,13294,3,,,,ANY
30064771916,CALL,-1,,,reservations.__iter__,16,STATIC_DISPATCH,,375,<operator>.fieldAccess,<operator>.fieldAccess,13239,13294,0,,,,ANY
30064771917,CALL,2,,,reservations.__iter__(),16,DYNAMIC_DISPATCH,,375,json.py:<module>.load.<returnValue>.__iter__,__iter__,13239,13294,2,,,,ANY
30064771918,CALL,-1,,,tmp83 = reservations.__iter__(),16,STATIC_DISPATCH,,375,<operator>.assignment,<operator>.assignment,13239,13294,1,,,,ANY
30064771919,CALL,-1,,,tmp83.__next__,16,STATIC_DISPATCH,,375,<operator>.fieldAccess,<operator>.fieldAccess,13239,13294,0,,,,ANY
30064771920,CALL,2,,,tmp83.__next__(),16,DYNAMIC_DISPATCH,,375,json.py:<module>.load.<returnValue>.__iter__.<returnValue>.__next__,__next__,13239,13294,2,,,,ANY
30064771921,CALL,-1,,,r = tmp83.__next__(),16,STATIC_DISPATCH,,375,<operator>.assignment,<operator>.assignment,13239,13294,1,,,,ANY
30064771922,CALL,1,,,"r[""user_id""]",44,STATIC_DISPATCH,,375,<operator>.indexAccess,<operator>.indexAccess,13267,13279,1,,,,ANY
30064771923,CALL,2,,,"user[""id""]",60,STATIC_DISPATCH,,375,<operator>.indexAccess,<operator>.indexAccess,13283,13293,2,,,,ANY
30064771924,CALL,1,,,"r[""user_id""] == user[""id""]",44,STATIC_DISPATCH,,375,<operator>.equals,<operator>.equals,13267,13293,1,,,,ANY
30064771925,CALL,-1,,,"not r[""user_id""] == user[""id""]",44,STATIC_DISPATCH,,375,<operator>.logicalNot,<operator>.logicalNot,13267,13293,1,,,,ANY
30064771926,CALL,2,,,"next((r for r in reservations if r[""user_id""] == user[""id""]), None)",11,DYNAMIC_DISPATCH,,375,__builtin.next,next,13234,13301,2,,,,ANY
30064771927,CALL,-1,,,"res = next((r for r in reservations if r[""user_id""] == user[""id""]), None)",5,STATIC_DISPATCH,,375,<operator>.assignment,<operator>.assignment,13228,13301,3,,,,ANY
30064771928,CALL,-1,,,not res,8,STATIC_DISPATCH,,377,<operator>.logicalNot,<operator>.logicalNot,13310,13317,1,,,,ANY
30064771929,CALL,-1,,,"print(""You have no reservation yet."")",9,DYNAMIC_DISPATCH,,378,__builtin.print,print,13327,13364,1,,,,ANY
30064771930,CALL,-1,,,"res[""date""]",10,STATIC_DISPATCH,,379,<operator>.indexAccess,<operator>.indexAccess,13374,13385,1,,,,ANY
30064771931,CALL,2,,,_load(CENTERS_FILE),23,DYNAMIC_DISPATCH,,380,Project.py:<module>._load,_load,13409,13428,2,,,,ANY
30064771932,CALL,-1,,,centers = _load(CENTERS_FILE),9,STATIC_DISPATCH,,380,<operator>.assignment,<operator>.assignment,13395,13428,1,,,,ANY
30064771933,CALL,2,,,<operator>.genExp,13,STATIC_DISPATCH,,382,<operator>.genExp,<operator>.genExp,13469,13528,2,,,,ANY
30064771934,CALL,-1,,,tmp84 = <operator>.genExp,13,STATIC_DISPATCH,,382,<operator>.assignment,<operator>.assignment,13469,13528,1,,,,ANY
30064771935,CALL,1,,,"c[""name""]",14,STATIC_DISPATCH,,382,<operator>.indexAccess,<operator>.indexAccess,13470,13479,2,,,,ANY
30064771936,CALL,-1,,,tmp84.append,13,STATIC_DISPATCH,,382,<operator>.fieldAccess,<operator>.fieldAccess,13469,13528,0,,,,ANY
30064771937,CALL,-1,,,"tmp84.append(c[""name""])",13,DYNAMIC_DISPATCH,,382,<unknownFullName>,append,13469,13528,3,,,,ANY
30064771938,CALL,-1,,,centers.__iter__,13,STATIC_DISPATCH,,382,<operator>.fieldAccess,<operator>.fieldAccess,13469,13528,0,,,,ANY
30064771939,CALL,2,,,centers.__iter__(),13,DYNAMIC_DISPATCH,,382,json.py:<module>.load.<returnValue>.__iter__,__iter__,13469,13528,2,,,,ANY
30064771940,CALL,-1,,,tmp85 = centers.__iter__(),13,STATIC_DISPATCH,,382,<operator>.assignment,<operator>.assignment,13469,13528,1,,,,ANY
30064771941,CALL,-1,,,tmp85.__next__,13,STATIC_DISPATCH,,382,<operator>.fieldAccess,<operator>.fieldAccess,13469,13528,0,,,,ANY
30064771942,CALL,2,,,tmp85.__next__(),13,DYNAMIC_DISPATCH,,382,json.py:<module>.load.<returnValue>.__iter__.<returnValue>.__next__,__next__,13469,13528,2,,,,ANY
30064771943,CALL,-1,,,c = tmp85.__next__(),13,STATIC_DISPATCH,,382,<operator>.assignment,<operator>.assignment,13469,13528,1,,,,ANY
30064771944,CALL,1,,,"c[""id""]",44,STATIC_DISPATCH,,382,<operator>.indexAccess,<operator>.indexAccess,13500,13507,1,,,,ANY
30064771945,CALL,2,,,"res[""center_id""]",55,STATIC_DISPATCH,,382,<operator>.indexAccess,<operator>.indexAccess,13511,13527,2,,,,ANY
30064771946,CALL,1,,,"c[""id""] == res[""center_id""]",44,STATIC_DISPATCH,,382,<operator>.equals,<operator>.equals,13500,13527,1,,,,ANY
30064771947,CALL,-1,,,"not c[""id""] == res[""center_id""]",44,STATIC_DISPATCH,,382,<operator>.logicalNot,<operator>.logicalNot,13500,13527,1,,,,ANY
30064771948,CALL,2,,,"next((c[""name""] for c in centers if c[""id""] == res[""center_id""]), ""Unknown"")",23,DYNAMIC_DISPATCH,,381,__builtin.next,next,13451,13561,2,,,,ANY
30064771949,CALL,-1,,,"center_name = next((c[""name""] for c in centers if c[""id""] == res[""center_id""]), ""Unknown"")",9,STATIC_DISPATCH,,381,<operator>.assignment,<operator>.assignment,13437,13561,2,,,,ANY
30064771950,CALL,1,,,res['vaccine'],36,STATIC_DISPATCH,,385,<operator>.indexAccess,<operator>.indexAccess,13597,13611,1,,,,ANY
30064771951,CALL,2,,,{res['vaccine']},35,STATIC_DISPATCH,,385,<operator>.formattedValue,<operator>.formattedValue,13596,13612,2,,,,ANY
30064771952,CALL,4,,,{center_name},55,STATIC_DISPATCH,,385,<operator>.formattedValue,<operator>.formattedValue,13616,13629,4,,,,ANY
30064771953,CALL,1,,,"f""Your vaccination: {res['vaccine']} at {center_name} """,15,STATIC_DISPATCH,,385,<operator>.formatString,<operator>.formatString,13576,13631,1,,,,ANY
30064771954,CALL,1,,,res['date'],21,STATIC_DISPATCH,,386,<operator>.indexAccess,<operator>.indexAccess,13652,13663,1,,,,ANY
30064771955,CALL,2,,,{res['date']},20,STATIC_DISPATCH,,386,<operator>.formattedValue,<operator>.formattedValue,13651,13664,2,,,,ANY
30064771956,CALL,2,,,"f""on {res['date']}.""",15,STATIC_DISPATCH,,386,<operator>.formatString,<operator>.formatString,13646,13666,2,,,,ANY
30064771957,CALL,1,,,"f""Your vaccination: {res['vaccine']} at {center_name} "" f""on {res['date']}.""",15,STATIC_DISPATCH,,385,<operator>.stringExpressionList,<operator>.stringExpressionList,13576,13631,1,,,,ANY
30064771958,CALL,-1,,,"print(f""Your vaccination: {res['vaccine']} at {center_name} "" f""on {res['date']}."")",9,DYNAMIC_DISPATCH,,385,__builtin.print,print,13570,13667,3,,,,ANY
30064771959,CALL,-1,,,"print(""Your reservation is pending — the admin hasn't set a date yet."")",9,DYNAMIC_DISPATCH,,388,__builtin.print,print,13686,13757,1,,,,ANY
30064771960,CALL,-1,,,view_vaccination_date = def view_vaccination_date(...),1,STATIC_DISPATCH,,372,<operator>.assignment,<operator>.assignment,13090,13841,44,,,,ANY
30064771961,CALL,-1,,,"print(""\\n── Admin Menu ────────────────────────────────"")",9,DYNAMIC_DISPATCH,,394,__builtin.print,print,13883,13940,1,,,,ANY
30064771962,CALL,-1,,,"print(""1. Add / Remove a vaccination center"")",9,DYNAMIC_DISPATCH,,395,__builtin.print,print,13949,13994,2,,,,ANY
30064771963,CALL,-1,,,"print(""2. Search for a center by name"")",9,DYNAMIC_DISPATCH,,396,__builtin.print,print,14003,14042,3,,,,ANY
30064771964,CALL,-1,,,"print(""3. List all users and reservations"")",9,DYNAMIC_DISPATCH,,397,__builtin.print,print,14051,14094,4,,,,ANY
30064771965,CALL,-1,,,"print(""4. Accept a reservation and assign a date"")",9,DYNAMIC_DISPATCH,,398,__builtin.print,print,14103,14153,5,,,,ANY
30064771966,CALL,-1,,,"print(""5. Logout"")",9,DYNAMIC_DISPATCH,,399,__builtin.print,print,14162,14180,6,,,,ANY
30064771967,CALL,2,,,"input(""Choice (1-5): "")",18,DYNAMIC_DISPATCH,,400,__builtin.input,input,14198,14221,2,,,,ANY
30064771968,CALL,-1,,,"choice = input(""Choice (1-5): "")",9,STATIC_DISPATCH,,400,<operator>.assignment,<operator>.assignment,14189,14221,7,,,,ANY
30064771969,CALL,-1,,,"choice == ""1""",14,STATIC_DISPATCH,,402,<operator>.equals,<operator>.equals,14236,14248,1,,,,ANY
30064771970,CALL,-1,,,add_or_remove_center(),29,DYNAMIC_DISPATCH,,402,Project.py:<module>.add_or_remove_center,add_or_remove_center,14251,14273,1,,,,ANY
30064771971,CALL,-1,,,"choice == ""2""",14,STATIC_DISPATCH,,403,<operator>.equals,<operator>.equals,14287,14299,1,,,,ANY
30064771972,CALL,-1,,,search_center_by_name(),29,DYNAMIC_DISPATCH,,403,Project.py:<module>.search_center_by_name,search_center_by_name,14302,14325,1,,,,ANY
30064771973,CALL,-1,,,"choice == ""3""",14,STATIC_DISPATCH,,404,<operator>.equals,<operator>.equals,14339,14351,1,,,,ANY
30064771974,CALL,-1,,,list_users_and_reservations(),29,DYNAMIC_DISPATCH,,404,Project.py:<module>.list_users_and_reservations,list_users_and_reservations,14354,14383,1,,,,ANY
30064771975,CALL,-1,,,"choice == ""4""",14,STATIC_DISPATCH,,405,<operator>.equals,<operator>.equals,14397,14409,1,,,,ANY
30064771976,CALL,-1,,,accept_reservation(),29,DYNAMIC_DISPATCH,,405,Project.py:<module>.accept_reservation,accept_reservation,14412,14432,1,,,,ANY
30064771977,CALL,-1,,,"choice == ""5""",14,STATIC_DISPATCH,,406,<operator>.equals,<operator>.equals,14446,14458,1,,,,ANY
30064771978,CALL,-1,,,"print(""Logged out."")",13,DYNAMIC_DISPATCH,,407,__builtin.print,print,14473,14493,1,,,,ANY
30064771979,CALL,-1,,,"print(""Invalid choice."")",13,DYNAMIC_DISPATCH,,410,__builtin.print,print,14538,14562,1,,,,ANY
30064771980,CALL,-1,,,admin_menu = def admin_menu(...),1,STATIC_DISPATCH,,392,<operator>.assignment,<operator>.assignment,13841,14565,45,,,,ANY
30064771981,CALL,1,,,user['name'],34,STATIC_DISPATCH,,415,<operator>.indexAccess,<operator>.indexAccess,14635,14647,1,,,,ANY
30064771982,CALL,2,,,{user['name']},33,STATIC_DISPATCH,,415,<operator>.formattedValue,<operator>.formattedValue,14634,14648,2,,,,ANY
30064771983,CALL,1,,,"f""\\n── User Menu ({user['name']}) ────────────────────""",15,STATIC_DISPATCH,,415,<operator>.formatString,<operator>.formatString,14616,14671,1,,,,ANY
30064771984,CALL,-1,,,"print(f""\\n── User Menu ({user['name']}) ────────────────────"")",9,DYNAMIC_DISPATCH,,415,__builtin.print,print,14610,14672,1,,,,ANY
30064771985,CALL,-1,,,"print(""1. View vaccination centers"")",9,DYNAMIC_DISPATCH,,416,__builtin.print,print,14681,14717,2,,,,ANY
30064771986,CALL,-1,,,"print(""2. Reserve a vaccination"")",9,DYNAMIC_DISPATCH,,417,__builtin.print,print,14726,14759,3,,,,ANY
30064771987,CALL,-1,,,"print(""3. View my vaccination date"")",9,DYNAMIC_DISPATCH,,418,__builtin.print,print,14768,14804,4,,,,ANY
30064771988,CALL,-1,,,"print(""4. Logout"")",9,DYNAMIC_DISPATCH,,419,__builtin.print,print,14813,14831,5,,,,ANY
30064771989,CALL,2,,,"input(""Choice (1-4): "")",18,DYNAMIC_DISPATCH,,420,__builtin.input,input,14849,14872,2,,,,ANY
30064771990,CALL,-1,,,"choice = input(""Choice (1-4): "")",9,STATIC_DISPATCH,,420,<operator>.assignment,<operator>.assignment,14840,14872,6,,,,ANY
30064771991,CALL,-1,,,"choice == ""1""",14,STATIC_DISPATCH,,422,<operator>.equals,<operator>.equals,14887,14899,1,,,,ANY
30064771992,CALL,-1,,,view_centers(),29,DYNAMIC_DISPATCH,,422,Project.py:<module>.view_centers,view_centers,14902,14916,1,,,,ANY
30064771993,CALL,-1,,,"choice == ""2""",14,STATIC_DISPATCH,,423,<operator>.equals,<operator>.equals,14930,14942,1,,,,ANY
30064771994,CALL,-1,,,reserve_vaccination(user),29,DYNAMIC_DISPATCH,,423,Project.py:<module>.reserve_vaccination,reserve_vaccination,14945,14970,1,,,,ANY
30064771995,CALL,-1,,,"choice == ""3""",14,STATIC_DISPATCH,,424,<operator>.equals,<operator>.equals,14984,14996,1,,,,ANY
30064771996,CALL,-1,,,view_vaccination_date(user),29,DYNAMIC_DISPATCH,,424,Project.py:<module>.view_vaccination_date,view_vaccination_date,14999,15026,1,,,,ANY
30064771997,CALL,-1,,,"choice == ""4""",14,STATIC_DISPATCH,,425,<operator>.equals,<operator>.equals,15040,15052,1,,,,ANY
30064771998,CALL,-1,,,"print(""Logged out."")",13,DYNAMIC_DISPATCH,,426,__builtin.print,print,15067,15087,1,,,,ANY
30064771999,CALL,-1,,,"print(""Invalid choice."")",13,DYNAMIC_DISPATCH,,429,__builtin.print,print,15132,15156,1,,,,ANY
30064772000,CALL,-1,,,user_menu = def user_menu(...),1,STATIC_DISPATCH,,413,<operator>.assignment,<operator>.assignment,14565,15240,46,,,,ANY
30064772001,CALL,-1,,,init_data(),5,DYNAMIC_DISPATCH,,434,Project.py:<module>.init_data,init_data,15256,15267,1,,,,ANY
30064772002,CALL,-1,,,"print(""\\n══ Vaccination Scheduling System ══════════════"")",9,DYNAMIC_DISPATCH,,436,__builtin.print,print,15336,15394,1,,,,ANY
30064772003,CALL,-1,,,"print(""1. Register"")",9,DYNAMIC_DISPATCH,,437,__builtin.print,print,15403,15423,2,,,,ANY
30064772004,CALL,-1,,,"print(""2. Login as admin"")",9,DYNAMIC_DISPATCH,,438,__builtin.print,print,15432,15458,3,,,,ANY
30064772005,CALL,-1,,,"print(""3. Login as user"")",9,DYNAMIC_DISPATCH,,439,__builtin.print,print,15467,15492,4,,,,ANY
30064772006,CALL,-1,,,"print(""4. Exit"")",9,DYNAMIC_DISPATCH,,440,__builtin.print,print,15501,15517,5,,,,ANY
30064772007,CALL,2,,,"input(""Choice (1-4): "")",18,DYNAMIC_DISPATCH,,441,__builtin.input,input,15535,15558,2,,,,ANY
30064772008,CALL,-1,,,"choice = input(""Choice (1-4): "")",9,STATIC_DISPATCH,,441,<operator>.assignment,<operator>.assignment,15526,15558,6,,,,ANY
30064772009,CALL,-1,,,"choice == ""1""",12,STATIC_DISPATCH,,443,<operator>.equals,<operator>.equals,15571,15583,1,,,,ANY
30064772010,CALL,-1,,,register_user(),13,DYNAMIC_DISPATCH,,444,Project.py:<module>.register_user,register_user,15598,15613,1,,,,ANY
30064772011,CALL,-1,,,"choice == ""2""",14,STATIC_DISPATCH,,445,<operator>.equals,<operator>.equals,15627,15639,1,,,,ANY
30064772012,CALL,-1,,,login_admin(),16,DYNAMIC_DISPATCH,,446,Project.py:<module>.login_admin,login_admin,15657,15670,1,,,,__builtin.bool
30064772013,CALL,-1,,,admin_menu(),17,DYNAMIC_DISPATCH,,447,Project.py:<module>.admin_menu,admin_menu,15688,15700,1,,,,ANY
30064772014,CALL,-1,,,"choice == ""3""",14,STATIC_DISPATCH,,448,<operator>.equals,<operator>.equals,15714,15726,1,,,,ANY
30064772015,CALL,2,,,login_user(),20,DYNAMIC_DISPATCH,,449,Project.py:<module>.login_user,login_user,15748,15760,2,,,,ANY
30064772016,CALL,-1,,,user = login_user(),13,STATIC_DISPATCH,,449,<operator>.assignment,<operator>.assignment,15741,15760,1,,,,ANY
30064772017,CALL,-1,,,user_menu(user),17,DYNAMIC_DISPATCH,,451,Project.py:<module>.user_menu,user_menu,15798,15813,1,,,,ANY
30064772018,CALL,-1,,,"choice == ""4""",14,STATIC_DISPATCH,,452,<operator>.equals,<operator>.equals,15827,15839,1,,,,ANY
30064772019,CALL,-1,,,"print(""Goodbye!"")",13,DYNAMIC_DISPATCH,,453,__builtin.print,print,15854,15871,1,,,,ANY
30064772020,CALL,-1,,,"print(""Invalid choice."")",13,DYNAMIC_DISPATCH,,456,__builtin.print,print,15916,15940,1,,,,ANY
30064772021,CALL,-1,,,main = def main(...),1,STATIC_DISPATCH,,433,<operator>.assignment,<operator>.assignment,15240,15943,47,,,,ANY
30064772022,CALL,-1,,,"__name__ == ""__main__""",4,STATIC_DISPATCH,,459,<operator>.equals,<operator>.equals,15946,15967,1,,,,ANY
30064772023,CALL,-1,,,main(),5,DYNAMIC_DISPATCH,,460,Project.py:<module>.main,main,15974,15980,1,,,,ANY
30064772024,CALL,-1,,,print = __builtins__.print,1,STATIC_DISPATCH,,1,<operator>.assignment,<operator>.assignment,1,1,1,,,,ANY
30064772025,CALL,2,,,import ast,1,DYNAMIC_DISPATCH,,6,<unknownFullName>,import,124,134,2,,,,ANY
30064772026,CALL,-1,,,ast = import ast,1,STATIC_DISPATCH,,6,<operator>.assignment,<operator>.assignment,124,134,3,,,,ANY
30064772027,CALL,1,,,"""="" * 60",7,STATIC_DISPATCH,,11,<operator>.multiplication,<operator>.multiplication,386,394,1,,,,ANY
30064772028,CALL,-1,,,"print(""="" * 60)",1,DYNAMIC_DISPATCH,,11,__builtin.print,print,380,395,4,,,,ANY
30064772029,CALL,-1,,,"print(""EXAMPLE 1: Simple Expression (ID assignment)"")",1,DYNAMIC_DISPATCH,,12,__builtin.print,print,396,449,5,,,,ANY
30064772030,CALL,1,,,"""="" * 60",7,STATIC_DISPATCH,,13,<operator>.multiplication,<operator>.multiplication,456,464,1,,,,ANY
30064772031,CALL,-1,,,"print(""="" * 60)",1,DYNAMIC_DISPATCH,,13,__builtin.print,print,450,465,6,,,,ANY
30064772032,CALL,-1,,,"code1 = ""new_id = max_id + 1""",1,STATIC_DISPATCH,,14,<operator>.assignment,<operator>.assignment,466,494,7,,,,ANY
30064772033,CALL,-1,,,ast.parse,9,STATIC_DISPATCH,,15,<operator>.fieldAccess,<operator>.fieldAccess,504,520,0,,,,ANY
30064772034,CALL,2,,,ast.parse(code1),9,DYNAMIC_DISPATCH,,15,ast.py:<module>.parse,parse,504,520,2,,,,ANY
30064772035,CALL,-1,,,tree1 = ast.parse(code1),1,STATIC_DISPATCH,,15,<operator>.assignment,<operator>.assignment,496,520,8,,,,ANY
30064772036,CALL,-1,,,ast.dump,7,STATIC_DISPATCH,,16,<operator>.fieldAccess,<operator>.fieldAccess,527,552,0,,,,ANY
30064772037,CALL,1,,,"ast.dump(tree1, indent = 2)",7,DYNAMIC_DISPATCH,,16,ast.py:<module>.dump,dump,527,552,1,,,,ANY
30064772038,CALL,-1,,,"print(ast.dump(tree1, indent = 2))",1,DYNAMIC_DISPATCH,,16,__builtin.print,print,521,553,9,,,,ANY
30064772039,CALL,2,,,"""="" * 60",14,STATIC_DISPATCH,,22,<operator>.multiplication,<operator>.multiplication,749,757,2,,,,ANY
30064772040,CALL,1,,,"""\\n"" + ""="" * 60",7,STATIC_DISPATCH,,22,<operator>.addition,<operator>.addition,742,757,1,,,,ANY
30064772041,CALL,-1,,,"print(""\\n"" + ""="" * 60)",1,DYNAMIC_DISPATCH,,22,__builtin.print,print,736,758,10,,,,ANY
30064772042,CALL,-1,,,"print(""EXAMPLE 2: Loop and List (vaccine listing)"")",1,DYNAMIC_DISPATCH,,23,__builtin.print,print,759,810,11,,,,ANY
30064772043,CALL,1,,,"""="" * 60",7,STATIC_DISPATCH,,24,<operator>.multiplication,<operator>.multiplication,817,825,1,,,,ANY
30064772044,CALL,-1,,,"print(""="" * 60)",1,DYNAMIC_DISPATCH,,24,__builtin.print,print,811,826,12,,,,ANY
30064772045,CALL,-1,,,"code2 = """"""
vaccines = [""Pfizer"", ""Moderna""]
name = ""Center A""
for v in vaccines:
    print(""{} offers {}"".format(name, v))
""""""",1,STATIC_DISPATCH,,25,<operator>.assignment,<operator>.assignment,827,951,13,,,,ANY
30064772046,CALL,-1,,,ast.parse,9,STATIC_DISPATCH,,31,<operator>.fieldAccess,<operator>.fieldAccess,963,979,0,,,,ANY
30064772047,CALL,2,,,ast.parse(code2),9,DYNAMIC_DISPATCH,,31,ast.py:<module>.parse,parse,963,979,2,,,,ANY
30064772048,CALL,-1,,,tree2 = ast.parse(code2),1,STATIC_DISPATCH,,31,<operator>.assignment,<operator>.assignment,955,979,14,,,,ANY
30064772049,CALL,-1,,,ast.dump,7,STATIC_DISPATCH,,32,<operator>.fieldAccess,<operator>.fieldAccess,986,1011,0,,,,ANY
30064772050,CALL,1,,,"ast.dump(tree2, indent = 2)",7,DYNAMIC_DISPATCH,,32,ast.py:<module>.dump,dump,986,1011,1,,,,ANY
30064772051,CALL,-1,,,"print(ast.dump(tree2, indent = 2))",1,DYNAMIC_DISPATCH,,32,__builtin.print,print,980,1012,15,,,,ANY
30064772052,CALL,2,,,"""="" * 60",14,STATIC_DISPATCH,,37,<operator>.multiplication,<operator>.multiplication,1153,1161,2,,,,ANY
30064772053,CALL,1,,,"""\\n"" + ""="" * 60",7,STATIC_DISPATCH,,37,<operator>.addition,<operator>.addition,1146,1161,1,,,,ANY
30064772054,CALL,-1,,,"print(""\\n"" + ""="" * 60)",1,DYNAMIC_DISPATCH,,37,__builtin.print,print,1140,1162,16,,,,ANY
30064772055,CALL,-1,,,"print(""EXAMPLE 3: Function Definition (_hash from Project.py)"")",1,DYNAMIC_DISPATCH,,38,__builtin.print,print,1163,1226,17,,,,ANY
30064772056,CALL,1,,,"""="" * 60",7,STATIC_DISPATCH,,39,<operator>.multiplication,<operator>.multiplication,1233,1241,1,,,,ANY
30064772057,CALL,-1,,,"print(""="" * 60)",1,DYNAMIC_DISPATCH,,39,__builtin.print,print,1227,1242,18,,,,ANY
30064772058,CALL,-1,,,"code3 = """"""
def _hash(password, salt):
    return hashlib.sha256((password + salt).encode()).hexdigest()

hashed = _hash(""mypassword"", ""somesalt"")
print(hashed)
""""""",1,STATIC_DISPATCH,,40,<operator>.assignment,<operator>.assignment,1243,1404,19,,,,ANY
30064772059,CALL,-1,,,ast.parse,9,STATIC_DISPATCH,,47,<operator>.fieldAccess,<operator>.fieldAccess,1416,1432,0,,,,ANY
30064772060,CALL,2,,,ast.parse(code3),9,DYNAMIC_DISPATCH,,47,ast.py:<module>.parse,parse,1416,1432,2,,,,ANY
30064772061,CALL,-1,,,tree3 = ast.parse(code3),1,STATIC_DISPATCH,,47,<operator>.assignment,<operator>.assignment,1408,1432,20,,,,ANY
30064772062,CALL,-1,,,ast.dump,7,STATIC_DISPATCH,,48,<operator>.fieldAccess,<operator>.fieldAccess,1439,1464,0,,,,ANY
30064772063,CALL,1,,,"ast.dump(tree3, indent = 2)",7,DYNAMIC_DISPATCH,,48,ast.py:<module>.dump,dump,1439,1464,1,,,,ANY
30064772064,CALL,-1,,,"print(ast.dump(tree3, indent = 2))",1,DYNAMIC_DISPATCH,,48,__builtin.print,print,1433,1465,21,,,,ANY
30064772065,CALL,-1,,,len = __builtins__.len,1,STATIC_DISPATCH,,1,<operator>.assignment,<operator>.assignment,1,1,1,,,,ANY
30064772066,CALL,-1,,,print = __builtins__.print,1,STATIC_DISPATCH,,1,<operator>.assignment,<operator>.assignment,1,1,2,,,,ANY
30064772067,CALL,-1,,,range = __builtins__.range,1,STATIC_DISPATCH,,1,<operator>.assignment,<operator>.assignment,1,1,3,,,,ANY
30064772068,CALL,-1,,,range = __builtins__.range,1,STATIC_DISPATCH,,1,<operator>.assignment,<operator>.assignment,1,1,4,,,,ANY
30064772069,CALL,-1,,,str = __builtins__.str,1,STATIC_DISPATCH,,1,<operator>.assignment,<operator>.assignment,1,1,5,,,,ANY
30064772070,CALL,2,,,"from Project import _hash, _valid_email, _valid_phone, _valid_national_id",1,DYNAMIC_DISPATCH,,8,<unknownFullName>,import,253,326,2,,,,ANY
30064772071,CALL,-1,,,"_hash = from Project import _hash, _valid_email, _valid_phone, _valid_national_id",1,STATIC_DISPATCH,,8,<operator>.assignment,<operator>.assignment,253,326,1,,,,ANY
30064772072,CALL,2,,,"from Project import _hash, _valid_email, _valid_phone, _valid_national_id",1,DYNAMIC_DISPATCH,,8,<unknownFullName>,import,253,326,2,,,,ANY
30064772073,CALL,-1,,,"_valid_email = from Project import _hash, _valid_email, _valid_phone, _valid_national_id",1,STATIC_DISPATCH,,8,<operator>.assignment,<operator>.assignment,253,326,2,,,,ANY
30064772074,CALL,2,,,"from Project import _hash, _valid_email, _valid_phone, _valid_national_id",1,DYNAMIC_DISPATCH,,8,<unknownFullName>,import,253,326,2,,,,ANY
30064772075,CALL,-1,,,"_valid_phone = from Project import _hash, _valid_email, _valid_phone, _valid_national_id",1,STATIC_DISPATCH,,8,<operator>.assignment,<operator>.assignment,253,326,3,,,,ANY
30064772076,CALL,2,,,"from Project import _hash, _valid_email, _valid_phone, _valid_national_id",1,DYNAMIC_DISPATCH,,8,<unknownFullName>,import,253,326,2,,,,ANY
30064772077,CALL,-1,,,"_valid_national_id = from Project import _hash, _valid_email, _valid_phone, _valid_national_id",1,STATIC_DISPATCH,,8,<operator>.assignment,<operator>.assignment,253,326,4,,,,ANY
30064772078,CALL,2,,,[],13,STATIC_DISPATCH,,13,<operator>.listLiteral,<operator>.listLiteral,443,445,2,,,,ANY
30064772079,CALL,-1,,,users = [],5,STATIC_DISPATCH,,13,<operator>.assignment,<operator>.assignment,435,445,2,,,,ANY
30064772080,CALL,2,,,{i},23,STATIC_DISPATCH,,15,<operator>.formattedValue,<operator>.formattedValue,491,494,2,,,,ANY
30064772081,CALL,2,,,"f""user{i}@example.com""",17,STATIC_DISPATCH,,15,<operator>.formatString,<operator>.formatString,485,507,2,,,,ANY
30064772082,CALL,-1,,,"email = f""user{i}@example.com""",9,STATIC_DISPATCH,,15,<operator>.assignment,<operator>.assignment,477,507,2,,,,ANY
30064772083,CALL,1,,,i % 10000000,25,STATIC_DISPATCH,,16,<operator>.modulo,<operator>.modulo,532,544,1,,,,ANY
30064772084,CALL,2,,,{i % 10000000:07d},24,STATIC_DISPATCH,,16,<operator>.formattedValue,<operator>.formattedValue,531,549,2,,,,ANY
30064772085,CALL,2,,,"f""+2010{i % 10000000:07d}""",17,STATIC_DISPATCH,,16,<operator>.formatString,<operator>.formatString,524,550,2,,,,ANY
30064772086,CALL,-1,,,"phone = f""+2010{i % 10000000:07d}""",9,STATIC_DISPATCH,,16,<operator>.assignment,<operator>.assignment,516,550,3,,,,ANY
30064772087,CALL,1,,,10000000000000 + i,27,STATIC_DISPATCH,,17,<operator>.addition,<operator>.addition,577,595,1,,,,ANY
30064772088,CALL,2,,,str(10000000000000 + i),23,DYNAMIC_DISPATCH,,17,__builtin.str<meta>,str,573,596,2,,,,ANY
30064772089,CALL,-1,,,national_id = str(10000000000000 + i),9,STATIC_DISPATCH,,17,<operator>.assignment,<operator>.assignment,559,596,4,,,,ANY
30064772090,CALL,2,,,{i},30,STATIC_DISPATCH,,18,<operator>.formattedValue,<operator>.formattedValue,626,629,2,,,,ANY
30064772091,CALL,2,,,"f""password{i}""",20,STATIC_DISPATCH,,18,<operator>.formatString,<operator>.formatString,616,630,2,,,,ANY
30064772092,CALL,-1,,,"password = f""password{i}""",9,STATIC_DISPATCH,,18,<operator>.assignment,<operator>.assignment,605,630,5,,,,ANY
30064772093,CALL,1,,,_valid_email(email),12,DYNAMIC_DISPATCH,,20,Project.py:<module>._valid_email,_valid_email,643,662,1,,,,ANY
30064772094,CALL,2,,,_valid_phone(phone),36,DYNAMIC_DISPATCH,,20,Project.py:<module>._valid_phone,_valid_phone,667,686,2,,,,ANY
30064772095,CALL,3,,,_valid_national_id(national_id),60,DYNAMIC_DISPATCH,,20,Project.py:<module>._valid_national_id,_valid_national_id,691,722,3,,,,ANY
30064772096,CALL,-1,,,_valid_email(email) and _valid_phone(phone) and _valid_national_id(national_id),12,STATIC_DISPATCH,,20,<operator>.logicalAnd,<operator>.logicalAnd,643,722,1,,,,ANY
30064772097,CALL,2,,,"_hash(password, ""demo_salt"")",22,DYNAMIC_DISPATCH,,21,Project.py:<module>._hash,_hash,745,773,2,,,,ANY
30064772098,CALL,-1,,,"hashed = _hash(password, ""demo_salt"")",13,STATIC_DISPATCH,,21,<operator>.assignment,<operator>.assignment,736,773,1,,,,ANY
30064772099,CALL,2,,,{},26,STATIC_DISPATCH,,22,<operator>.dictLiteral,<operator>.dictLiteral,799,983,2,,,,ANY
30064772100,CALL,-1,,,tmp0 = {},26,STATIC_DISPATCH,,22,<operator>.assignment,<operator>.assignment,799,983,1,,,,ANY
30064772101,CALL,1,,,"tmp0[""id""]",26,STATIC_DISPATCH,,22,<operator>.indexAccess,<operator>.indexAccess,799,983,1,,,,ANY
30064772102,CALL,-1,,,"tmp0[""id""] = i",26,STATIC_DISPATCH,,22,<operator>.assignment,<operator>.assignment,799,983,2,,,,ANY
30064772103,CALL,1,,,"tmp0[""email""]",26,STATIC_DISPATCH,,22,<operator>.indexAccess,<operator>.indexAccess,799,983,1,,,,ANY
30064772104,CALL,-1,,,"tmp0[""email""] = email",26,STATIC_DISPATCH,,22,<operator>.assignment,<operator>.assignment,799,983,3,,,,ANY
30064772105,CALL,1,,,"tmp0[""phone""]",26,STATIC_DISPATCH,,22,<operator>.indexAccess,<operator>.indexAccess,799,983,1,,,,ANY
30064772106,CALL,-1,,,"tmp0[""phone""] = phone",26,STATIC_DISPATCH,,22,<operator>.assignment,<operator>.assignment,799,983,4,,,,ANY
30064772107,CALL,1,,,"tmp0[""national_id""]",26,STATIC_DISPATCH,,22,<operator>.indexAccess,<operator>.indexAccess,799,983,1,,,,ANY
30064772108,CALL,-1,,,"tmp0[""national_id""] = national_id",26,STATIC_DISPATCH,,22,<operator>.assignment,<operator>.assignment,799,983,5,,,,ANY
30064772109,CALL,1,,,"tmp0[""password""]",26,STATIC_DISPATCH,,22,<operator>.indexAccess,<operator>.indexAccess,799,983,1,,,,ANY
30064772110,CALL,-1,,,"tmp0[""password""] = hashed",26,STATIC_DISPATCH,,22,<operator>.assignment,<operator>.assignment,799,983,6,,,,ANY
30064772111,CALL,-1,,,users.append,13,STATIC_DISPATCH,,22,<operator>.fieldAccess,<operator>.fieldAccess,786,984,0,,,,ANY
30064772112,CALL,-1,,,"users.append({""id"":i, ""email"":email, ""phone"":phone, ""national_id"":national_id, ""password"":hashed})",13,DYNAMIC_DISPATCH,scalene_demo.py:<module>.generate_bulk_users.<returnValue>.append,22,__builtin.list.append,append,786,984,2,,,,ANY
30064772113,CALL,2,,,range(n),14,DYNAMIC_DISPATCH,__builtin.range;__builtin.range<meta>,14,<unknownFullName>,range,459,467,2,,,,ANY
30064772114,CALL,-1,,,tmp2 = range(n),5,STATIC_DISPATCH,,14,<operator>.assignment,<operator>.assignment,450,989,1,,,,ANY
30064772115,CALL,-1,,,tmp2.__iter__,5,STATIC_DISPATCH,,14,<operator>.fieldAccess,<operator>.fieldAccess,450,989,0,,,,ANY
30064772116,CALL,-1,,,tmp2.__iter__(),5,DYNAMIC_DISPATCH,__builtin.range.<returnValue>.__iter__;__builtin.range<meta>.<returnValue>.__iter__,14,<unknownFullName>,__iter__,450,989,2,,,,ANY
30064772117,CALL,-1,,,"tmp1 = tmp2 = range(n)
tmp2.__iter__()",5,STATIC_DISPATCH,,14,<operator>.assignment,<operator>.assignment,450,989,1,,,,ANY
30064772118,CALL,-1,,,tmp1.__next__,5,STATIC_DISPATCH,,14,<operator>.fieldAccess,<operator>.fieldAccess,450,989,0,,,,ANY
30064772119,CALL,2,,,tmp1.__next__(),5,DYNAMIC_DISPATCH,__builtin.range.<returnValue>.__iter__.__next__;__builtin.range<meta>.<returnValue>.__iter__.__next__,14,<unknownFullName>,__next__,450,989,2,,,,ANY
30064772120,CALL,-1,,,i = tmp1.__next__(),5,STATIC_DISPATCH,,14,<operator>.assignment,<operator>.assignment,450,989,1,,,,ANY
30064772121,CALL,-1,,,generate_bulk_users = def generate_bulk_users(...),1,STATIC_DISPATCH,,11,<operator>.assignment,<operator>.assignment,329,1004,8,,,,ANY
30064772122,CALL,2,,,[],12,STATIC_DISPATCH,,34,<operator>.listLiteral,<operator>.listLiteral,1110,1148,2,,,,ANY
30064772123,CALL,-1,,,tmp3 = [],12,STATIC_DISPATCH,,34,<operator>.assignment,<operator>.assignment,1110,1148,1,,,,ANY
30064772124,CALL,2,,,"u[""password""]",13,STATIC_DISPATCH,,34,<operator>.indexAccess,<operator>.indexAccess,1111,1124,2,,,,ANY
30064772125,CALL,-1,,,"tmp4 = u[""password""]",13,STATIC_DISPATCH,,34,<operator>.assignment,<operator>.assignment,1111,1132,1,,,,ANY
30064772126,CALL,-1,,,tmp4.upper,13,STATIC_DISPATCH,,34,<operator>.fieldAccess,<operator>.fieldAccess,1111,1132,0,,,,ANY
30064772127,CALL,-1,,,"u[""password""].upper()",13,DYNAMIC_DISPATCH,__builtin.list.__iter__.<returnValue>.__next__.<returnValue>.<indexAccess>.upper;scalene_demo.py:<module>.generate_bulk_users.<returnValue>.__iter__.<returnValue>.__next__.<returnValue>.<indexAccess>.upper,34,<unknownFullName>,upper,1111,1132,2,,,,ANY
30064772128,CALL,-1,,,tmp3.append,12,STATIC_DISPATCH,,34,<operator>.fieldAccess,<operator>.fieldAccess,1110,1148,0,,,,ANY
30064772129,CALL,-1,,,"tmp3.append(tmp4 = u[""password""]
u[""password""].upper())",12,DYNAMIC_DISPATCH,,34,__builtin.list.append,append,1110,1148,2,,,,ANY
30064772130,CALL,-1,,,users.__iter__,12,STATIC_DISPATCH,,34,<operator>.fieldAccess,<operator>.fieldAccess,1110,1148,0,,,,ANY
30064772131,CALL,2,,,users.__iter__(),12,DYNAMIC_DISPATCH,scalene_demo.py:<module>.generate_bulk_users.<returnValue>.__iter__,34,__builtin.list.__iter__,__iter__,1110,1148,2,,,,ANY
30064772132,CALL,-1,,,tmp5 = users.__iter__(),12,STATIC_DISPATCH,,34,<operator>.assignment,<operator>.assignment,1110,1148,1,,,,ANY
30064772133,CALL,-1,,,tmp5.__next__,12,STATIC_DISPATCH,,34,<operator>.fieldAccess,<operator>.fieldAccess,1110,1148,0,,,,ANY
30064772134,CALL,2,,,tmp5.__next__(),12,DYNAMIC_DISPATCH,__builtin.list.__iter__.<returnValue>.__next__;scalene_demo.py:<module>.generate_bulk_users.<returnValue>.__iter__.<returnValue>.__next__,34,<unknownFullName>,__next__,1110,1148,2,,,,ANY
30064772135,CALL,-1,,,u = tmp5.__next__(),12,STATIC_DISPATCH,,34,<operator>.assignment,<operator>.assignment,1110,1148,1,,,,ANY
30064772136,CALL,-1,,,process_users = def process_users(...),1,STATIC_DISPATCH,,32,<operator>.assignment,<operator>.assignment,1004,1151,9,,,,ANY
30064772137,CALL,1,,,len(users),12,DYNAMIC_DISPATCH,,39,__builtin.len,len,1270,1280,1,,,,ANY
30064772138,CALL,-1,,,calculate_stats = def calculate_stats(...),1,STATIC_DISPATCH,,37,<operator>.assignment,<operator>.assignment,1151,1283,10,,,,ANY
30064772139,CALL,2,,,generate_bulk_users(200000),9,DYNAMIC_DISPATCH,,42,scalene_demo.py:<module>.generate_bulk_users,generate_bulk_users,1291,1318,2,,,,__builtin.list
30064772140,CALL,-1,,,users = generate_bulk_users(200000),1,STATIC_DISPATCH,,42,<operator>.assignment,<operator>.assignment,1283,1318,11,,,,ANY
30064772141,CALL,2,,,process_users(users),13,DYNAMIC_DISPATCH,,43,scalene_demo.py:<module>.process_users,process_users,1331,1351,2,,,,ANY
30064772142,CALL,-1,,,processed = process_users(users),1,STATIC_DISPATCH,,43,<operator>.assignment,<operator>.assignment,1319,1351,12,,,,ANY
30064772143,CALL,2,,,calculate_stats(users),9,DYNAMIC_DISPATCH,,44,scalene_demo.py:<module>.calculate_stats,calculate_stats,1360,1382,2,,,,ANY
30064772144,CALL,-1,,,total = calculate_stats(users),1,STATIC_DISPATCH,,44,<operator>.assignment,<operator>.assignment,1352,1382,13,,,,ANY
30064772145,CALL,2,,,{total},32,STATIC_DISPATCH,,46,<operator>.formattedValue,<operator>.formattedValue,1415,1422,2,,,,ANY
30064772146,CALL,1,,,"f""Total users generated: {total}""",7,STATIC_DISPATCH,,46,<operator>.formatString,<operator>.formatString,1390,1423,1,,,,ANY
30064772147,CALL,-1,,,"print(f""Total users generated: {total}"")",1,DYNAMIC_DISPATCH,,46,__builtin.print,print,1384,1424,14,,,,ANY
30064772148,CALL,1,,,processed[0],33,STATIC_DISPATCH,,47,<operator>.indexAccess,<operator>.indexAccess,1457,1469,1,,,,ANY
30064772149,CALL,2,,,{processed[0]},32,STATIC_DISPATCH,,47,<operator>.formattedValue,<operator>.formattedValue,1456,1470,2,,,,ANY
30064772150,CALL,1,,,"f""Sample processed hash: {processed[0]}""",7,STATIC_DISPATCH,,47,<operator>.formatString,<operator>.formatString,1431,1471,1,,,,ANY
30064772151,CALL,-1,,,"print(f""Sample processed hash: {processed[0]}"")",1,DYNAMIC_DISPATCH,,47,__builtin.print,print,1425,1472,15,,,,ANY
30064772152,CALL,-1,,,print = __builtins__.print,1,STATIC_DISPATCH,,1,<operator>.assignment,<operator>.assignment,1,1,1,,,,ANY
30064772153,CALL,2,,,import os,1,DYNAMIC_DISPATCH,,7,<unknownFullName>,import,169,178,2,,,,ANY
30064772154,CALL,-1,,,os = import os,1,STATIC_DISPATCH,,7,<operator>.assignment,<operator>.assignment,169,178,3,,,,ANY
30064772155,CALL,2,,,import sys,1,DYNAMIC_DISPATCH,,8,<unknownFullName>,import,179,189,2,,,,ANY
30064772156,CALL,-1,,,sys = import sys,1,STATIC_DISPATCH,,8,<operator>.assignment,<operator>.assignment,179,189,4,,,,ANY
30064772157,CALL,2,,,"from Project import _valid_email, _hash",1,DYNAMIC_DISPATCH,,9,<unknownFullName>,import,190,229,2,,,,ANY
30064772158,CALL,-1,,,"_valid_email = from Project import _valid_email, _hash",1,STATIC_DISPATCH,,9,<operator>.assignment,<operator>.assignment,190,229,1,,,,ANY
30064772159,CALL,2,,,"from Project import _valid_email, _hash",1,DYNAMIC_DISPATCH,,9,<unknownFullName>,import,190,229,2,,,,ANY
30064772160,CALL,-1,,,"_hash = from Project import _valid_email, _hash",1,STATIC_DISPATCH,,9,<operator>.assignment,<operator>.assignment,190,229,2,,,,ANY
30064772161,CALL,2,,,os.path,5,STATIC_DISPATCH,,14,<operator>.fieldAccess,<operator>.fieldAccess,376,383,2,,,,ANY
30064772162,CALL,-1,,,tmp0 = os.path,5,STATIC_DISPATCH,,14,<operator>.assignment,<operator>.assignment,376,405,1,,,,ANY
30064772163,CALL,-1,,,tmp0.abspath,5,STATIC_DISPATCH,,14,<operator>.fieldAccess,<operator>.fieldAccess,376,405,0,,,,ANY
30064772164,CALL,-1,,,"os.path.abspath(""Project.py"")",5,DYNAMIC_DISPATCH,,14,os.py:<module>.<member>(path).abspath,abspath,376,405,2,,,,ANY
30064772165,CALL,2,,,os.path,5,STATIC_DISPATCH,,15,<operator>.fieldAccess,<operator>.fieldAccess,411,418,2,,,,ANY
30064772166,CALL,-1,,,tmp1 = os.path,5,STATIC_DISPATCH,,15,<operator>.assignment,<operator>.assignment,411,436,1,,,,ANY
30064772167,CALL,-1,,,tmp1.abspath,5,STATIC_DISPATCH,,15,<operator>.fieldAccess,<operator>.fieldAccess,411,436,0,,,,ANY
30064772168,CALL,-1,,,os.path.abspath(__file__),5,DYNAMIC_DISPATCH,,15,os.py:<module>.<member>(path).abspath,abspath,411,436,2,,,,ANY
30064772169,CALL,2,,,"{tmp0 = os.path
os.path.abspath(""Project.py""), tmp1 = os.path
os.path.abspath(__file__)}",13,STATIC_DISPATCH,,13,<operator>.setLiteral,<operator>.setLiteral,370,439,2,,,,ANY
30064772170,CALL,-1,,,"OWN_FILES = {tmp0 = os.path
os.path.abspath(""Project.py""), tmp1 = os.path
os.path.abspath(__file__)}",1,STATIC_DISPATCH,,13,<operator>.assignment,<operator>.assignment,358,439,6,,,,ANY
30064772171,CALL,2,,,frame.f_code,12,STATIC_DISPATCH,,20,<operator>.fieldAccess,<operator>.fieldAccess,492,504,2,,,,ANY
30064772172,CALL,-1,,,code = frame.f_code,5,STATIC_DISPATCH,,20,<operator>.assignment,<operator>.assignment,485,504,1,,,,ANY
30064772173,CALL,1,,,code.co_filename,24,STATIC_DISPATCH,,21,<operator>.fieldAccess,<operator>.fieldAccess,528,544,2,,,,ANY
30064772174,CALL,2,,,os.path,8,STATIC_DISPATCH,,21,<operator>.fieldAccess,<operator>.fieldAccess,512,519,2,,,,ANY
30064772175,CALL,-1,,,tmp2 = os.path,8,STATIC_DISPATCH,,21,<operator>.assignment,<operator>.assignment,512,545,1,,,,ANY
30064772176,CALL,-1,,,tmp2.abspath,8,STATIC_DISPATCH,,21,<operator>.fieldAccess,<operator>.fieldAccess,512,545,0,,,,ANY
30064772177,CALL,-1,,,os.path.abspath(code.co_filename),8,DYNAMIC_DISPATCH,,21,os.py:<module>.<member>(path).abspath,abspath,512,545,2,,,,ANY
30064772178,CALL,-1,,,"tmp2 = os.path
os.path.abspath(code.co_filename) not in OWN_FILES",8,STATIC_DISPATCH,,21,<operator>.notIn,<operator>.notIn,512,562,1,,,,ANY
30064772179,CALL,2,,,code.co_name,17,STATIC_DISPATCH,,23,<operator>.fieldAccess,<operator>.fieldAccess,647,659,2,,,,ANY
30064772180,CALL,-1,,,func_name = code.co_name,5,STATIC_DISPATCH,,23,<operator>.assignment,<operator>.assignment,635,659,3,,,,ANY
30064772181,CALL,2,,,frame.f_lineno,15,STATIC_DISPATCH,,24,<operator>.fieldAccess,<operator>.fieldAccess,674,688,2,,,,ANY
30064772182,CALL,-1,,,line_no = frame.f_lineno,5,STATIC_DISPATCH,,24,<operator>.assignment,<operator>.assignment,664,688,4,,,,ANY
30064772183,CALL,2,,,{event},15,STATIC_DISPATCH,,25,<operator>.formattedValue,<operator>.formattedValue,703,710,2,,,,ANY
30064772184,CALL,4,,,{func_name},44,STATIC_DISPATCH,,25,<operator>.formattedValue,<operator>.formattedValue,732,743,4,,,,ANY
30064772185,CALL,6,,,{line_no},73,STATIC_DISPATCH,,25,<operator>.formattedValue,<operator>.formattedValue,761,770,6,,,,ANY
30064772186,CALL,1,,,"f""A {event} event encountered in {func_name}() at line number {line_no}""",11,STATIC_DISPATCH,,25,<operator>.formatString,<operator>.formatString,699,771,1,,,,ANY
30064772187,CALL,-1,,,"print(f""A {event} event encountered in {func_name}() at line number {line_no}"")",5,DYNAMIC_DISPATCH,,25,__builtin.print,print,693,772,5,,,,ANY
30064772188,CALL,-1,,,my_tracer = def my_tracer(...),1,STATIC_DISPATCH,,19,<operator>.assignment,<operator>.assignment,442,796,7,,,,ANY
30064772189,CALL,2,,,_valid_email(email),16,DYNAMIC_DISPATCH,,31,Project.py:<module>._valid_email,_valid_email,929,948,2,,,,ANY
30064772190,CALL,-1,,,is_valid = _valid_email(email),5,STATIC_DISPATCH,,31,<operator>.assignment,<operator>.assignment,918,948,2,,,,ANY
30064772191,CALL,2,,,"_hash(password, ""demo_salt"")",23,DYNAMIC_DISPATCH,,32,Project.py:<module>._hash,_hash,971,999,2,,,,ANY
30064772192,CALL,-1,,,"hashed_password = _hash(password, ""demo_salt"")",5,STATIC_DISPATCH,,32,<operator>.assignment,<operator>.assignment,953,999,3,,,,ANY
30064772193,CALL,1,,,"(is_valid, hashed_password)",12,STATIC_DISPATCH,,33,<operator>.tupleLiteral,<operator>.tupleLiteral,1011,1036,1,,,,ANY
30064772194,CALL,-1,,,check_registration = def check_registration(...),1,STATIC_DISPATCH,,29,<operator>.assignment,<operator>.assignment,796,1039,8,,,,ANY
30064772195,CALL,-1,,,sys.settrace,1,STATIC_DISPATCH,,36,<operator>.fieldAccess,<operator>.fieldAccess,1039,1062,0,,,,ANY
30064772196,CALL,-1,,,sys.settrace(my_tracer),1,DYNAMIC_DISPATCH,,36,sys.py:<module>.settrace,settrace,1039,1062,9,,,,ANY
30064772197,CALL,2,,,"check_registration(""student@iut-dhaka.edu"", ""mypassword123"")",10,DYNAMIC_DISPATCH,,37,trace_demo.py:<module>.check_registration,check_registration,1089,1149,2,,,,ANY
30064772198,CALL,-1,,,"result = check_registration(""student@iut-dhaka.edu"", ""mypassword123"")",1,STATIC_DISPATCH,,37,<operator>.assignment,<operator>.assignment,1080,1149,10,,,,ANY
30064772199,CALL,-1,,,sys.settrace,1,STATIC_DISPATCH,,38,<operator>.fieldAccess,<operator>.fieldAccess,1150,1168,0,,,,ANY
30064772200,CALL,-1,,,sys.settrace(None),1,DYNAMIC_DISPATCH,,38,sys.py:<module>.settrace,settrace,1150,1168,11,,,,ANY
30064772201,CALL,-1,,,"print(""\\nResult:"", result)",1,DYNAMIC_DISPATCH,,40,__builtin.print,print,1191,1217,12,,,,ANY
